station_key,station_id,timestamp_utc,timestamp_austin,source_timestamp_local_standard,report_type,precipitation,precipitation_raw,rain_flag,present_weather,visibility,temperature,relative_humidity,wind_speed
bergstrom,USW00013904,2021-07-01T05:53:00+00:00,2021-07-01T00:53:00-05:00,2021-06-30T23:53:00,FM-15,0.0,0.0,0,,16.093,22.8,100.0,0.0
bergstrom,USW00013904,2021-07-01T06:53:00+00:00,2021-07-01T01:53:00-05:00,2021-07-01T00:53:00,FM-15,0.0,0.0,0,,16.093,22.2,100.0,0.0
bergstrom,USW00013904,2021-07-01T07:53:00+00:00,2021-07-01T02:53:00-05:00,2021-07-01T01:53:00,FM-15,0.0,0.0,0,,16.093,21.7,100.0,0.0
bergstrom,USW00013904,2021-07-01T08:53:00+00:00,2021-07-01T03:53:00-05:00,2021-07-01T02:53:00,FM-15,0.0,0.0,0,,16.093,21.7,100.0,0.0
bergstrom,USW00013904,2021-07-01T09:53:00+00:00,2021-07-01T04:53:00-05:00,2021-07-01T03:53:00,FM-15,0.0,0.0,0,,16.093,21.7,100.0,0.0
bergstrom,USW00013904,2021-07-01T10:53:00+00:00,2021-07-01T05:53:00-05:00,2021-07-01T04:53:00,FM-15,0.0,0.0,0,,16.093,21.7,100.0,0.0
bergstrom,USW00013904,2021-07-01T11:53:00+00:00,2021-07-01T06:53:00-05:00,2021-07-01T05:53:00,FM-15,0.0,0.0,0,,11.265,21.7,100.0,0.0
bergstrom,USW00013904,2021-07-01T12:53:00+00:00,2021-07-01T07:53:00-05:00,2021-07-01T06:53:00,FM-15,0.0,0.0,0,,16.093,23.9,96.0,0.0
bergstrom,USW00013904,2021-07-01T13:53:00+00:00,2021-07-01T08:53:00-05:00,2021-07-01T07:53:00,FM-15,0.0,0.0,0,,16.093,25.6,87.0,1.5
bergstrom,USW00013904,2021-07-01T14:53:00+00:00,2021-07-01T09:53:00-05:00,2021-07-01T08:53:00,FM-15,0.0,0.0,0,,16.093,27.2,77.0,2.1
bergstrom,USW00013904,2021-07-01T15:53:00+00:00,2021-07-01T10:53:00-05:00,2021-07-01T09:53:00,FM-15,0.0,0.0,0,,16.093,28.9,67.0,0.0
bergstrom,USW00013904,2021-07-01T16:53:00+00:00,2021-07-01T11:53:00-05:00,2021-07-01T10:53:00,FM-15,0.0,0.0,0,,16.093,30.0,61.0,3.1
bergstrom,USW00013904,2021-07-01T17:53:00+00:00,2021-07-01T12:53:00-05:00,2021-07-01T11:53:00,FM-15,0.0,0.0,0,,16.093,30.0,63.0,1.5
bergstrom,USW00013904,2021-07-01T18:53:00+00:00,2021-07-01T13:53:00-05:00,2021-07-01T12:53:00,FM-15,0.0,0.0,0,,16.093,32.2,54.0,2.1
bergstrom,USW00013904,2021-07-01T19:53:00+00:00,2021-07-01T14:53:00-05:00,2021-07-01T13:53:00,FM-15,0.0,0.0,0,,16.093,32.2,54.0,3.1
bergstrom,USW00013904,2021-07-01T20:53:00+00:00,2021-07-01T15:53:00-05:00,2021-07-01T14:53:00,FM-15,0.0,0.0,0,,16.093,32.2,52.0,1.5
bergstrom,USW00013904,2021-07-01T21:53:00+00:00,2021-07-01T16:53:00-05:00,2021-07-01T15:53:00,FM-15,0.0,0.0,0,,16.093,33.3,51.0,4.1
bergstrom,USW00013904,2021-07-01T22:53:00+00:00,2021-07-01T17:53:00-05:00,2021-07-01T16:53:00,FM-15,0.0,0.0,0,,16.093,33.3,49.0,2.6
bergstrom,USW00013904,2021-07-01T23:53:00+00:00,2021-07-01T18:53:00-05:00,2021-07-01T17:53:00,FM-15,0.0,0.0,0,,16.093,32.8,50.0,4.1
bergstrom,USW00013904,2021-07-02T00:53:00+00:00,2021-07-01T19:53:00-05:00,2021-07-01T18:53:00,FM-15,0.0,0.0,0,,16.093,31.7,53.0,3.6
bergstrom,USW00013904,2021-07-02T01:53:00+00:00,2021-07-01T20:53:00-05:00,2021-07-01T19:53:00,FM-15,0.0,0.0,0,,16.093,30.0,61.0,3.1
bergstrom,USW00013904,2021-07-02T02:53:00+00:00,2021-07-01T21:53:00-05:00,2021-07-01T20:53:00,FM-15,0.0,0.0,0,,16.093,26.7,76.0,1.5
bergstrom,USW00013904,2021-07-02T03:53:00+00:00,2021-07-01T22:53:00-05:00,2021-07-01T21:53:00,FM-15,0.0,0.0,0,,16.093,25.6,85.0,1.5
bergstrom,USW00013904,2021-07-02T04:53:00+00:00,2021-07-01T23:53:00-05:00,2021-07-01T22:53:00,FM-15,0.0,0.0,0,,16.093,25.0,85.0,2.6
bergstrom,USW00013904,2021-07-02T05:53:00+00:00,2021-07-02T00:53:00-05:00,2021-07-01T23:53:00,FM-15,0.0,0.0,0,,16.093,25.0,88.0,3.1
bergstrom,USW00013904,2021-07-02T06:53:00+00:00,2021-07-02T01:53:00-05:00,2021-07-02T00:53:00,FM-15,0.0,0.0,0,,16.093,25.0,90.0,3.6
bergstrom,USW00013904,2021-07-02T07:53:00+00:00,2021-07-02T02:53:00-05:00,2021-07-02T01:53:00,FM-15,0.0,0.0,0,,16.093,24.4,94.0,3.1
bergstrom,USW00013904,2021-07-02T08:53:00+00:00,2021-07-02T03:53:00-05:00,2021-07-02T02:53:00,FM-15,0.0,0.0,0,,16.093,24.4,94.0,2.6
bergstrom,USW00013904,2021-07-02T09:53:00+00:00,2021-07-02T04:53:00-05:00,2021-07-02T03:53:00,FM-15,0.0,0.0,0,,16.093,23.3,97.0,1.5
bergstrom,USW00013904,2021-07-02T10:53:00+00:00,2021-07-02T05:53:00-05:00,2021-07-02T04:53:00,FM-15,0.0,0.0,0,,16.093,23.9,94.0,0.0
bergstrom,USW00013904,2021-07-02T11:53:00+00:00,2021-07-02T06:53:00-05:00,2021-07-02T05:53:00,FM-15,0.0,0.0,0,,16.093,22.8,96.0,0.0
bergstrom,USW00013904,2021-07-02T12:53:00+00:00,2021-07-02T07:53:00-05:00,2021-07-02T06:53:00,FM-15,0.0,0.0,0,,16.093,24.4,94.0,0.0
bergstrom,USW00013904,2021-07-02T13:53:00+00:00,2021-07-02T08:53:00-05:00,2021-07-02T07:53:00,FM-15,0.0,0.0,0,,16.093,27.2,79.0,3.1
bergstrom,USW00013904,2021-07-02T14:53:00+00:00,2021-07-02T09:53:00-05:00,2021-07-02T08:53:00,FM-15,0.0,0.0,0,,16.093,29.4,70.0,3.1
bergstrom,USW00013904,2021-07-02T15:53:00+00:00,2021-07-02T10:53:00-05:00,2021-07-02T09:53:00,FM-15,0.0,0.0,0,,16.093,30.6,63.0,1.5
bergstrom,USW00013904,2021-07-02T16:53:00+00:00,2021-07-02T11:53:00-05:00,2021-07-02T10:53:00,FM-15,0.0,0.0,0,,16.093,31.1,59.0,0.0
bergstrom,USW00013904,2021-07-02T17:53:00+00:00,2021-07-02T12:53:00-05:00,2021-07-02T11:53:00,FM-15,0.0,0.0,0,,16.093,32.8,50.0,2.1
bergstrom,USW00013904,2021-07-02T18:53:00+00:00,2021-07-02T13:53:00-05:00,2021-07-02T12:53:00,FM-15,0.0,0.0,0,,16.093,33.9,49.0,2.1
bergstrom,USW00013904,2021-07-02T19:53:00+00:00,2021-07-02T14:53:00-05:00,2021-07-02T13:53:00,FM-15,0.0,0.0,0,,16.093,32.8,49.0,1.5
bergstrom,USW00013904,2021-07-02T20:53:00+00:00,2021-07-02T15:53:00-05:00,2021-07-02T14:53:00,FM-15,0.0,0.0,0,,16.093,34.4,46.0,4.1
bergstrom,USW00013904,2021-07-02T21:53:00+00:00,2021-07-02T16:53:00-05:00,2021-07-02T15:53:00,FM-15,0.0,0.0,0,,16.093,33.3,49.0,3.6
bergstrom,USW00013904,2021-07-02T22:53:00+00:00,2021-07-02T17:53:00-05:00,2021-07-02T16:53:00,FM-15,0.0,0.0,0,,16.093,32.8,50.0,3.6
bergstrom,USW00013904,2021-07-02T23:16:00+00:00,2021-07-02T18:16:00-05:00,2021-07-02T17:16:00,FM-16,,,0,,16.093,28.9,72.0,5.7
bergstrom,USW00013904,2021-07-02T23:53:00+00:00,2021-07-02T18:53:00-05:00,2021-07-02T17:53:00,FM-15,0.0,0.0,0,,16.093,28.9,72.0,3.1
bergstrom,USW00013904,2021-07-03T00:53:00+00:00,2021-07-02T19:53:00-05:00,2021-07-02T18:53:00,FM-15,0.0,0.0,0,,16.093,28.9,72.0,2.6
bergstrom,USW00013904,2021-07-03T01:53:00+00:00,2021-07-02T20:53:00-05:00,2021-07-02T19:53:00,FM-15,0.0,0.0,0,,16.093,28.3,77.0,2.6
bergstrom,USW00013904,2021-07-03T02:53:00+00:00,2021-07-02T21:53:00-05:00,2021-07-02T20:53:00,FM-15,0.0,0.0,0,,16.093,27.2,82.0,2.1
bergstrom,USW00013904,2021-07-03T03:53:00+00:00,2021-07-02T22:53:00-05:00,2021-07-02T21:53:00,FM-15,0.0,0.0,0,,16.093,26.7,82.0,0.0
bergstrom,USW00013904,2021-07-03T04:53:00+00:00,2021-07-02T23:53:00-05:00,2021-07-02T22:53:00,FM-15,0.0,0.0,0,,16.093,26.1,85.0,2.1
bergstrom,USW00013904,2021-07-03T05:53:00+00:00,2021-07-03T00:53:00-05:00,2021-07-02T23:53:00,FM-15,0.0,0.0,0,,16.093,26.1,85.0,2.6
bergstrom,USW00013904,2021-07-03T06:53:00+00:00,2021-07-03T01:53:00-05:00,2021-07-03T00:53:00,FM-15,0.0,0.0,0,,16.093,25.0,88.0,1.5
bergstrom,USW00013904,2021-07-03T07:53:00+00:00,2021-07-03T02:53:00-05:00,2021-07-03T01:53:00,FM-15,0.0,0.0,0,,16.093,23.9,94.0,2.1
bergstrom,USW00013904,2021-07-03T08:53:00+00:00,2021-07-03T03:53:00-05:00,2021-07-03T02:53:00,FM-15,0.0,0.0,0,,16.093,23.9,94.0,0.0
bergstrom,USW00013904,2021-07-03T09:53:00+00:00,2021-07-03T04:53:00-05:00,2021-07-03T03:53:00,FM-15,0.0,0.0,0,,16.093,23.3,97.0,0.0
bergstrom,USW00013904,2021-07-03T10:53:00+00:00,2021-07-03T05:53:00-05:00,2021-07-03T04:53:00,FM-15,0.0,0.0,0,,16.093,22.2,100.0,1.5
bergstrom,USW00013904,2021-07-03T11:53:00+00:00,2021-07-03T06:53:00-05:00,2021-07-03T05:53:00,FM-15,0.0,0.0,0,,16.093,22.8,100.0,0.0
bergstrom,USW00013904,2021-07-03T12:53:00+00:00,2021-07-03T07:53:00-05:00,2021-07-03T06:53:00,FM-15,0.0,0.0,0,,16.093,25.6,87.0,2.1
bergstrom,USW00013904,2021-07-03T13:53:00+00:00,2021-07-03T08:53:00-05:00,2021-07-03T07:53:00,FM-15,0.0,0.0,0,,16.093,27.2,79.0,3.6
bergstrom,USW00013904,2021-07-03T14:53:00+00:00,2021-07-03T09:53:00-05:00,2021-07-03T08:53:00,FM-15,0.0,0.0,0,,16.093,29.4,70.0,3.1
bergstrom,USW00013904,2021-07-03T15:53:00+00:00,2021-07-03T10:53:00-05:00,2021-07-03T09:53:00,FM-15,0.0,0.0,0,,16.093,29.4,70.0,3.1
bergstrom,USW00013904,2021-07-03T16:53:00+00:00,2021-07-03T11:53:00-05:00,2021-07-03T10:53:00,FM-15,0.0,0.0,0,,16.093,31.7,61.0,2.6
bergstrom,USW00013904,2021-07-03T17:53:00+00:00,2021-07-03T12:53:00-05:00,2021-07-03T11:53:00,FM-15,,T,1,,14.484,28.3,77.0,7.2
bergstrom,USW00013904,2021-07-03T18:01:00+00:00,2021-07-03T13:01:00-05:00,2021-07-03T12:01:00,FM-16,,,1,+RA:02 BR:1 |RA BR |RA,1.207,24.4,91.0,7.2
bergstrom,USW00013904,2021-07-03T18:10:00+00:00,2021-07-03T13:10:00-05:00,2021-07-03T12:10:00,FM-16,,,1,TS RA:02 BR:1 |TS RA BR |RA,3.219,25.0,90.0,6.7
bergstrom,USW00013904,2021-07-03T18:25:00+00:00,2021-07-03T13:25:00-05:00,2021-07-03T12:25:00,FM-16,,,1,TS |TS |,3.219,25.0,88.0,4.1
bergstrom,USW00013904,2021-07-03T18:28:00+00:00,2021-07-03T13:28:00-05:00,2021-07-03T12:28:00,FM-16,,,1,TS |TS |,16.093,25.0,88.0,4.1
bergstrom,USW00013904,2021-07-03T18:51:00+00:00,2021-07-03T13:51:00-05:00,2021-07-03T12:51:00,FM-16,,,0,,16.093,27.0,84.0,3.6
bergstrom,USW00013904,2021-07-03T18:53:00+00:00,2021-07-03T13:53:00-05:00,2021-07-03T12:53:00,FM-15,11.9,11.9,1,,16.093,26.7,87.0,3.6
bergstrom,USW00013904,2021-07-03T19:53:00+00:00,2021-07-03T14:53:00-05:00,2021-07-03T13:53:00,FM-15,0.0,0.0,0,,16.093,29.4,75.0,3.1
bergstrom,USW00013904,2021-07-03T20:07:00+00:00,2021-07-03T15:07:00-05:00,2021-07-03T14:07:00,FM-16,,,1,TS |TS |,16.093,30.6,70.0,2.1
bergstrom,USW00013904,2021-07-03T20:41:00+00:00,2021-07-03T15:41:00-05:00,2021-07-03T14:41:00,FM-16,,,1,-RA:02 |RA |RA,16.093,27.8,79.0,5.1
bergstrom,USW00013904,2021-07-03T20:53:00+00:00,2021-07-03T15:53:00-05:00,2021-07-03T14:53:00,FM-15,,T,1,,16.093,28.9,70.0,6.2
bergstrom,USW00013904,2021-07-03T21:53:00+00:00,2021-07-03T16:53:00-05:00,2021-07-03T15:53:00,FM-15,0.0,0.0,0,,16.093,27.8,79.0,5.7
bergstrom,USW00013904,2021-07-03T22:00:00+00:00,2021-07-03T17:00:00-05:00,2021-07-03T16:00:00,FM-16,,,0,,16.093,27.8,79.0,5.7
bergstrom,USW00013904,2021-07-03T22:53:00+00:00,2021-07-03T17:53:00-05:00,2021-07-03T16:53:00,FM-15,0.0,0.0,0,,16.093,28.9,74.0,6.2
bergstrom,USW00013904,2021-07-03T23:53:00+00:00,2021-07-03T18:53:00-05:00,2021-07-03T17:53:00,FM-15,0.0,0.0,0,,16.093,27.2,77.0,4.6
bergstrom,USW00013904,2021-07-04T00:53:00+00:00,2021-07-03T19:53:00-05:00,2021-07-03T18:53:00,FM-15,0.0,0.0,0,,16.093,25.6,85.0,4.6
bergstrom,USW00013904,2021-07-04T01:53:00+00:00,2021-07-03T20:53:00-05:00,2021-07-03T19:53:00,FM-15,0.0,0.0,0,,16.093,25.0,88.0,0.0
bergstrom,USW00013904,2021-07-04T02:53:00+00:00,2021-07-03T21:53:00-05:00,2021-07-03T20:53:00,FM-15,0.0,0.0,0,,16.093,23.9,94.0,0.0
bergstrom,USW00013904,2021-07-04T03:53:00+00:00,2021-07-03T22:53:00-05:00,2021-07-03T21:53:00,FM-15,0.0,0.0,0,,16.093,24.4,91.0,2.1
bergstrom,USW00013904,2021-07-04T04:53:00+00:00,2021-07-03T23:53:00-05:00,2021-07-03T22:53:00,FM-15,0.0,0.0,0,,16.093,23.9,94.0,2.1
bergstrom,USW00013904,2021-07-04T05:53:00+00:00,2021-07-04T00:53:00-05:00,2021-07-03T23:53:00,FM-15,0.0,0.0,0,,16.093,23.9,94.0,0.0
bergstrom,USW00013904,2021-07-04T06:53:00+00:00,2021-07-04T01:53:00-05:00,2021-07-04T00:53:00,FM-15,0.0,0.0,0,,16.093,23.9,96.0,0.0
bergstrom,USW00013904,2021-07-04T07:53:00+00:00,2021-07-04T02:53:00-05:00,2021-07-04T01:53:00,FM-15,0.0,0.0,0,,16.093,23.3,100.0,0.0
bergstrom,USW00013904,2021-07-04T08:53:00+00:00,2021-07-04T03:53:00-05:00,2021-07-04T02:53:00,FM-15,0.0,0.0,0,,16.093,23.9,96.0,2.1
bergstrom,USW00013904,2021-07-04T09:19:00+00:00,2021-07-04T04:19:00-05:00,2021-07-04T03:19:00,FM-16,,,0,,16.093,23.9,94.0,2.1
bergstrom,USW00013904,2021-07-04T09:51:00+00:00,2021-07-04T04:51:00-05:00,2021-07-04T03:51:00,FM-16,,,0,,16.093,24.0,94.0,2.1
bergstrom,USW00013904,2021-07-04T09:53:00+00:00,2021-07-04T04:53:00-05:00,2021-07-04T03:53:00,FM-15,0.0,0.0,0,,16.093,23.9,94.0,2.6
bergstrom,USW00013904,2021-07-04T10:51:00+00:00,2021-07-04T05:51:00-05:00,2021-07-04T04:51:00,FM-16,,,0,,16.093,24.0,94.0,0.0
bergstrom,USW00013904,2021-07-04T10:53:00+00:00,2021-07-04T05:53:00-05:00,2021-07-04T04:53:00,FM-15,0.0,0.0,0,,16.093,23.9,96.0,0.0
bergstrom,USW00013904,2021-07-04T11:36:00+00:00,2021-07-04T06:36:00-05:00,2021-07-04T05:36:00,FM-16,,,1,RA:02 BR:1 |RA BR |RA,4.023,23.9,96.0,0.0
bergstrom,USW00013904,2021-07-04T11:53:00+00:00,2021-07-04T06:53:00-05:00,2021-07-04T05:53:00,FM-15,3.3,3.3,1,+RA:02 BR:1 |RA BR |RA,2.414,23.3,100.0,2.6
bergstrom,USW00013904,2021-07-04T12:20:00+00:00,2021-07-04T07:20:00-05:00,2021-07-04T06:20:00,FM-16,,,1,-RA:02 BR:1 |RA BR |RA,6.437,23.3,100.0,0.0
bergstrom,USW00013904,2021-07-04T12:53:00+00:00,2021-07-04T07:53:00-05:00,2021-07-04T06:53:00,FM-15,4.1,4.1,1,BR:1 |BR |,9.656,23.3,100.0,1.5
bergstrom,USW00013904,2021-07-04T13:53:00+00:00,2021-07-04T08:53:00-05:00,2021-07-04T07:53:00,FM-15,0.0,0.0,0,,11.265,24.4,97.0,1.5
bergstrom,USW00013904,2021-07-04T14:53:00+00:00,2021-07-04T09:53:00-05:00,2021-07-04T08:53:00,FM-15,0.0,0.0,0,,16.093,25.0,94.0,1.5
bergstrom,USW00013904,2021-07-04T15:51:00+00:00,2021-07-04T10:51:00-05:00,2021-07-04T09:51:00,FM-16,,,0,,16.093,26.0,89.0,2.1
bergstrom,USW00013904,2021-07-04T15:53:00+00:00,2021-07-04T10:53:00-05:00,2021-07-04T09:53:00,FM-15,0.0,0.0,0,,16.093,26.1,90.0,2.6
bergstrom,USW00013904,2021-07-04T16:30:00+00:00,2021-07-04T11:30:00-05:00,2021-07-04T10:30:00,FM-16,,,1,+RA:02 BR:1 |RA BR |RA,3.219,25.6,87.0,0.0
bergstrom,USW00013904,2021-07-04T16:33:00+00:00,2021-07-04T11:33:00-05:00,2021-07-04T10:33:00,FM-16,,,1,+RA:02 BR:1 |RA BR |RA,2.414,25.6,90.0,1.5
bergstrom,USW00013904,2021-07-04T16:51:00+00:00,2021-07-04T11:51:00-05:00,2021-07-04T10:51:00,FM-16,,,1,+RA:02 BR:1 |RA BR |RA,2.414,26.0,89.0,2.6
bergstrom,USW00013904,2021-07-04T16:53:00+00:00,2021-07-04T11:53:00-05:00,2021-07-04T10:53:00,FM-15,3.8,3.8,1,+RA:02 BR:1 |RA BR |RA,2.414,25.0,94.0,2.6
bergstrom,USW00013904,2021-07-04T17:35:00+00:00,2021-07-04T12:35:00-05:00,2021-07-04T11:35:00,FM-16,,,0,,12.875,26.1,88.0,2.1
bergstrom,USW00013904,2021-07-04T17:53:00+00:00,2021-07-04T12:53:00-05:00,2021-07-04T11:53:00,FM-15,,T,1,,16.093,27.2,85.0,3.6
bergstrom,USW00013904,2021-07-04T18:29:00+00:00,2021-07-04T13:29:00-05:00,2021-07-04T12:29:00,FM-16,,,1,TS |TS |,16.093,26.7,82.0,4.1
bergstrom,USW00013904,2021-07-04T18:53:00+00:00,2021-07-04T13:53:00-05:00,2021-07-04T12:53:00,FM-15,2.8,2.8,1,TS RA:02 BR:1 |TS RA BR |RA,9.656,25.0,94.0,2.6
bergstrom,USW00013904,2021-07-04T19:30:00+00:00,2021-07-04T14:30:00-05:00,2021-07-04T13:30:00,FM-16,,,1,-RA:02 |RA |RA,16.093,26.1,90.0,4.1
bergstrom,USW00013904,2021-07-04T19:53:00+00:00,2021-07-04T14:53:00-05:00,2021-07-04T13:53:00,FM-15,,T,1,,16.093,25.6,90.0,3.6
bergstrom,USW00013904,2021-07-04T20:21:00+00:00,2021-07-04T15:21:00-05:00,2021-07-04T14:21:00,FM-16,,,1,||RA,16.093,26.1,88.0,2.6
bergstrom,USW00013904,2021-07-04T20:41:00+00:00,2021-07-04T15:41:00-05:00,2021-07-04T14:41:00,FM-16,,,0,,16.093,27.8,77.0,4.1
bergstrom,USW00013904,2021-07-04T20:53:00+00:00,2021-07-04T15:53:00-05:00,2021-07-04T14:53:00,FM-15,0.0,0.0,0,,16.093,28.3,77.0,2.6
bergstrom,USW00013904,2021-07-04T21:53:00+00:00,2021-07-04T16:53:00-05:00,2021-07-04T15:53:00,FM-15,0.0,0.0,0,,16.093,27.8,77.0,4.6
bergstrom,USW00013904,2021-07-04T22:53:00+00:00,2021-07-04T17:53:00-05:00,2021-07-04T16:53:00,FM-15,0.0,0.0,0,,16.093,27.8,77.0,3.6
bergstrom,USW00013904,2021-07-04T23:36:00+00:00,2021-07-04T18:36:00-05:00,2021-07-04T17:36:00,FM-16,,,1,||RA,16.093,28.3,77.0,3.1
bergstrom,USW00013904,2021-07-04T23:53:00+00:00,2021-07-04T18:53:00-05:00,2021-07-04T17:53:00,FM-15,0.0,0.0,1,||RA,16.093,28.3,74.0,2.6
bergstrom,USW00013904,2021-07-05T00:15:00+00:00,2021-07-04T19:15:00-05:00,2021-07-04T18:15:00,FM-16,,,0,,16.093,27.2,82.0,3.6
bergstrom,USW00013904,2021-07-05T00:53:00+00:00,2021-07-04T19:53:00-05:00,2021-07-04T18:53:00,FM-15,0.0,0.0,0,,16.093,26.7,85.0,2.6
bergstrom,USW00013904,2021-07-05T01:53:00+00:00,2021-07-04T20:53:00-05:00,2021-07-04T19:53:00,FM-15,0.0,0.0,0,,16.093,25.0,90.0,2.6
bergstrom,USW00013904,2021-07-05T02:53:00+00:00,2021-07-04T21:53:00-05:00,2021-07-04T20:53:00,FM-15,0.0,0.0,0,,14.484,24.4,94.0,1.5
bergstrom,USW00013904,2021-07-05T03:53:00+00:00,2021-07-04T22:53:00-05:00,2021-07-04T21:53:00,FM-15,0.0,0.0,0,,14.484,23.3,97.0,0.0
bergstrom,USW00013904,2021-07-05T04:53:00+00:00,2021-07-04T23:53:00-05:00,2021-07-04T22:53:00,FM-15,0.0,0.0,0,,14.484,22.2,100.0,0.0
bergstrom,USW00013904,2021-07-05T05:53:00+00:00,2021-07-05T00:53:00-05:00,2021-07-04T23:53:00,FM-15,0.0,0.0,0,,11.265,22.8,100.0,0.0
bergstrom,USW00013904,2021-07-05T06:51:00+00:00,2021-07-05T01:51:00-05:00,2021-07-05T00:51:00,FM-16,,,0,,11.265,23.0,100.0,0.0
bergstrom,USW00013904,2021-07-05T06:53:00+00:00,2021-07-05T01:53:00-05:00,2021-07-05T00:53:00,FM-15,0.0,0.0,0,,11.265,23.3,97.0,0.0
bergstrom,USW00013904,2021-07-05T07:51:00+00:00,2021-07-05T02:51:00-05:00,2021-07-05T01:51:00,FM-16,,,0,BR:1 |BR |,9.656,23.0,94.0,0.0
bergstrom,USW00013904,2021-07-05T07:53:00+00:00,2021-07-05T02:53:00-05:00,2021-07-05T01:53:00,FM-15,0.0,0.0,0,BR:1 |BR |,9.656,22.2,100.0,0.0
bergstrom,USW00013904,2021-07-05T08:53:00+00:00,2021-07-05T03:53:00-05:00,2021-07-05T02:53:00,FM-15,0.0,0.0,0,,11.265,22.2,100.0,0.0
bergstrom,USW00013904,2021-07-05T09:53:00+00:00,2021-07-05T04:53:00-05:00,2021-07-05T03:53:00,FM-15,0.0,0.0,0,BR:1 |BR |,8.047,22.2,100.0,1.5
bergstrom,USW00013904,2021-07-05T10:31:00+00:00,2021-07-05T05:31:00-05:00,2021-07-05T04:31:00,FM-16,,,0,BR:1 |BR |,1.609,22.8,100.0,1.5
bergstrom,USW00013904,2021-07-05T10:53:00+00:00,2021-07-05T05:53:00-05:00,2021-07-05T04:53:00,FM-15,0.0,0.0,0,BR:1 |BR |,1.609,22.8,100.0,0.0
bergstrom,USW00013904,2021-07-05T11:24:00+00:00,2021-07-05T06:24:00-05:00,2021-07-05T05:24:00,FM-16,,,0,BR:1 |BR s |,0.402,22.8,100.0,1.5
bergstrom,USW00013904,2021-07-05T11:53:00+00:00,2021-07-05T06:53:00-05:00,2021-07-05T05:53:00,FM-15,0.0,0.0,0,BR:1 |BR s |,0.402,22.8,100.0,2.1
bergstrom,USW00013904,2021-07-05T12:45:00+00:00,2021-07-05T07:45:00-05:00,2021-07-05T06:45:00,FM-16,,,0,BR:1 |BR |,1.609,23.3,100.0,0.0
bergstrom,USW00013904,2021-07-05T12:53:00+00:00,2021-07-05T07:53:00-05:00,2021-07-05T06:53:00,FM-15,0.0,0.0,0,BR:1 |BR |,1.609,23.3,100.0,0.0
bergstrom,USW00013904,2021-07-05T13:10:00+00:00,2021-07-05T08:10:00-05:00,2021-07-05T07:10:00,FM-16,,,0,BR:1 |BR |,3.219,23.3,100.0,1.5
bergstrom,USW00013904,2021-07-05T13:53:00+00:00,2021-07-05T08:53:00-05:00,2021-07-05T07:53:00,FM-15,0.0,0.0,0,,3.219,24.4,94.0,0.0
bergstrom,USW00013904,2021-07-05T14:07:00+00:00,2021-07-05T09:07:00-05:00,2021-07-05T08:07:00,FM-16,,,0,,3.219,24.4,97.0,1.5
bergstrom,USW00013904,2021-07-05T14:31:00+00:00,2021-07-05T09:31:00-05:00,2021-07-05T08:31:00,FM-16,,,0,,16.093,25.0,94.0,0.0
bergstrom,USW00013904,2021-07-05T14:53:00+00:00,2021-07-05T09:53:00-05:00,2021-07-05T08:53:00,FM-15,0.0,0.0,0,,16.093,26.1,90.0,2.1
bergstrom,USW00013904,2021-07-05T15:14:00+00:00,2021-07-05T10:14:00-05:00,2021-07-05T09:14:00,FM-16,,,0,,16.093,26.7,87.0,2.6
bergstrom,USW00013904,2021-07-05T15:51:00+00:00,2021-07-05T10:51:00-05:00,2021-07-05T09:51:00,FM-16,,,0,,16.093,28.0,79.0,2.1
bergstrom,USW00013904,2021-07-05T15:53:00+00:00,2021-07-05T10:53:00-05:00,2021-07-05T09:53:00,FM-15,0.0,0.0,0,,16.093,27.8,79.0,0.0
bergstrom,USW00013904,2021-07-05T16:00:00+00:00,2021-07-05T11:00:00-05:00,2021-07-05T10:00:00,FM-16,,,0,,16.093,27.8,77.0,0.0
bergstrom,USW00013904,2021-07-05T16:53:00+00:00,2021-07-05T11:53:00-05:00,2021-07-05T10:53:00,FM-15,,T,1,-RA:02 |RA |RA,16.093,26.7,82.0,3.6
bergstrom,USW00013904,2021-07-05T17:53:00+00:00,2021-07-05T12:53:00-05:00,2021-07-05T11:53:00,FM-15,0.3,0.3,1,-RA:02 |RA |RA,14.484,27.8,77.0,0.0
bergstrom,USW00013904,2021-07-05T18:53:00+00:00,2021-07-05T13:53:00-05:00,2021-07-05T12:53:00,FM-15,,T,1,-RA:02 |RA |RA,16.093,27.2,82.0,4.6
bergstrom,USW00013904,2021-07-05T19:53:00+00:00,2021-07-05T14:53:00-05:00,2021-07-05T13:53:00,FM-15,,T,1,,16.093,28.3,72.0,0.0
bergstrom,USW00013904,2021-07-05T20:53:00+00:00,2021-07-05T15:53:00-05:00,2021-07-05T14:53:00,FM-15,0.0,0.0,0,,16.093,27.2,79.0,2.1
bergstrom,USW00013904,2021-07-05T21:53:00+00:00,2021-07-05T16:53:00-05:00,2021-07-05T15:53:00,FM-15,,T,1,,16.093,28.3,72.0,5.7
bergstrom,USW00013904,2021-07-05T22:19:00+00:00,2021-07-05T17:19:00-05:00,2021-07-05T16:19:00,FM-16,,,0,,16.093,26.1,82.0,6.2
bergstrom,USW00013904,2021-07-05T22:29:00+00:00,2021-07-05T17:29:00-05:00,2021-07-05T16:29:00,FM-16,,,0,,16.093,25.6,85.0,5.1
bergstrom,USW00013904,2021-07-05T22:51:00+00:00,2021-07-05T17:51:00-05:00,2021-07-05T16:51:00,FM-16,,,1,-RA:02 |RA |RA,16.093,25.0,89.0,3.6
bergstrom,USW00013904,2021-07-05T22:53:00+00:00,2021-07-05T17:53:00-05:00,2021-07-05T16:53:00,FM-15,,T,1,-RA:02 |RA |RA,16.093,25.0,90.0,4.6
bergstrom,USW00013904,2021-07-05T23:48:00+00:00,2021-07-05T18:48:00-05:00,2021-07-05T17:48:00,FM-16,,,0,,16.093,26.0,84.0,3.1
bergstrom,USW00013904,2021-07-05T23:53:00+00:00,2021-07-05T18:53:00-05:00,2021-07-05T17:53:00,FM-15,,T,1,,16.093,25.6,87.0,3.1
bergstrom,USW00013904,2021-07-06T00:14:00+00:00,2021-07-05T19:14:00-05:00,2021-07-05T18:14:00,FM-16,,,0,,16.093,25.6,85.0,2.6
bergstrom,USW00013904,2021-07-06T00:53:00+00:00,2021-07-05T19:53:00-05:00,2021-07-05T18:53:00,FM-15,0.0,0.0,0,,16.093,25.0,88.0,1.5
bergstrom,USW00013904,2021-07-06T01:53:00+00:00,2021-07-05T20:53:00-05:00,2021-07-05T19:53:00,FM-15,0.0,0.0,0,,16.093,24.4,94.0,1.5
bergstrom,USW00013904,2021-07-06T02:53:00+00:00,2021-07-05T21:53:00-05:00,2021-07-05T20:53:00,FM-15,0.0,0.0,0,,16.093,24.4,94.0,0.0
bergstrom,USW00013904,2021-07-06T03:31:00+00:00,2021-07-05T22:31:00-05:00,2021-07-05T21:31:00,FM-16,,,0,,16.093,23.9,96.0,3.6
bergstrom,USW00013904,2021-07-06T03:51:00+00:00,2021-07-05T22:51:00-05:00,2021-07-05T21:51:00,FM-16,,,0,,16.093,24.0,94.0,4.1
bergstrom,USW00013904,2021-07-06T03:53:00+00:00,2021-07-05T22:53:00-05:00,2021-07-05T21:53:00,FM-15,0.0,0.0,0,,16.093,23.9,96.0,3.6
bergstrom,USW00013904,2021-07-06T04:53:00+00:00,2021-07-05T23:53:00-05:00,2021-07-05T22:53:00,FM-15,0.0,0.0,0,,16.093,23.3,97.0,0.0
bergstrom,USW00013904,2021-07-06T05:51:00+00:00,2021-07-06T00:51:00-05:00,2021-07-05T23:51:00,FM-16,,,0,,16.093,23.0,100.0,3.6
bergstrom,USW00013904,2021-07-06T05:53:00+00:00,2021-07-06T00:53:00-05:00,2021-07-05T23:53:00,FM-15,0.0,0.0,0,,16.093,23.3,100.0,3.1
bergstrom,USW00013904,2021-07-06T06:07:00+00:00,2021-07-06T01:07:00-05:00,2021-07-06T00:07:00,FM-16,,,0,,16.093,23.3,97.0,4.6
bergstrom,USW00013904,2021-07-06T06:38:00+00:00,2021-07-06T01:38:00-05:00,2021-07-06T00:38:00,FM-16,,,0,,16.093,23.3,97.0,2.1
bergstrom,USW00013904,2021-07-06T06:53:00+00:00,2021-07-06T01:53:00-05:00,2021-07-06T00:53:00,FM-15,0.0,0.0,0,,16.093,22.8,100.0,2.1
bergstrom,USW00013904,2021-07-06T07:25:00+00:00,2021-07-06T02:25:00-05:00,2021-07-06T01:25:00,FM-16,,,0,,16.093,23.3,97.0,1.5
bergstrom,USW00013904,2021-07-06T07:51:00+00:00,2021-07-06T02:51:00-05:00,2021-07-06T01:51:00,FM-16,,,0,,16.093,23.0,100.0,2.1
bergstrom,USW00013904,2021-07-06T07:53:00+00:00,2021-07-06T02:53:00-05:00,2021-07-06T01:53:00,FM-15,0.0,0.0,0,,16.093,23.3,97.0,2.6
bergstrom,USW00013904,2021-07-06T08:27:00+00:00,2021-07-06T03:27:00-05:00,2021-07-06T02:27:00,FM-16,,,0,,16.093,22.8,100.0,3.1
bergstrom,USW00013904,2021-07-06T08:51:00+00:00,2021-07-06T03:51:00-05:00,2021-07-06T02:51:00,FM-16,,,0,,16.093,23.0,100.0,3.1
bergstrom,USW00013904,2021-07-06T08:53:00+00:00,2021-07-06T03:53:00-05:00,2021-07-06T02:53:00,FM-15,0.0,0.0,0,,16.093,22.8,100.0,3.6
bergstrom,USW00013904,2021-07-06T09:14:00+00:00,2021-07-06T04:14:00-05:00,2021-07-06T03:14:00,FM-16,,,0,,16.093,22.8,100.0,3.1
bergstrom,USW00013904,2021-07-06T09:51:00+00:00,2021-07-06T04:51:00-05:00,2021-07-06T03:51:00,FM-16,,,0,,16.093,23.0,94.0,3.1
bergstrom,USW00013904,2021-07-06T09:53:00+00:00,2021-07-06T04:53:00-05:00,2021-07-06T03:53:00,FM-15,0.0,0.0,0,,16.093,22.8,96.0,2.6
bergstrom,USW00013904,2021-07-06T10:53:00+00:00,2021-07-06T05:53:00-05:00,2021-07-06T04:53:00,FM-15,0.0,0.0,0,,16.093,22.8,100.0,3.6
bergstrom,USW00013904,2021-07-06T11:53:00+00:00,2021-07-06T06:53:00-05:00,2021-07-06T05:53:00,FM-15,0.0,0.0,0,,16.093,22.8,100.0,2.6
bergstrom,USW00013904,2021-07-06T12:02:00+00:00,2021-07-06T07:02:00-05:00,2021-07-06T06:02:00,FM-16,,,0,,16.093,22.8,100.0,2.6
bergstrom,USW00013904,2021-07-06T12:44:00+00:00,2021-07-06T07:44:00-05:00,2021-07-06T06:44:00,FM-16,,,0,,16.093,23.3,97.0,3.1
bergstrom,USW00013904,2021-07-06T12:53:00+00:00,2021-07-06T07:53:00-05:00,2021-07-06T06:53:00,FM-15,0.0,0.0,0,,16.093,23.3,97.0,2.1
bergstrom,USW00013904,2021-07-06T13:53:00+00:00,2021-07-06T08:53:00-05:00,2021-07-06T07:53:00,FM-15,,T,1,,16.093,24.4,91.0,5.1
bergstrom,USW00013904,2021-07-06T14:38:00+00:00,2021-07-06T09:38:00-05:00,2021-07-06T08:38:00,FM-16,,,0,,16.093,25.6,85.0,7.2
bergstrom,USW00013904,2021-07-06T14:53:00+00:00,2021-07-06T09:53:00-05:00,2021-07-06T08:53:00,FM-15,,T,1,,16.093,26.1,82.0,5.1
bergstrom,USW00013904,2021-07-06T15:51:00+00:00,2021-07-06T10:51:00-05:00,2021-07-06T09:51:00,FM-16,,,0,,16.093,27.0,74.0,4.6
bergstrom,USW00013904,2021-07-06T15:53:00+00:00,2021-07-06T10:53:00-05:00,2021-07-06T09:53:00,FM-15,0.0,0.0,0,,16.093,27.2,74.0,5.7
bergstrom,USW00013904,2021-07-06T16:18:00+00:00,2021-07-06T11:18:00-05:00,2021-07-06T10:18:00,FM-16,,,0,,16.093,28.3,72.0,4.1
bergstrom,USW00013904,2021-07-06T16:53:00+00:00,2021-07-06T11:53:00-05:00,2021-07-06T10:53:00,FM-15,0.0,0.0,0,,16.093,27.8,72.0,3.6
bergstrom,USW00013904,2021-07-06T17:53:00+00:00,2021-07-06T12:53:00-05:00,2021-07-06T11:53:00,FM-15,0.0,0.0,0,,16.093,29.4,65.0,5.7
bergstrom,USW00013904,2021-07-06T18:53:00+00:00,2021-07-06T13:53:00-05:00,2021-07-06T12:53:00,FM-15,0.0,0.0,0,,16.093,30.0,65.0,5.1
bergstrom,USW00013904,2021-07-06T19:53:00+00:00,2021-07-06T14:53:00-05:00,2021-07-06T13:53:00,FM-15,0.0,0.0,0,,16.093,28.9,70.0,5.7
bergstrom,USW00013904,2021-07-06T20:53:00+00:00,2021-07-06T15:53:00-05:00,2021-07-06T14:53:00,FM-15,0.0,0.0,0,,16.093,30.0,61.0,5.1
bergstrom,USW00013904,2021-07-06T21:53:00+00:00,2021-07-06T16:53:00-05:00,2021-07-06T15:53:00,FM-15,0.0,0.0,0,,16.093,30.6,59.0,4.6
bergstrom,USW00013904,2021-07-06T22:53:00+00:00,2021-07-06T17:53:00-05:00,2021-07-06T16:53:00,FM-15,0.0,0.0,0,,16.093,30.6,59.0,4.6
bergstrom,USW00013904,2021-07-06T23:53:00+00:00,2021-07-06T18:53:00-05:00,2021-07-06T17:53:00,FM-15,,T,1,,16.093,27.8,74.0,4.1
bergstrom,USW00013904,2021-07-07T00:10:00+00:00,2021-07-06T19:10:00-05:00,2021-07-06T18:10:00,FM-16,,,1,||RA,16.093,27.8,77.0,3.6
bergstrom,USW00013904,2021-07-07T00:31:00+00:00,2021-07-06T19:31:00-05:00,2021-07-06T18:31:00,FM-16,,,0,,16.093,27.2,79.0,3.1
bergstrom,USW00013904,2021-07-07T00:53:00+00:00,2021-07-06T19:53:00-05:00,2021-07-06T18:53:00,FM-15,0.0,0.0,0,,16.093,27.2,79.0,3.6
bergstrom,USW00013904,2021-07-07T01:53:00+00:00,2021-07-06T20:53:00-05:00,2021-07-06T19:53:00,FM-15,0.0,0.0,0,,16.093,25.6,87.0,1.5
bergstrom,USW00013904,2021-07-07T02:53:00+00:00,2021-07-06T21:53:00-05:00,2021-07-06T20:53:00,FM-15,0.0,0.0,0,,16.093,24.4,91.0,2.1
bergstrom,USW00013904,2021-07-07T03:38:00+00:00,2021-07-06T22:38:00-05:00,2021-07-06T21:38:00,FM-16,,,0,,16.093,23.9,90.0,1.5
bergstrom,USW00013904,2021-07-07T03:51:00+00:00,2021-07-06T22:51:00-05:00,2021-07-06T21:51:00,FM-16,,,0,,16.093,24.0,89.0,2.1
bergstrom,USW00013904,2021-07-07T03:53:00+00:00,2021-07-06T22:53:00-05:00,2021-07-06T21:53:00,FM-15,0.0,0.0,0,,16.093,24.4,88.0,2.1
bergstrom,USW00013904,2021-07-07T04:53:00+00:00,2021-07-06T23:53:00-05:00,2021-07-06T22:53:00,FM-15,0.0,0.0,0,,16.093,23.9,88.0,2.6
bergstrom,USW00013904,2021-07-07T05:53:00+00:00,2021-07-07T00:53:00-05:00,2021-07-06T23:53:00,FM-15,0.0,0.0,0,,16.093,22.2,97.0,0.0
bergstrom,USW00013904,2021-07-07T06:53:00+00:00,2021-07-07T01:53:00-05:00,2021-07-07T00:53:00,FM-15,0.0,0.0,0,,16.093,21.1,100.0,0.0
bergstrom,USW00013904,2021-07-07T07:53:00+00:00,2021-07-07T02:53:00-05:00,2021-07-07T01:53:00,FM-15,0.0,0.0,0,,16.093,21.1,100.0,1.5
bergstrom,USW00013904,2021-07-07T08:53:00+00:00,2021-07-07T03:53:00-05:00,2021-07-07T02:53:00,FM-15,0.0,0.0,0,,16.093,21.1,100.0,0.0
bergstrom,USW00013904,2021-07-07T09:53:00+00:00,2021-07-07T04:53:00-05:00,2021-07-07T03:53:00,FM-15,0.0,0.0,0,,16.093,21.1,100.0,1.5
bergstrom,USW00013904,2021-07-07T10:07:00+00:00,2021-07-07T05:07:00-05:00,2021-07-07T04:07:00,FM-16,,,0,,16.093,21.1,100.0,1.5
bergstrom,USW00013904,2021-07-07T10:38:00+00:00,2021-07-07T05:38:00-05:00,2021-07-07T04:38:00,FM-16,,,0,,16.093,22.8,96.0,2.1
bergstrom,USW00013904,2021-07-07T10:51:00+00:00,2021-07-07T05:51:00-05:00,2021-07-07T04:51:00,FM-16,,,0,,16.093,23.0,94.0,3.1
bergstrom,USW00013904,2021-07-07T10:53:00+00:00,2021-07-07T05:53:00-05:00,2021-07-07T04:53:00,FM-15,0.0,0.0,0,,16.093,22.8,96.0,3.1
bergstrom,USW00013904,2021-07-07T11:27:00+00:00,2021-07-07T06:27:00-05:00,2021-07-07T05:27:00,FM-16,,,0,,16.093,22.2,100.0,2.1
bergstrom,USW00013904,2021-07-07T11:30:00+00:00,2021-07-07T06:30:00-05:00,2021-07-07T05:30:00,FM-16,,,0,,3.219,22.2,100.0,2.6
bergstrom,USW00013904,2021-07-07T11:53:00+00:00,2021-07-07T06:53:00-05:00,2021-07-07T05:53:00,FM-15,0.0,0.0,0,,3.219,22.2,100.0,2.6
bergstrom,USW00013904,2021-07-07T12:03:00+00:00,2021-07-07T07:03:00-05:00,2021-07-07T06:03:00,FM-16,,,0,BR:1 |BR |,1.609,22.2,100.0,2.6
bergstrom,USW00013904,2021-07-07T12:53:00+00:00,2021-07-07T07:53:00-05:00,2021-07-07T06:53:00,FM-15,0.0,0.0,0,BR:1 |BR |,1.609,22.8,96.0,3.1
bergstrom,USW00013904,2021-07-07T13:11:00+00:00,2021-07-07T08:11:00-05:00,2021-07-07T07:11:00,FM-16,,,0,,1.609,22.8,96.0,2.6
bergstrom,USW00013904,2021-07-07T13:14:00+00:00,2021-07-07T08:14:00-05:00,2021-07-07T07:14:00,FM-16,,,0,,11.265,22.8,96.0,2.6
bergstrom,USW00013904,2021-07-07T13:30:00+00:00,2021-07-07T08:30:00-05:00,2021-07-07T07:30:00,FM-16,,,0,,14.484,23.3,94.0,2.1
bergstrom,USW00013904,2021-07-07T13:53:00+00:00,2021-07-07T08:53:00-05:00,2021-07-07T07:53:00,FM-15,0.0,0.0,0,,16.093,23.3,94.0,3.1
bergstrom,USW00013904,2021-07-07T14:30:00+00:00,2021-07-07T09:30:00-05:00,2021-07-07T08:30:00,FM-16,,,1,-RA:02 |RA |RA,16.093,23.9,90.0,3.6
bergstrom,USW00013904,2021-07-07T14:53:00+00:00,2021-07-07T09:53:00-05:00,2021-07-07T08:53:00,FM-15,,T,1,,16.093,23.9,90.0,4.1
bergstrom,USW00013904,2021-07-07T15:20:00+00:00,2021-07-07T10:20:00-05:00,2021-07-07T09:20:00,FM-16,,,0,,16.093,25.6,85.0,4.1
bergstrom,USW00013904,2021-07-07T15:53:00+00:00,2021-07-07T10:53:00-05:00,2021-07-07T09:53:00,FM-15,0.0,0.0,0,,16.093,26.1,79.0,4.1
bergstrom,USW00013904,2021-07-07T16:53:00+00:00,2021-07-07T11:53:00-05:00,2021-07-07T10:53:00,FM-15,0.0,0.0,0,,16.093,27.8,72.0,6.2
bergstrom,USW00013904,2021-07-07T17:13:00+00:00,2021-07-07T12:13:00-05:00,2021-07-07T11:13:00,FM-16,,,0,,16.093,27.8,72.0,4.6
bergstrom,USW00013904,2021-07-07T17:53:00+00:00,2021-07-07T12:53:00-05:00,2021-07-07T11:53:00,FM-15,0.0,0.0,0,,16.093,28.9,65.0,5.7
bergstrom,USW00013904,2021-07-07T18:53:00+00:00,2021-07-07T13:53:00-05:00,2021-07-07T12:53:00,FM-15,0.0,0.0,0,,16.093,27.8,67.0,5.1
bergstrom,USW00013904,2021-07-07T19:53:00+00:00,2021-07-07T14:53:00-05:00,2021-07-07T13:53:00,FM-15,,T,1,,16.093,28.3,70.0,4.6
bergstrom,USW00013904,2021-07-07T20:53:00+00:00,2021-07-07T15:53:00-05:00,2021-07-07T14:53:00,FM-15,0.0,0.0,0,,16.093,28.3,67.0,5.1
bergstrom,USW00013904,2021-07-07T21:53:00+00:00,2021-07-07T16:53:00-05:00,2021-07-07T15:53:00,FM-15,0.0,0.0,0,,16.093,28.9,67.0,5.7
bergstrom,USW00013904,2021-07-07T22:53:00+00:00,2021-07-07T17:53:00-05:00,2021-07-07T16:53:00,FM-15,0.0,0.0,0,,16.093,28.3,70.0,4.1
bergstrom,USW00013904,2021-07-07T23:53:00+00:00,2021-07-07T18:53:00-05:00,2021-07-07T17:53:00,FM-15,0.0,0.0,0,,16.093,28.9,65.0,3.1
bergstrom,USW00013904,2021-07-08T00:53:00+00:00,2021-07-07T19:53:00-05:00,2021-07-07T18:53:00,FM-15,0.0,0.0,0,,16.093,26.7,74.0,2.6
bergstrom,USW00013904,2021-07-08T01:53:00+00:00,2021-07-07T20:53:00-05:00,2021-07-07T19:53:00,FM-15,0.0,0.0,0,,16.093,24.4,85.0,2.1
bergstrom,USW00013904,2021-07-08T02:53:00+00:00,2021-07-07T21:53:00-05:00,2021-07-07T20:53:00,FM-15,0.0,0.0,0,,16.093,23.3,91.0,1.5
bergstrom,USW00013904,2021-07-08T03:53:00+00:00,2021-07-07T22:53:00-05:00,2021-07-07T21:53:00,FM-15,0.0,0.0,0,,16.093,22.2,97.0,0.0
bergstrom,USW00013904,2021-07-08T04:53:00+00:00,2021-07-07T23:53:00-05:00,2021-07-07T22:53:00,FM-15,0.0,0.0,0,,16.093,22.8,96.0,0.0
bergstrom,USW00013904,2021-07-08T05:53:00+00:00,2021-07-08T00:53:00-05:00,2021-07-07T23:53:00,FM-15,0.0,0.0,0,,16.093,21.7,96.0,0.0
bergstrom,USW00013904,2021-07-08T06:53:00+00:00,2021-07-08T01:53:00-05:00,2021-07-08T00:53:00,FM-15,0.0,0.0,0,,16.093,21.7,100.0,0.0
bergstrom,USW00013904,2021-07-08T07:53:00+00:00,2021-07-08T02:53:00-05:00,2021-07-08T01:53:00,FM-15,0.0,0.0,0,,16.093,21.7,96.0,2.6
bergstrom,USW00013904,2021-07-08T08:53:00+00:00,2021-07-08T03:53:00-05:00,2021-07-08T02:53:00,FM-15,0.0,0.0,0,,16.093,22.8,94.0,2.1
bergstrom,USW00013904,2021-07-08T09:53:00+00:00,2021-07-08T04:53:00-05:00,2021-07-08T03:53:00,FM-15,0.0,0.0,0,,16.093,22.8,90.0,2.1
bergstrom,USW00013904,2021-07-08T10:15:00+00:00,2021-07-08T05:15:00-05:00,2021-07-08T04:15:00,FM-16,,,0,,16.093,22.8,94.0,2.1
bergstrom,USW00013904,2021-07-08T10:48:00+00:00,2021-07-08T05:48:00-05:00,2021-07-08T04:48:00,FM-16,,,0,,16.093,23.0,94.0,2.6
bergstrom,USW00013904,2021-07-08T10:53:00+00:00,2021-07-08T05:53:00-05:00,2021-07-08T04:53:00,FM-15,0.0,0.0,0,,16.093,22.8,94.0,2.1
bergstrom,USW00013904,2021-07-08T11:40:00+00:00,2021-07-08T06:40:00-05:00,2021-07-08T05:40:00,FM-16,,,0,,16.093,22.8,94.0,1.5
bergstrom,USW00013904,2021-07-08T11:53:00+00:00,2021-07-08T06:53:00-05:00,2021-07-08T05:53:00,FM-15,0.0,0.0,0,,16.093,22.8,94.0,1.5
bergstrom,USW00013904,2021-07-08T12:53:00+00:00,2021-07-08T07:53:00-05:00,2021-07-08T06:53:00,FM-15,0.0,0.0,0,,16.093,23.3,94.0,3.1
bergstrom,USW00013904,2021-07-08T13:53:00+00:00,2021-07-08T08:53:00-05:00,2021-07-08T07:53:00,FM-15,0.0,0.0,0,,16.093,24.4,85.0,3.1
bergstrom,USW00013904,2021-07-08T14:42:00+00:00,2021-07-08T09:42:00-05:00,2021-07-08T08:42:00,FM-16,,,0,,16.093,25.6,79.0,2.6
bergstrom,USW00013904,2021-07-08T14:53:00+00:00,2021-07-08T09:53:00-05:00,2021-07-08T08:53:00,FM-15,0.0,0.0,0,,16.093,25.6,82.0,4.6
bergstrom,USW00013904,2021-07-08T15:14:00+00:00,2021-07-08T10:14:00-05:00,2021-07-08T09:14:00,FM-16,,,0,,16.093,26.1,77.0,3.1
bergstrom,USW00013904,2021-07-08T15:53:00+00:00,2021-07-08T10:53:00-05:00,2021-07-08T09:53:00,FM-15,0.0,0.0,0,,16.093,27.2,74.0,4.6
bergstrom,USW00013904,2021-07-08T16:53:00+00:00,2021-07-08T11:53:00-05:00,2021-07-08T10:53:00,FM-15,0.0,0.0,0,,16.093,28.9,67.0,4.6
bergstrom,USW00013904,2021-07-08T17:53:00+00:00,2021-07-08T12:53:00-05:00,2021-07-08T11:53:00,FM-15,0.0,0.0,0,,16.093,29.4,63.0,7.2
bergstrom,USW00013904,2021-07-08T18:53:00+00:00,2021-07-08T13:53:00-05:00,2021-07-08T12:53:00,FM-15,0.0,0.0,0,,16.093,29.4,63.0,5.1
bergstrom,USW00013904,2021-07-08T19:53:00+00:00,2021-07-08T14:53:00-05:00,2021-07-08T13:53:00,FM-15,0.0,0.0,0,,16.093,29.4,61.0,5.7
bergstrom,USW00013904,2021-07-08T20:53:00+00:00,2021-07-08T15:53:00-05:00,2021-07-08T14:53:00,FM-15,0.0,0.0,0,,16.093,29.4,61.0,6.2
bergstrom,USW00013904,2021-07-08T21:53:00+00:00,2021-07-08T16:53:00-05:00,2021-07-08T15:53:00,FM-15,0.0,0.0,0,,16.093,28.9,63.0,4.6
bergstrom,USW00013904,2021-07-08T22:53:00+00:00,2021-07-08T17:53:00-05:00,2021-07-08T16:53:00,FM-15,0.0,0.0,0,,16.093,27.2,74.0,4.6
bergstrom,USW00013904,2021-07-08T23:15:00+00:00,2021-07-08T18:15:00-05:00,2021-07-08T17:15:00,FM-16,,,1,-RA:02 |RA |RA,16.093,26.1,82.0,4.6
bergstrom,USW00013904,2021-07-08T23:53:00+00:00,2021-07-08T18:53:00-05:00,2021-07-08T17:53:00,FM-15,,T,1,-RA:02 |RA |RA,16.093,23.9,94.0,5.1
bergstrom,USW00013904,2021-07-09T00:20:00+00:00,2021-07-08T19:20:00-05:00,2021-07-08T18:20:00,FM-16,,,0,,16.093,23.9,94.0,4.6
bergstrom,USW00013904,2021-07-09T00:53:00+00:00,2021-07-08T19:53:00-05:00,2021-07-08T18:53:00,FM-15,,T,1,,14.484,23.9,94.0,3.6
bergstrom,USW00013904,2021-07-09T01:34:00+00:00,2021-07-08T20:34:00-05:00,2021-07-08T19:34:00,FM-16,,,1,-RA:02 |RA |RA,16.093,23.9,96.0,4.1
bergstrom,USW00013904,2021-07-09T01:51:00+00:00,2021-07-08T20:51:00-05:00,2021-07-08T19:51:00,FM-16,,,1,-RA:02 |RA |RA,12.875,23.0,100.0,4.1
bergstrom,USW00013904,2021-07-09T01:53:00+00:00,2021-07-08T20:53:00-05:00,2021-07-08T19:53:00,FM-15,,T,1,,12.875,23.3,100.0,4.6
bergstrom,USW00013904,2021-07-09T02:53:00+00:00,2021-07-08T21:53:00-05:00,2021-07-08T20:53:00,FM-15,1.3,1.3,1,,12.875,23.3,100.0,4.6
bergstrom,USW00013904,2021-07-09T03:43:00+00:00,2021-07-08T22:43:00-05:00,2021-07-08T21:43:00,FM-16,,,0,,16.093,23.9,96.0,4.1
bergstrom,USW00013904,2021-07-09T03:53:00+00:00,2021-07-08T22:53:00-05:00,2021-07-08T21:53:00,FM-15,,T,1,,16.093,23.9,96.0,4.6
bergstrom,USW00013904,2021-07-09T04:41:00+00:00,2021-07-08T23:41:00-05:00,2021-07-08T22:41:00,FM-16,,,0,,16.093,23.9,94.0,4.6
bergstrom,USW00013904,2021-07-09T04:53:00+00:00,2021-07-08T23:53:00-05:00,2021-07-08T22:53:00,FM-15,,T,1,,16.093,23.3,97.0,3.1
bergstrom,USW00013904,2021-07-09T05:53:00+00:00,2021-07-09T00:53:00-05:00,2021-07-08T23:53:00,FM-15,0.0,0.0,0,,16.093,23.3,97.0,3.1
bergstrom,USW00013904,2021-07-09T06:31:00+00:00,2021-07-09T01:31:00-05:00,2021-07-09T00:31:00,FM-16,,,0,,16.093,23.3,100.0,4.1
bergstrom,USW00013904,2021-07-09T06:44:00+00:00,2021-07-09T01:44:00-05:00,2021-07-09T00:44:00,FM-16,,,0,,16.093,23.3,100.0,3.1
bergstrom,USW00013904,2021-07-09T06:53:00+00:00,2021-07-09T01:53:00-05:00,2021-07-09T00:53:00,FM-15,0.0,0.0,0,,16.093,23.3,100.0,3.6
bergstrom,USW00013904,2021-07-09T07:49:00+00:00,2021-07-09T02:49:00-05:00,2021-07-09T01:49:00,FM-16,,,1,-RA:02 |RA |RA,16.093,23.0,100.0,2.6
bergstrom,USW00013904,2021-07-09T07:53:00+00:00,2021-07-09T02:53:00-05:00,2021-07-09T01:53:00,FM-15,,T,1,-RA:02 |RA |RA,16.093,23.3,100.0,3.1
bergstrom,USW00013904,2021-07-09T08:21:00+00:00,2021-07-09T03:21:00-05:00,2021-07-09T02:21:00,FM-16,,,0,,16.093,23.3,100.0,3.1
bergstrom,USW00013904,2021-07-09T08:39:00+00:00,2021-07-09T03:39:00-05:00,2021-07-09T02:39:00,FM-16,,,0,,16.093,23.3,100.0,3.6
bergstrom,USW00013904,2021-07-09T08:53:00+00:00,2021-07-09T03:53:00-05:00,2021-07-09T02:53:00,FM-15,,T,1,,16.093,23.3,100.0,3.6
bergstrom,USW00013904,2021-07-09T09:37:00+00:00,2021-07-09T04:37:00-05:00,2021-07-09T03:37:00,FM-16,,,0,,16.093,23.3,100.0,4.6
bergstrom,USW00013904,2021-07-09T09:51:00+00:00,2021-07-09T04:51:00-05:00,2021-07-09T03:51:00,FM-16,,,0,,16.093,23.0,100.0,4.1
bergstrom,USW00013904,2021-07-09T09:53:00+00:00,2021-07-09T04:53:00-05:00,2021-07-09T03:53:00,FM-15,,T,1,,16.093,23.3,100.0,4.1
bergstrom,USW00013904,2021-07-09T10:24:00+00:00,2021-07-09T05:24:00-05:00,2021-07-09T04:24:00,FM-16,,,1,-DZ:01 |DZ |DZ,16.093,23.3,100.0,3.6
bergstrom,USW00013904,2021-07-09T10:46:00+00:00,2021-07-09T05:46:00-05:00,2021-07-09T04:46:00,FM-16,,,1,-DZ:01 |DZ |DZ,16.093,23.9,96.0,4.1
bergstrom,USW00013904,2021-07-09T10:53:00+00:00,2021-07-09T05:53:00-05:00,2021-07-09T04:53:00,FM-15,,T,1,-DZ:01 |DZ |DZ,16.093,23.9,96.0,3.6
bergstrom,USW00013904,2021-07-09T11:51:00+00:00,2021-07-09T06:51:00-05:00,2021-07-09T05:51:00,FM-16,,,0,,14.484,24.0,94.0,2.1
bergstrom,USW00013904,2021-07-09T11:53:00+00:00,2021-07-09T06:53:00-05:00,2021-07-09T05:53:00,FM-15,,T,1,,12.875,23.9,96.0,2.6
bergstrom,USW00013904,2021-07-09T12:53:00+00:00,2021-07-09T07:53:00-05:00,2021-07-09T06:53:00,FM-15,0.3,0.3,1,-RA:02 BR:1 |RA BR |RA,9.656,23.9,100.0,4.1
bergstrom,USW00013904,2021-07-09T13:53:00+00:00,2021-07-09T08:53:00-05:00,2021-07-09T07:53:00,FM-15,,T,1,,11.265,24.4,97.0,3.6
bergstrom,USW00013904,2021-07-09T14:51:00+00:00,2021-07-09T09:51:00-05:00,2021-07-09T08:51:00,FM-16,,,0,,16.093,25.0,94.0,4.6
bergstrom,USW00013904,2021-07-09T14:53:00+00:00,2021-07-09T09:53:00-05:00,2021-07-09T08:53:00,FM-15,,T,1,,16.093,25.0,96.0,4.6
bergstrom,USW00013904,2021-07-09T15:47:00+00:00,2021-07-09T10:47:00-05:00,2021-07-09T09:47:00,FM-16,,,1,RA:02 BR:1 |RA BR |RA,6.437,24.0,100.0,4.6
bergstrom,USW00013904,2021-07-09T15:53:00+00:00,2021-07-09T10:53:00-05:00,2021-07-09T09:53:00,FM-15,0.3,0.3,1,-RA:02 BR:1 |RA BR |RA,9.656,24.4,97.0,4.6
bergstrom,USW00013904,2021-07-09T16:07:00+00:00,2021-07-09T11:07:00-05:00,2021-07-09T10:07:00,FM-16,,,1,-RA:02 |RA |RA,16.093,24.4,97.0,6.7
bergstrom,USW00013904,2021-07-09T16:44:00+00:00,2021-07-09T11:44:00-05:00,2021-07-09T10:44:00,FM-16,,,1,RA:02 |RA |RA,11.265,23.9,100.0,4.6
bergstrom,USW00013904,2021-07-09T16:53:00+00:00,2021-07-09T11:53:00-05:00,2021-07-09T10:53:00,FM-15,0.3,0.3,1,RA:02 |RA |RA,11.265,23.9,100.0,4.6
bergstrom,USW00013904,2021-07-09T17:13:00+00:00,2021-07-09T12:13:00-05:00,2021-07-09T11:13:00,FM-16,,,1,-RA:02 |RA |RA,11.265,24.4,97.0,4.1
bergstrom,USW00013904,2021-07-09T17:53:00+00:00,2021-07-09T12:53:00-05:00,2021-07-09T11:53:00,FM-15,1.5,1.5,1,RA:02 BR:1 |RA BR |RA,8.047,23.9,100.0,5.1
bergstrom,USW00013904,2021-07-09T18:05:00+00:00,2021-07-09T13:05:00-05:00,2021-07-09T12:05:00,FM-16,,,1,+RA:02 BR:1 |RA BR |RA,4.828,23.9,96.0,5.1
bergstrom,USW00013904,2021-07-09T18:17:00+00:00,2021-07-09T13:17:00-05:00,2021-07-09T12:17:00,FM-16,,,1,RA:02 BR:1 |RA BR |RA,6.437,23.9,100.0,6.2
bergstrom,USW00013904,2021-07-09T18:45:00+00:00,2021-07-09T13:45:00-05:00,2021-07-09T12:45:00,FM-16,,,0,,16.093,24.4,97.0,5.7
bergstrom,USW00013904,2021-07-09T18:53:00+00:00,2021-07-09T13:53:00-05:00,2021-07-09T12:53:00,FM-15,2.0,2.0,1,,16.093,24.4,97.0,5.1
bergstrom,USW00013904,2021-07-09T19:00:00+00:00,2021-07-09T14:00:00-05:00,2021-07-09T13:00:00,FM-16,,,1,-RA:02 |RA |RA,11.265,24.4,94.0,5.1
bergstrom,USW00013904,2021-07-09T19:53:00+00:00,2021-07-09T14:53:00-05:00,2021-07-09T13:53:00,FM-15,,T,1,,12.875,25.0,94.0,5.7
bergstrom,USW00013904,2021-07-09T20:53:00+00:00,2021-07-09T15:53:00-05:00,2021-07-09T14:53:00,FM-15,,T,1,-RA:02 |RA |RA,16.093,25.0,94.0,5.1
bergstrom,USW00013904,2021-07-09T21:51:00+00:00,2021-07-09T16:51:00-05:00,2021-07-09T15:51:00,FM-16,,,0,,16.093,26.0,84.0,4.6
bergstrom,USW00013904,2021-07-09T21:53:00+00:00,2021-07-09T16:53:00-05:00,2021-07-09T15:53:00,FM-15,,T,1,,16.093,26.1,85.0,5.7
bergstrom,USW00013904,2021-07-09T22:53:00+00:00,2021-07-09T17:53:00-05:00,2021-07-09T16:53:00,FM-15,0.0,0.0,0,,16.093,26.1,85.0,4.1
bergstrom,USW00013904,2021-07-09T23:53:00+00:00,2021-07-09T18:53:00-05:00,2021-07-09T17:53:00,FM-15,0.0,0.0,0,,16.093,26.1,85.0,4.1
bergstrom,USW00013904,2021-07-10T00:53:00+00:00,2021-07-09T19:53:00-05:00,2021-07-09T18:53:00,FM-15,0.0,0.0,0,,16.093,25.6,87.0,4.1
bergstrom,USW00013904,2021-07-10T01:53:00+00:00,2021-07-09T20:53:00-05:00,2021-07-09T19:53:00,FM-15,0.0,0.0,0,,16.093,24.4,94.0,2.1
bergstrom,USW00013904,2021-07-10T02:53:00+00:00,2021-07-09T21:53:00-05:00,2021-07-09T20:53:00,FM-15,0.0,0.0,0,,16.093,23.9,96.0,3.6
bergstrom,USW00013904,2021-07-10T03:51:00+00:00,2021-07-09T22:51:00-05:00,2021-07-09T21:51:00,FM-16,,,0,,16.093,24.0,94.0,3.1
bergstrom,USW00013904,2021-07-10T03:53:00+00:00,2021-07-09T22:53:00-05:00,2021-07-09T21:53:00,FM-15,0.0,0.0,0,,16.093,23.9,96.0,2.6
bergstrom,USW00013904,2021-07-10T04:53:00+00:00,2021-07-09T23:53:00-05:00,2021-07-09T22:53:00,FM-15,0.0,0.0,0,,16.093,23.9,96.0,2.1
bergstrom,USW00013904,2021-07-10T05:53:00+00:00,2021-07-10T00:53:00-05:00,2021-07-09T23:53:00,FM-15,0.0,0.0,0,,16.093,23.9,96.0,0.0
bergstrom,USW00013904,2021-07-10T06:53:00+00:00,2021-07-10T01:53:00-05:00,2021-07-10T00:53:00,FM-15,0.0,0.0,0,,16.093,23.9,96.0,2.6
bergstrom,USW00013904,2021-07-10T07:51:00+00:00,2021-07-10T02:51:00-05:00,2021-07-10T01:51:00,FM-16,,,0,,14.484,23.0,100.0,1.5
bergstrom,USW00013904,2021-07-10T07:53:00+00:00,2021-07-10T02:53:00-05:00,2021-07-10T01:53:00,FM-15,0.0,0.0,0,,14.484,23.3,100.0,2.1
bergstrom,USW00013904,2021-07-10T08:53:00+00:00,2021-07-10T03:53:00-05:00,2021-07-10T02:53:00,FM-15,0.0,0.0,0,BR:1 |BR |,9.656,23.3,100.0,2.1
bergstrom,USW00013904,2021-07-10T09:45:00+00:00,2021-07-10T04:45:00-05:00,2021-07-10T03:45:00,FM-16,,,0,BR:1 |BR |,2.414,23.9,100.0,2.1
bergstrom,USW00013904,2021-07-10T09:53:00+00:00,2021-07-10T04:53:00-05:00,2021-07-10T03:53:00,FM-15,0.0,0.0,0,BR:1 |BR |,2.414,23.3,100.0,2.1
bergstrom,USW00013904,2021-07-10T10:28:00+00:00,2021-07-10T05:28:00-05:00,2021-07-10T04:28:00,FM-16,,,1,-RA:02 BR:1 |RA BR |RA,4.023,23.3,100.0,2.6
bergstrom,USW00013904,2021-07-10T10:51:00+00:00,2021-07-10T05:51:00-05:00,2021-07-10T04:51:00,FM-16,,,0,,11.265,23.0,100.0,2.1
bergstrom,USW00013904,2021-07-10T10:53:00+00:00,2021-07-10T05:53:00-05:00,2021-07-10T04:53:00,FM-15,,T,1,,11.265,23.3,97.0,2.1
bergstrom,USW00013904,2021-07-10T11:51:00+00:00,2021-07-10T06:51:00-05:00,2021-07-10T05:51:00,FM-16,,,1,-RA:02 BR:1 |RA BR |RA,6.437,23.0,100.0,0.0
bergstrom,USW00013904,2021-07-10T11:53:00+00:00,2021-07-10T06:53:00-05:00,2021-07-10T05:53:00,FM-15,,T,1,RA:02 BR:1 |RA BR |RA,6.437,23.3,97.0,0.0
bergstrom,USW00013904,2021-07-10T12:53:00+00:00,2021-07-10T07:53:00-05:00,2021-07-10T06:53:00,FM-15,0.8,0.8,1,-RA:02 BR:1 |RA BR |RA,8.047,23.9,100.0,1.5
bergstrom,USW00013904,2021-07-10T13:09:00+00:00,2021-07-10T08:09:00-05:00,2021-07-10T07:09:00,FM-16,,,1,-RA:02 BR:1 |RA BR |RA,9.656,24.4,97.0,0.0
bergstrom,USW00013904,2021-07-10T13:31:00+00:00,2021-07-10T08:31:00-05:00,2021-07-10T07:31:00,FM-16,,,0,BR:1 |BR |,9.656,24.4,100.0,2.1
bergstrom,USW00013904,2021-07-10T13:53:00+00:00,2021-07-10T08:53:00-05:00,2021-07-10T07:53:00,FM-15,,T,1,,11.265,25.0,96.0,2.6
bergstrom,USW00013904,2021-07-10T14:53:00+00:00,2021-07-10T09:53:00-05:00,2021-07-10T08:53:00,FM-15,,T,1,,16.093,26.1,90.0,3.6
bergstrom,USW00013904,2021-07-10T15:17:00+00:00,2021-07-10T10:17:00-05:00,2021-07-10T09:17:00,FM-16,,,0,,16.093,26.1,90.0,2.6
bergstrom,USW00013904,2021-07-10T15:53:00+00:00,2021-07-10T10:53:00-05:00,2021-07-10T09:53:00,FM-15,0.0,0.0,0,,16.093,27.8,85.0,3.1
bergstrom,USW00013904,2021-07-10T16:53:00+00:00,2021-07-10T11:53:00-05:00,2021-07-10T10:53:00,FM-15,0.0,0.0,0,,16.093,28.9,77.0,4.1
bergstrom,USW00013904,2021-07-10T17:53:00+00:00,2021-07-10T12:53:00-05:00,2021-07-10T11:53:00,FM-15,0.0,0.0,0,,16.093,30.6,70.0,5.1
bergstrom,USW00013904,2021-07-10T18:53:00+00:00,2021-07-10T13:53:00-05:00,2021-07-10T12:53:00,FM-15,0.0,0.0,0,,16.093,32.2,62.0,6.7
bergstrom,USW00013904,2021-07-10T19:53:00+00:00,2021-07-10T14:53:00-05:00,2021-07-10T13:53:00,FM-15,0.0,0.0,0,,16.093,32.2,59.0,5.7
bergstrom,USW00013904,2021-07-10T20:53:00+00:00,2021-07-10T15:53:00-05:00,2021-07-10T14:53:00,FM-15,,T,1,,16.093,31.1,63.0,6.7
bergstrom,USW00013904,2021-07-10T21:53:00+00:00,2021-07-10T16:53:00-05:00,2021-07-10T15:53:00,FM-15,0.0,0.0,0,,16.093,31.1,55.0,7.2
bergstrom,USW00013904,2021-07-10T22:53:00+00:00,2021-07-10T17:53:00-05:00,2021-07-10T16:53:00,FM-15,0.0,0.0,0,,16.093,31.1,59.0,7.2
bergstrom,USW00013904,2021-07-10T23:53:00+00:00,2021-07-10T18:53:00-05:00,2021-07-10T17:53:00,FM-15,0.0,0.0,0,,16.093,30.0,67.0,5.7
bergstrom,USW00013904,2021-07-11T00:53:00+00:00,2021-07-10T19:53:00-05:00,2021-07-10T18:53:00,FM-15,0.0,0.0,0,,16.093,29.4,72.0,5.1
bergstrom,USW00013904,2021-07-11T01:53:00+00:00,2021-07-10T20:53:00-05:00,2021-07-10T19:53:00,FM-15,0.0,0.0,0,,16.093,27.8,82.0,3.6
bergstrom,USW00013904,2021-07-11T02:53:00+00:00,2021-07-10T21:53:00-05:00,2021-07-10T20:53:00,FM-15,0.0,0.0,0,,16.093,26.1,85.0,3.1
bergstrom,USW00013904,2021-07-11T03:53:00+00:00,2021-07-10T22:53:00-05:00,2021-07-10T21:53:00,FM-15,0.0,0.0,0,,16.093,24.4,97.0,2.6
bergstrom,USW00013904,2021-07-11T04:53:00+00:00,2021-07-10T23:53:00-05:00,2021-07-10T22:53:00,FM-15,0.0,0.0,0,,16.093,24.4,97.0,3.6
bergstrom,USW00013904,2021-07-11T05:46:00+00:00,2021-07-11T00:46:00-05:00,2021-07-10T23:46:00,FM-16,,,0,,16.093,24.4,97.0,3.1
bergstrom,USW00013904,2021-07-11T05:53:00+00:00,2021-07-11T00:53:00-05:00,2021-07-10T23:53:00,FM-15,0.0,0.0,0,,16.093,24.4,100.0,3.1
bergstrom,USW00013904,2021-07-11T06:00:00+00:00,2021-07-11T01:00:00-05:00,2021-07-11T00:00:00,FM-16,,,0,,16.093,24.4,100.0,3.1
bergstrom,USW00013904,2021-07-11T06:53:00+00:00,2021-07-11T01:53:00-05:00,2021-07-11T00:53:00,FM-15,0.0,0.0,0,,14.484,24.4,97.0,3.6
bergstrom,USW00013904,2021-07-11T07:51:00+00:00,2021-07-11T02:51:00-05:00,2021-07-11T01:51:00,FM-16,,,0,,16.093,24.0,100.0,2.6
bergstrom,USW00013904,2021-07-11T07:53:00+00:00,2021-07-11T02:53:00-05:00,2021-07-11T01:53:00,FM-15,0.0,0.0,0,,16.093,23.9,100.0,2.6
bergstrom,USW00013904,2021-07-11T08:53:00+00:00,2021-07-11T03:53:00-05:00,2021-07-11T02:53:00,FM-15,0.0,0.0,0,,16.093,23.9,96.0,2.6
bergstrom,USW00013904,2021-07-11T09:53:00+00:00,2021-07-11T04:53:00-05:00,2021-07-11T03:53:00,FM-15,0.0,0.0,0,,16.093,24.4,94.0,0.0
bergstrom,USW00013904,2021-07-11T10:53:00+00:00,2021-07-11T05:53:00-05:00,2021-07-11T04:53:00,FM-15,0.0,0.0,0,,16.093,23.9,94.0,1.5
bergstrom,USW00013904,2021-07-11T11:13:00+00:00,2021-07-11T06:13:00-05:00,2021-07-11T05:13:00,FM-16,,,0,,16.093,23.9,94.0,2.1
bergstrom,USW00013904,2021-07-11T11:53:00+00:00,2021-07-11T06:53:00-05:00,2021-07-11T05:53:00,FM-15,0.0,0.0,0,,16.093,23.9,94.0,0.0
bergstrom,USW00013904,2021-07-11T12:53:00+00:00,2021-07-11T07:53:00-05:00,2021-07-11T06:53:00,FM-15,0.0,0.0,0,,16.093,24.4,94.0,1.5
bergstrom,USW00013904,2021-07-11T13:53:00+00:00,2021-07-11T08:53:00-05:00,2021-07-11T07:53:00,FM-15,0.0,0.0,0,,11.265,25.0,94.0,0.0
bergstrom,USW00013904,2021-07-11T14:35:00+00:00,2021-07-11T09:35:00-05:00,2021-07-11T08:35:00,FM-16,,,0,,11.265,25.6,93.0,2.1
bergstrom,USW00013904,2021-07-11T14:53:00+00:00,2021-07-11T09:53:00-05:00,2021-07-11T08:53:00,FM-15,0.0,0.0,0,,11.265,26.1,90.0,0.0
bergstrom,USW00013904,2021-07-11T15:53:00+00:00,2021-07-11T10:53:00-05:00,2021-07-11T09:53:00,FM-15,0.0,0.0,0,,16.093,26.7,85.0,0.0
bergstrom,USW00013904,2021-07-11T16:04:00+00:00,2021-07-11T11:04:00-05:00,2021-07-11T10:04:00,FM-16,,,0,,16.093,27.2,82.0,0.0
bergstrom,USW00013904,2021-07-11T16:51:00+00:00,2021-07-11T11:51:00-05:00,2021-07-11T10:51:00,FM-16,,,0,,16.093,28.0,79.0,3.6
bergstrom,USW00013904,2021-07-11T16:53:00+00:00,2021-07-11T11:53:00-05:00,2021-07-11T10:53:00,FM-15,0.0,0.0,0,,16.093,28.9,77.0,4.1
bergstrom,USW00013904,2021-07-11T17:18:00+00:00,2021-07-11T12:18:00-05:00,2021-07-11T11:18:00,FM-16,,,0,,16.093,28.9,77.0,3.6
bergstrom,USW00013904,2021-07-11T17:51:00+00:00,2021-07-11T12:51:00-05:00,2021-07-11T11:51:00,FM-16,,,0,,16.093,30.0,70.0,5.1
bergstrom,USW00013904,2021-07-11T17:53:00+00:00,2021-07-11T12:53:00-05:00,2021-07-11T11:53:00,FM-15,0.0,0.0,0,,16.093,30.0,70.0,5.1
bergstrom,USW00013904,2021-07-11T18:53:00+00:00,2021-07-11T13:53:00-05:00,2021-07-11T12:53:00,FM-15,0.0,0.0,0,,16.093,30.6,65.0,4.6
bergstrom,USW00013904,2021-07-11T19:53:00+00:00,2021-07-11T14:53:00-05:00,2021-07-11T13:53:00,FM-15,0.0,0.0,0,,16.093,31.7,59.0,6.2
bergstrom,USW00013904,2021-07-11T20:53:00+00:00,2021-07-11T15:53:00-05:00,2021-07-11T14:53:00,FM-15,0.0,0.0,0,,16.093,31.1,59.0,5.7
bergstrom,USW00013904,2021-07-11T21:53:00+00:00,2021-07-11T16:53:00-05:00,2021-07-11T15:53:00,FM-15,0.0,0.0,0,,16.093,31.7,55.0,5.1
bergstrom,USW00013904,2021-07-11T22:53:00+00:00,2021-07-11T17:53:00-05:00,2021-07-11T16:53:00,FM-15,0.0,0.0,0,,16.093,31.7,57.0,4.6
bergstrom,USW00013904,2021-07-11T23:53:00+00:00,2021-07-11T18:53:00-05:00,2021-07-11T17:53:00,FM-15,0.0,0.0,0,,16.093,30.6,57.0,4.6
bergstrom,USW00013904,2021-07-12T00:53:00+00:00,2021-07-11T19:53:00-05:00,2021-07-11T18:53:00,FM-15,0.0,0.0,0,,16.093,28.3,67.0,3.1
bergstrom,USW00013904,2021-07-12T01:53:00+00:00,2021-07-11T20:53:00-05:00,2021-07-11T19:53:00,FM-15,0.0,0.0,0,,16.093,25.6,85.0,2.6
bergstrom,USW00013904,2021-07-12T02:53:00+00:00,2021-07-11T21:53:00-05:00,2021-07-11T20:53:00,FM-15,0.0,0.0,0,,16.093,26.1,82.0,3.6
bergstrom,USW00013904,2021-07-12T03:53:00+00:00,2021-07-11T22:53:00-05:00,2021-07-11T21:53:00,FM-15,0.0,0.0,0,,16.093,25.0,88.0,2.1
bergstrom,USW00013904,2021-07-12T04:53:00+00:00,2021-07-11T23:53:00-05:00,2021-07-11T22:53:00,FM-15,0.0,0.0,0,,16.093,25.0,90.0,2.6
bergstrom,USW00013904,2021-07-12T05:53:00+00:00,2021-07-12T00:53:00-05:00,2021-07-11T23:53:00,FM-15,0.0,0.0,0,,16.093,25.0,94.0,4.1
bergstrom,USW00013904,2021-07-12T06:53:00+00:00,2021-07-12T01:53:00-05:00,2021-07-12T00:53:00,FM-15,0.0,0.0,0,,16.093,25.0,94.0,4.6
bergstrom,USW00013904,2021-07-12T07:12:00+00:00,2021-07-12T02:12:00-05:00,2021-07-12T01:12:00,FM-16,,,0,,16.093,25.0,96.0,3.6
bergstrom,USW00013904,2021-07-12T07:20:00+00:00,2021-07-12T02:20:00-05:00,2021-07-12T01:20:00,FM-16,,,0,,16.093,25.0,96.0,3.6
bergstrom,USW00013904,2021-07-12T07:29:00+00:00,2021-07-12T02:29:00-05:00,2021-07-12T01:29:00,FM-16,,,0,,16.093,25.0,96.0,3.6
bergstrom,USW00013904,2021-07-12T07:53:00+00:00,2021-07-12T02:53:00-05:00,2021-07-12T01:53:00,FM-15,0.0,0.0,0,,16.093,25.0,96.0,5.1
bergstrom,USW00013904,2021-07-12T08:53:00+00:00,2021-07-12T03:53:00-05:00,2021-07-12T02:53:00,FM-15,0.0,0.0,0,,16.093,25.0,96.0,3.6
bergstrom,USW00013904,2021-07-12T09:51:00+00:00,2021-07-12T04:51:00-05:00,2021-07-12T03:51:00,FM-16,,,0,,16.093,26.0,89.0,2.6
bergstrom,USW00013904,2021-07-12T09:53:00+00:00,2021-07-12T04:53:00-05:00,2021-07-12T03:53:00,FM-15,0.0,0.0,0,,16.093,25.6,93.0,3.1
bergstrom,USW00013904,2021-07-12T10:35:00+00:00,2021-07-12T05:35:00-05:00,2021-07-12T04:35:00,FM-16,,,0,,16.093,25.0,94.0,5.1
bergstrom,USW00013904,2021-07-12T10:53:00+00:00,2021-07-12T05:53:00-05:00,2021-07-12T04:53:00,FM-15,0.0,0.0,0,,16.093,25.0,94.0,2.1
bergstrom,USW00013904,2021-07-12T11:53:00+00:00,2021-07-12T06:53:00-05:00,2021-07-12T05:53:00,FM-15,0.0,0.0,0,,16.093,25.0,94.0,3.1
bergstrom,USW00013904,2021-07-12T12:53:00+00:00,2021-07-12T07:53:00-05:00,2021-07-12T06:53:00,FM-15,0.0,0.0,0,,16.093,25.6,93.0,4.6
bergstrom,USW00013904,2021-07-12T13:35:00+00:00,2021-07-12T08:35:00-05:00,2021-07-12T07:35:00,FM-16,,,0,,16.093,26.1,88.0,5.1
bergstrom,USW00013904,2021-07-12T13:53:00+00:00,2021-07-12T08:53:00-05:00,2021-07-12T07:53:00,FM-15,0.0,0.0,0,,16.093,26.1,88.0,5.1
bergstrom,USW00013904,2021-07-12T14:32:00+00:00,2021-07-12T09:32:00-05:00,2021-07-12T08:32:00,FM-16,,,0,,16.093,27.2,79.0,5.1
bergstrom,USW00013904,2021-07-12T14:53:00+00:00,2021-07-12T09:53:00-05:00,2021-07-12T08:53:00,FM-15,0.0,0.0,0,,16.093,27.2,77.0,6.2
bergstrom,USW00013904,2021-07-12T15:51:00+00:00,2021-07-12T10:51:00-05:00,2021-07-12T09:51:00,FM-16,,,0,,16.093,28.0,74.0,6.2
bergstrom,USW00013904,2021-07-12T15:53:00+00:00,2021-07-12T10:53:00-05:00,2021-07-12T09:53:00,FM-15,0.0,0.0,0,,16.093,28.9,72.0,5.1
bergstrom,USW00013904,2021-07-12T16:04:00+00:00,2021-07-12T11:04:00-05:00,2021-07-12T10:04:00,FM-16,,,0,,16.093,29.4,68.0,5.7
bergstrom,USW00013904,2021-07-12T16:53:00+00:00,2021-07-12T11:53:00-05:00,2021-07-12T10:53:00,FM-15,0.0,0.0,0,,16.093,29.4,68.0,5.1
bergstrom,USW00013904,2021-07-12T17:53:00+00:00,2021-07-12T12:53:00-05:00,2021-07-12T11:53:00,FM-15,0.0,0.0,0,,16.093,29.4,63.0,3.1
bergstrom,USW00013904,2021-07-12T18:53:00+00:00,2021-07-12T13:53:00-05:00,2021-07-12T12:53:00,FM-15,0.0,0.0,0,,16.093,29.4,61.0,0.0
bergstrom,USW00013904,2021-07-12T19:38:00+00:00,2021-07-12T14:38:00-05:00,2021-07-12T13:38:00,FM-16,,,0,,16.093,26.1,72.0,8.8
bergstrom,USW00013904,2021-07-12T19:53:00+00:00,2021-07-12T14:53:00-05:00,2021-07-12T13:53:00,FM-15,0.0,0.0,0,,16.093,26.1,72.0,7.2
bergstrom,USW00013904,2021-07-12T20:53:00+00:00,2021-07-12T15:53:00-05:00,2021-07-12T14:53:00,FM-15,0.0,0.0,0,,16.093,26.7,71.0,4.6
bergstrom,USW00013904,2021-07-12T21:53:00+00:00,2021-07-12T16:53:00-05:00,2021-07-12T15:53:00,FM-15,0.0,0.0,0,,16.093,28.3,65.0,1.5
bergstrom,USW00013904,2021-07-12T22:53:00+00:00,2021-07-12T17:53:00-05:00,2021-07-12T16:53:00,FM-15,0.0,0.0,0,,16.093,28.3,67.0,4.1
bergstrom,USW00013904,2021-07-12T23:53:00+00:00,2021-07-12T18:53:00-05:00,2021-07-12T17:53:00,FM-15,0.0,0.0,0,,16.093,27.2,72.0,6.7
bergstrom,USW00013904,2021-07-13T00:53:00+00:00,2021-07-12T19:53:00-05:00,2021-07-12T18:53:00,FM-15,0.0,0.0,0,,16.093,26.1,74.0,2.6
bergstrom,USW00013904,2021-07-13T01:53:00+00:00,2021-07-12T20:53:00-05:00,2021-07-12T19:53:00,FM-15,0.0,0.0,0,,16.093,25.0,79.0,1.5
bergstrom,USW00013904,2021-07-13T02:53:00+00:00,2021-07-12T21:53:00-05:00,2021-07-12T20:53:00,FM-15,0.0,0.0,0,,16.093,22.8,90.0,2.6
bergstrom,USW00013904,2021-07-13T03:53:00+00:00,2021-07-12T22:53:00-05:00,2021-07-12T21:53:00,FM-15,0.0,0.0,0,,16.093,21.7,96.0,0.0
bergstrom,USW00013904,2021-07-13T04:53:00+00:00,2021-07-12T23:53:00-05:00,2021-07-12T22:53:00,FM-15,0.0,0.0,0,,16.093,20.6,96.0,0.0
bergstrom,USW00013904,2021-07-13T05:53:00+00:00,2021-07-13T00:53:00-05:00,2021-07-12T23:53:00,FM-15,0.0,0.0,0,,16.093,21.7,94.0,2.1
bergstrom,USW00013904,2021-07-13T06:53:00+00:00,2021-07-13T01:53:00-05:00,2021-07-13T00:53:00,FM-15,0.0,0.0,0,,16.093,21.1,97.0,0.0
bergstrom,USW00013904,2021-07-13T07:53:00+00:00,2021-07-13T02:53:00-05:00,2021-07-13T01:53:00,FM-15,0.0,0.0,0,,16.093,20.0,100.0,0.0
bergstrom,USW00013904,2021-07-13T08:53:00+00:00,2021-07-13T03:53:00-05:00,2021-07-13T02:53:00,FM-15,0.0,0.0,0,,16.093,19.4,100.0,0.0
bergstrom,USW00013904,2021-07-13T09:22:00+00:00,2021-07-13T04:22:00-05:00,2021-07-13T03:22:00,FM-16,,,0,,16.093,19.4,100.0,0.0
bergstrom,USW00013904,2021-07-13T09:53:00+00:00,2021-07-13T04:53:00-05:00,2021-07-13T03:53:00,FM-15,0.0,0.0,0,,16.093,20.0,100.0,0.0
bergstrom,USW00013904,2021-07-13T10:51:00+00:00,2021-07-13T05:51:00-05:00,2021-07-13T04:51:00,FM-16,,,0,,16.093,21.0,100.0,0.0
bergstrom,USW00013904,2021-07-13T10:53:00+00:00,2021-07-13T05:53:00-05:00,2021-07-13T04:53:00,FM-15,0.0,0.0,0,,16.093,20.6,100.0,0.0
bergstrom,USW00013904,2021-07-13T11:27:00+00:00,2021-07-13T06:27:00-05:00,2021-07-13T05:27:00,FM-16,,,0,,16.093,21.1,97.0,0.0
bergstrom,USW00013904,2021-07-13T11:53:00+00:00,2021-07-13T06:53:00-05:00,2021-07-13T05:53:00,FM-15,0.0,0.0,0,,16.093,21.7,96.0,0.0
bergstrom,USW00013904,2021-07-13T12:53:00+00:00,2021-07-13T07:53:00-05:00,2021-07-13T06:53:00,FM-15,0.0,0.0,0,,16.093,22.8,90.0,0.0
bergstrom,USW00013904,2021-07-13T13:53:00+00:00,2021-07-13T08:53:00-05:00,2021-07-13T07:53:00,FM-15,0.0,0.0,0,,14.484,22.8,96.0,0.0
bergstrom,USW00013904,2021-07-13T14:53:00+00:00,2021-07-13T09:53:00-05:00,2021-07-13T08:53:00,FM-15,0.0,0.0,0,,16.093,25.0,90.0,2.1
bergstrom,USW00013904,2021-07-13T15:11:00+00:00,2021-07-13T10:11:00-05:00,2021-07-13T09:11:00,FM-16,,,0,,16.093,26.1,85.0,2.1
bergstrom,USW00013904,2021-07-13T15:53:00+00:00,2021-07-13T10:53:00-05:00,2021-07-13T09:53:00,FM-15,0.0,0.0,0,,16.093,27.8,77.0,1.5
bergstrom,USW00013904,2021-07-13T16:19:00+00:00,2021-07-13T11:19:00-05:00,2021-07-13T10:19:00,FM-16,,,0,,16.093,28.3,74.0,2.6
bergstrom,USW00013904,2021-07-13T16:53:00+00:00,2021-07-13T11:53:00-05:00,2021-07-13T10:53:00,FM-15,0.0,0.0,0,,16.093,28.9,67.0,2.6
bergstrom,USW00013904,2021-07-13T17:53:00+00:00,2021-07-13T12:53:00-05:00,2021-07-13T11:53:00,FM-15,0.0,0.0,0,,16.093,30.0,61.0,3.1
bergstrom,USW00013904,2021-07-13T18:53:00+00:00,2021-07-13T13:53:00-05:00,2021-07-13T12:53:00,FM-15,0.0,0.0,0,,16.093,31.1,57.0,4.6
bergstrom,USW00013904,2021-07-13T19:53:00+00:00,2021-07-13T14:53:00-05:00,2021-07-13T13:53:00,FM-15,0.0,0.0,0,,16.093,32.2,56.0,6.7
bergstrom,USW00013904,2021-07-13T20:51:00+00:00,2021-07-13T15:51:00-05:00,2021-07-13T14:51:00,FM-16,,,1,TS RA:02 |TS RA |RA,12.875,21.0,94.0,0.0
bergstrom,USW00013904,2021-07-13T20:53:00+00:00,2021-07-13T15:53:00-05:00,2021-07-13T14:53:00,FM-15,1.8,1.8,1,TS RA:02 |TS RA |RA,12.875,21.7,90.0,0.0
bergstrom,USW00013904,2021-07-13T21:51:00+00:00,2021-07-13T16:51:00-05:00,2021-07-13T15:51:00,FM-16,,,1,-RA:02 |RA |RA,16.093,22.0,94.0,1.5
bergstrom,USW00013904,2021-07-13T21:53:00+00:00,2021-07-13T16:53:00-05:00,2021-07-13T15:53:00,FM-15,0.3,0.3,1,-RA:02 |RA |RA,16.093,22.2,87.0,1.5
bergstrom,USW00013904,2021-07-13T22:53:00+00:00,2021-07-13T17:53:00-05:00,2021-07-13T16:53:00,FM-15,,T,1,,16.093,23.9,82.0,0.0
bergstrom,USW00013904,2021-07-13T23:53:00+00:00,2021-07-13T18:53:00-05:00,2021-07-13T17:53:00,FM-15,0.0,0.0,0,,16.093,23.9,84.0,2.1
bergstrom,USW00013904,2021-07-14T00:53:00+00:00,2021-07-13T19:53:00-05:00,2021-07-13T18:53:00,FM-15,0.0,0.0,0,,16.093,25.0,79.0,1.5
bergstrom,USW00013904,2021-07-14T01:53:00+00:00,2021-07-13T20:53:00-05:00,2021-07-13T19:53:00,FM-15,0.0,0.0,0,,16.093,22.8,87.0,0.0
bergstrom,USW00013904,2021-07-14T02:53:00+00:00,2021-07-13T21:53:00-05:00,2021-07-13T20:53:00,FM-15,0.0,0.0,0,,16.093,22.2,84.0,2.6
bergstrom,USW00013904,2021-07-14T03:53:00+00:00,2021-07-13T22:53:00-05:00,2021-07-13T21:53:00,FM-15,0.0,0.0,0,,16.093,21.1,93.0,0.0
bergstrom,USW00013904,2021-07-14T04:53:00+00:00,2021-07-13T23:53:00-05:00,2021-07-13T22:53:00,FM-15,0.0,0.0,0,,16.093,20.0,100.0,0.0
bergstrom,USW00013904,2021-07-14T05:53:00+00:00,2021-07-14T00:53:00-05:00,2021-07-13T23:53:00,FM-15,0.0,0.0,0,,16.093,20.0,100.0,0.0
bergstrom,USW00013904,2021-07-14T06:51:00+00:00,2021-07-14T01:51:00-05:00,2021-07-14T00:51:00,FM-16,,,0,,16.093,19.0,100.0,0.0
bergstrom,USW00013904,2021-07-14T06:53:00+00:00,2021-07-14T01:53:00-05:00,2021-07-14T00:53:00,FM-15,0.0,0.0,0,,16.093,19.4,100.0,0.0
bergstrom,USW00013904,2021-07-14T07:53:00+00:00,2021-07-14T02:53:00-05:00,2021-07-14T01:53:00,FM-15,0.0,0.0,0,,16.093,21.1,100.0,0.0
bergstrom,USW00013904,2021-07-14T08:29:00+00:00,2021-07-14T03:29:00-05:00,2021-07-14T02:29:00,FM-16,,,0,,16.093,20.6,100.0,0.0
bergstrom,USW00013904,2021-07-14T08:53:00+00:00,2021-07-14T03:53:00-05:00,2021-07-14T02:53:00,FM-15,0.0,0.0,0,,16.093,20.6,100.0,0.0
bergstrom,USW00013904,2021-07-14T09:53:00+00:00,2021-07-14T04:53:00-05:00,2021-07-14T03:53:00,FM-15,0.0,0.0,0,,16.093,20.6,100.0,0.0
bergstrom,USW00013904,2021-07-14T10:09:00+00:00,2021-07-14T05:09:00-05:00,2021-07-14T04:09:00,FM-16,,,0,,16.093,20.6,100.0,0.0
bergstrom,USW00013904,2021-07-14T10:51:00+00:00,2021-07-14T05:51:00-05:00,2021-07-14T04:51:00,FM-16,,,0,,16.093,21.0,100.0,0.0
bergstrom,USW00013904,2021-07-14T10:53:00+00:00,2021-07-14T05:53:00-05:00,2021-07-14T04:53:00,FM-15,0.0,0.0,0,,16.093,21.1,97.0,0.0
bergstrom,USW00013904,2021-07-14T11:53:00+00:00,2021-07-14T06:53:00-05:00,2021-07-14T05:53:00,FM-15,0.0,0.0,0,,16.093,21.7,96.0,0.0
bergstrom,USW00013904,2021-07-14T12:53:00+00:00,2021-07-14T07:53:00-05:00,2021-07-14T06:53:00,FM-15,0.0,0.0,0,,16.093,22.2,94.0,0.0
bergstrom,USW00013904,2021-07-14T13:44:00+00:00,2021-07-14T08:44:00-05:00,2021-07-14T07:44:00,FM-16,,,0,,11.265,21.7,100.0,0.0
bergstrom,USW00013904,2021-07-14T13:53:00+00:00,2021-07-14T08:53:00-05:00,2021-07-14T07:53:00,FM-15,0.0,0.0,0,,16.093,22.2,100.0,0.0
bergstrom,USW00013904,2021-07-14T14:43:00+00:00,2021-07-14T09:43:00-05:00,2021-07-14T08:43:00,FM-16,,,0,,16.093,23.3,97.0,1.5
bergstrom,USW00013904,2021-07-14T14:53:00+00:00,2021-07-14T09:53:00-05:00,2021-07-14T08:53:00,FM-15,0.0,0.0,0,,16.093,23.3,97.0,0.0
bergstrom,USW00013904,2021-07-14T15:53:00+00:00,2021-07-14T10:53:00-05:00,2021-07-14T09:53:00,FM-15,0.0,0.0,0,,16.093,24.4,94.0,0.0
bergstrom,USW00013904,2021-07-14T16:03:00+00:00,2021-07-14T11:03:00-05:00,2021-07-14T10:03:00,FM-16,,,0,,16.093,25.0,90.0,0.0
bergstrom,USW00013904,2021-07-14T16:06:00+00:00,2021-07-14T11:06:00-05:00,2021-07-14T10:06:00,FM-16,,,0,,16.093,25.0,90.0,2.1
bergstrom,USW00013904,2021-07-14T16:36:00+00:00,2021-07-14T11:36:00-05:00,2021-07-14T10:36:00,FM-16,,,0,,16.093,27.2,79.0,2.1
bergstrom,USW00013904,2021-07-14T16:53:00+00:00,2021-07-14T11:53:00-05:00,2021-07-14T10:53:00,FM-15,0.0,0.0,0,,16.093,28.3,74.0,3.1
bergstrom,USW00013904,2021-07-14T17:05:00+00:00,2021-07-14T12:05:00-05:00,2021-07-14T11:05:00,FM-16,,,0,,16.093,28.3,74.0,1.5
bergstrom,USW00013904,2021-07-14T17:46:00+00:00,2021-07-14T12:46:00-05:00,2021-07-14T11:46:00,FM-16,,,0,,16.093,28.3,72.0,2.6
bergstrom,USW00013904,2021-07-14T17:53:00+00:00,2021-07-14T12:53:00-05:00,2021-07-14T11:53:00,FM-15,0.0,0.0,0,,16.093,28.9,70.0,2.1
bergstrom,USW00013904,2021-07-14T18:53:00+00:00,2021-07-14T13:53:00-05:00,2021-07-14T12:53:00,FM-15,0.0,0.0,0,,16.093,31.7,55.0,3.6
bergstrom,USW00013904,2021-07-14T19:53:00+00:00,2021-07-14T14:53:00-05:00,2021-07-14T13:53:00,FM-15,0.0,0.0,0,,16.093,31.7,55.0,4.1
bergstrom,USW00013904,2021-07-14T20:53:00+00:00,2021-07-14T15:53:00-05:00,2021-07-14T14:53:00,FM-15,0.0,0.0,0,,16.093,29.4,65.0,7.7
bergstrom,USW00013904,2021-07-14T21:07:00+00:00,2021-07-14T16:07:00-05:00,2021-07-14T15:07:00,FM-16,,,0,,16.093,28.9,67.0,6.2
bergstrom,USW00013904,2021-07-14T21:53:00+00:00,2021-07-14T16:53:00-05:00,2021-07-14T15:53:00,FM-15,0.0,0.0,0,,16.093,26.7,69.0,11.8
bergstrom,USW00013904,2021-07-14T22:53:00+00:00,2021-07-14T17:53:00-05:00,2021-07-14T16:53:00,FM-15,0.3,0.3,1,,16.093,26.1,72.0,4.6
bergstrom,USW00013904,2021-07-14T23:53:00+00:00,2021-07-14T18:53:00-05:00,2021-07-14T17:53:00,FM-15,0.0,0.0,0,,16.093,27.2,74.0,5.1
bergstrom,USW00013904,2021-07-15T00:53:00+00:00,2021-07-14T19:53:00-05:00,2021-07-14T18:53:00,FM-15,0.0,0.0,0,,16.093,26.1,82.0,5.1
bergstrom,USW00013904,2021-07-15T01:53:00+00:00,2021-07-14T20:53:00-05:00,2021-07-14T19:53:00,FM-15,0.0,0.0,0,,16.093,25.0,88.0,2.1
bergstrom,USW00013904,2021-07-15T02:53:00+00:00,2021-07-14T21:53:00-05:00,2021-07-14T20:53:00,FM-15,0.0,0.0,0,,16.093,23.9,94.0,2.1
bergstrom,USW00013904,2021-07-15T03:53:00+00:00,2021-07-14T22:53:00-05:00,2021-07-14T21:53:00,FM-15,0.0,0.0,0,,16.093,23.3,97.0,1.5
bergstrom,USW00013904,2021-07-15T04:53:00+00:00,2021-07-14T23:53:00-05:00,2021-07-14T22:53:00,FM-15,0.0,0.0,0,,16.093,23.3,97.0,2.6
bergstrom,USW00013904,2021-07-15T05:53:00+00:00,2021-07-15T00:53:00-05:00,2021-07-14T23:53:00,FM-15,0.0,0.0,0,,16.093,21.7,100.0,0.0
bergstrom,USW00013904,2021-07-15T06:53:00+00:00,2021-07-15T01:53:00-05:00,2021-07-15T00:53:00,FM-15,0.0,0.0,0,,16.093,22.8,96.0,2.1
bergstrom,USW00013904,2021-07-15T07:53:00+00:00,2021-07-15T02:53:00-05:00,2021-07-15T01:53:00,FM-15,0.0,0.0,0,,16.093,22.2,97.0,0.0
bergstrom,USW00013904,2021-07-15T08:36:00+00:00,2021-07-15T03:36:00-05:00,2021-07-15T02:36:00,FM-16,,,0,,16.093,21.1,100.0,0.0
bergstrom,USW00013904,2021-07-15T08:51:00+00:00,2021-07-15T03:51:00-05:00,2021-07-15T02:51:00,FM-16,,,0,,16.093,22.0,100.0,0.0
bergstrom,USW00013904,2021-07-15T08:53:00+00:00,2021-07-15T03:53:00-05:00,2021-07-15T02:53:00,FM-15,0.0,0.0,0,,16.093,21.7,100.0,0.0
bergstrom,USW00013904,2021-07-15T09:27:00+00:00,2021-07-15T04:27:00-05:00,2021-07-15T03:27:00,FM-16,,,0,,16.093,21.7,100.0,0.0
bergstrom,USW00013904,2021-07-15T09:53:00+00:00,2021-07-15T04:53:00-05:00,2021-07-15T03:53:00,FM-15,0.0,0.0,0,,16.093,22.2,100.0,0.0
bergstrom,USW00013904,2021-07-15T10:24:00+00:00,2021-07-15T05:24:00-05:00,2021-07-15T04:24:00,FM-16,,,0,,3.219,22.2,100.0,0.0
bergstrom,USW00013904,2021-07-15T10:51:00+00:00,2021-07-15T05:51:00-05:00,2021-07-15T04:51:00,FM-16,,,0,BR:1 |BR s |,0.805,23.0,100.0,1.5
bergstrom,USW00013904,2021-07-15T10:53:00+00:00,2021-07-15T05:53:00-05:00,2021-07-15T04:53:00,FM-15,0.0,0.0,0,BR:1 |BR s |,0.805,22.8,100.0,1.5
bergstrom,USW00013904,2021-07-15T11:08:00+00:00,2021-07-15T06:08:00-05:00,2021-07-15T05:08:00,FM-16,,,0,BR:1 |BR s |,0.805,22.8,100.0,2.6
bergstrom,USW00013904,2021-07-15T11:15:00+00:00,2021-07-15T06:15:00-05:00,2021-07-15T05:15:00,FM-16,,,0,BR:1 |BR s |,0.402,22.8,100.0,2.1
bergstrom,USW00013904,2021-07-15T11:51:00+00:00,2021-07-15T06:51:00-05:00,2021-07-15T05:51:00,FM-16,,,0,BR:1 |BR s |,0.402,23.0,100.0,2.1
bergstrom,USW00013904,2021-07-15T11:53:00+00:00,2021-07-15T06:53:00-05:00,2021-07-15T05:53:00,FM-15,0.0,0.0,0,BR:1 |BR s |,0.402,22.8,100.0,2.1
bergstrom,USW00013904,2021-07-15T12:53:00+00:00,2021-07-15T07:53:00-05:00,2021-07-15T06:53:00,FM-15,0.0,0.0,0,BR:1 |BR s |,0.402,22.8,100.0,3.1
bergstrom,USW00013904,2021-07-15T13:22:00+00:00,2021-07-15T08:22:00-05:00,2021-07-15T07:22:00,FM-16,,,0,BR:1 |BR |,3.219,23.3,100.0,3.1
bergstrom,USW00013904,2021-07-15T13:51:00+00:00,2021-07-15T08:51:00-05:00,2021-07-15T07:51:00,FM-16,,,0,BR:1 |BR |,3.219,24.0,100.0,2.6
bergstrom,USW00013904,2021-07-15T13:53:00+00:00,2021-07-15T08:53:00-05:00,2021-07-15T07:53:00,FM-15,0.0,0.0,0,BR:1 |BR |,3.219,23.9,100.0,3.1
bergstrom,USW00013904,2021-07-15T14:23:00+00:00,2021-07-15T09:23:00-05:00,2021-07-15T08:23:00,FM-16,,,0,,12.875,25.0,90.0,4.6
bergstrom,USW00013904,2021-07-15T14:51:00+00:00,2021-07-15T09:51:00-05:00,2021-07-15T08:51:00,FM-16,,,0,,16.093,27.0,84.0,5.1
bergstrom,USW00013904,2021-07-15T14:53:00+00:00,2021-07-15T09:53:00-05:00,2021-07-15T08:53:00,FM-15,0.0,0.0,0,,16.093,27.2,82.0,4.6
bergstrom,USW00013904,2021-07-15T15:53:00+00:00,2021-07-15T10:53:00-05:00,2021-07-15T09:53:00,FM-15,0.0,0.0,0,,16.093,28.9,70.0,4.6
bergstrom,USW00013904,2021-07-15T16:53:00+00:00,2021-07-15T11:53:00-05:00,2021-07-15T10:53:00,FM-15,,T,1,,16.093,28.3,72.0,4.1
bergstrom,USW00013904,2021-07-15T17:53:00+00:00,2021-07-15T12:53:00-05:00,2021-07-15T11:53:00,FM-15,0.0,0.0,0,,16.093,30.0,63.0,4.6
bergstrom,USW00013904,2021-07-15T18:53:00+00:00,2021-07-15T13:53:00-05:00,2021-07-15T12:53:00,FM-15,0.0,0.0,0,,16.093,31.1,59.0,3.6
bergstrom,USW00013904,2021-07-15T19:53:00+00:00,2021-07-15T14:53:00-05:00,2021-07-15T13:53:00,FM-15,0.0,0.0,0,,16.093,31.7,55.0,5.7
bergstrom,USW00013904,2021-07-15T20:53:00+00:00,2021-07-15T15:53:00-05:00,2021-07-15T14:53:00,FM-15,0.0,0.0,0,,16.093,32.2,54.0,6.7
bergstrom,USW00013904,2021-07-15T21:53:00+00:00,2021-07-15T16:53:00-05:00,2021-07-15T15:53:00,FM-15,0.0,0.0,0,,16.093,32.2,54.0,5.7
bergstrom,USW00013904,2021-07-15T22:53:00+00:00,2021-07-15T17:53:00-05:00,2021-07-15T16:53:00,FM-15,0.0,0.0,0,,16.093,32.2,54.0,4.6
bergstrom,USW00013904,2021-07-15T23:53:00+00:00,2021-07-15T18:53:00-05:00,2021-07-15T17:53:00,FM-15,0.0,0.0,0,,16.093,31.7,53.0,5.7
bergstrom,USW00013904,2021-07-16T00:53:00+00:00,2021-07-15T19:53:00-05:00,2021-07-15T18:53:00,FM-15,0.0,0.0,0,,16.093,30.0,63.0,5.7
bergstrom,USW00013904,2021-07-16T01:53:00+00:00,2021-07-15T20:53:00-05:00,2021-07-15T19:53:00,FM-15,0.0,0.0,0,,16.093,28.3,70.0,3.6
bergstrom,USW00013904,2021-07-16T02:53:00+00:00,2021-07-15T21:53:00-05:00,2021-07-15T20:53:00,FM-15,0.0,0.0,0,,16.093,27.2,77.0,5.1
bergstrom,USW00013904,2021-07-16T03:53:00+00:00,2021-07-15T22:53:00-05:00,2021-07-15T21:53:00,FM-15,0.0,0.0,0,,16.093,26.1,79.0,5.7
bergstrom,USW00013904,2021-07-16T04:53:00+00:00,2021-07-15T23:53:00-05:00,2021-07-15T22:53:00,FM-15,0.0,0.0,0,,16.093,25.0,85.0,4.6
bergstrom,USW00013904,2021-07-16T05:53:00+00:00,2021-07-16T00:53:00-05:00,2021-07-15T23:53:00,FM-15,0.0,0.0,0,,16.093,24.4,91.0,3.1
bergstrom,USW00013904,2021-07-16T06:21:00+00:00,2021-07-16T01:21:00-05:00,2021-07-16T00:21:00,FM-16,,,0,,16.093,24.4,91.0,4.1
bergstrom,USW00013904,2021-07-16T06:50:00+00:00,2021-07-16T01:50:00-05:00,2021-07-16T00:50:00,FM-16,,,0,,16.093,24.0,94.0,2.6
bergstrom,USW00013904,2021-07-16T06:53:00+00:00,2021-07-16T01:53:00-05:00,2021-07-16T00:53:00,FM-15,0.0,0.0,0,,16.093,23.9,96.0,2.1
bergstrom,USW00013904,2021-07-16T07:42:00+00:00,2021-07-16T02:42:00-05:00,2021-07-16T01:42:00,FM-16,,,0,,16.093,23.9,96.0,2.1
bergstrom,USW00013904,2021-07-16T07:53:00+00:00,2021-07-16T02:53:00-05:00,2021-07-16T01:53:00,FM-15,0.0,0.0,0,,16.093,23.3,97.0,2.1
bergstrom,USW00013904,2021-07-16T08:53:00+00:00,2021-07-16T03:53:00-05:00,2021-07-16T02:53:00,FM-15,0.0,0.0,0,,16.093,22.2,100.0,1.5
bergstrom,USW00013904,2021-07-16T09:53:00+00:00,2021-07-16T04:53:00-05:00,2021-07-16T03:53:00,FM-15,0.0,0.0,0,,16.093,21.7,100.0,2.6
bergstrom,USW00013904,2021-07-16T10:51:00+00:00,2021-07-16T05:51:00-05:00,2021-07-16T04:51:00,FM-16,,,0,,14.484,22.0,100.0,2.1
bergstrom,USW00013904,2021-07-16T10:53:00+00:00,2021-07-16T05:53:00-05:00,2021-07-16T04:53:00,FM-15,0.0,0.0,0,,14.484,22.2,100.0,1.5
bergstrom,USW00013904,2021-07-16T11:09:00+00:00,2021-07-16T06:09:00-05:00,2021-07-16T05:09:00,FM-16,,,0,,16.093,22.8,100.0,2.1
bergstrom,USW00013904,2021-07-16T11:30:00+00:00,2021-07-16T06:30:00-05:00,2021-07-16T05:30:00,FM-16,,,0,,14.484,23.3,100.0,2.6
bergstrom,USW00013904,2021-07-16T11:53:00+00:00,2021-07-16T06:53:00-05:00,2021-07-16T05:53:00,FM-15,0.0,0.0,0,,14.484,23.9,96.0,4.1
bergstrom,USW00013904,2021-07-16T12:53:00+00:00,2021-07-16T07:53:00-05:00,2021-07-16T06:53:00,FM-15,0.0,0.0,0,,14.484,24.4,94.0,5.7
bergstrom,USW00013904,2021-07-16T13:53:00+00:00,2021-07-16T08:53:00-05:00,2021-07-16T07:53:00,FM-15,0.0,0.0,0,,14.484,25.6,87.0,7.2
bergstrom,USW00013904,2021-07-16T14:51:00+00:00,2021-07-16T09:51:00-05:00,2021-07-16T08:51:00,FM-16,,,0,,14.484,28.0,74.0,7.7
bergstrom,USW00013904,2021-07-16T14:53:00+00:00,2021-07-16T09:53:00-05:00,2021-07-16T08:53:00,FM-15,0.0,0.0,0,,14.484,27.8,74.0,9.3
bergstrom,USW00013904,2021-07-16T15:53:00+00:00,2021-07-16T10:53:00-05:00,2021-07-16T09:53:00,FM-15,0.0,0.0,0,,16.093,28.9,70.0,4.6
bergstrom,USW00013904,2021-07-16T16:53:00+00:00,2021-07-16T11:53:00-05:00,2021-07-16T10:53:00,FM-15,0.0,0.0,0,,16.093,30.0,63.0,7.2
bergstrom,USW00013904,2021-07-16T17:53:00+00:00,2021-07-16T12:53:00-05:00,2021-07-16T11:53:00,FM-15,0.0,0.0,0,,16.093,31.1,57.0,7.7
bergstrom,USW00013904,2021-07-16T18:53:00+00:00,2021-07-16T13:53:00-05:00,2021-07-16T12:53:00,FM-15,0.0,0.0,0,,16.093,32.2,56.0,5.7
bergstrom,USW00013904,2021-07-16T19:53:00+00:00,2021-07-16T14:53:00-05:00,2021-07-16T13:53:00,FM-15,0.0,0.0,0,,16.093,32.2,56.0,5.1
bergstrom,USW00013904,2021-07-16T20:53:00+00:00,2021-07-16T15:53:00-05:00,2021-07-16T14:53:00,FM-15,0.0,0.0,0,,16.093,32.8,54.0,5.7
bergstrom,USW00013904,2021-07-16T21:53:00+00:00,2021-07-16T16:53:00-05:00,2021-07-16T15:53:00,FM-15,0.0,0.0,0,,16.093,32.8,52.0,6.2
bergstrom,USW00013904,2021-07-16T22:53:00+00:00,2021-07-16T17:53:00-05:00,2021-07-16T16:53:00,FM-15,0.0,0.0,0,,16.093,32.2,54.0,5.1
bergstrom,USW00013904,2021-07-16T23:53:00+00:00,2021-07-16T18:53:00-05:00,2021-07-16T17:53:00,FM-15,0.0,0.0,0,,16.093,31.7,55.0,5.7
bergstrom,USW00013904,2021-07-17T00:53:00+00:00,2021-07-16T19:53:00-05:00,2021-07-16T18:53:00,FM-15,0.0,0.0,0,,16.093,30.0,61.0,5.1
bergstrom,USW00013904,2021-07-17T01:53:00+00:00,2021-07-16T20:53:00-05:00,2021-07-16T19:53:00,FM-15,0.0,0.0,0,,16.093,28.3,70.0,5.1
bergstrom,USW00013904,2021-07-17T02:53:00+00:00,2021-07-16T21:53:00-05:00,2021-07-16T20:53:00,FM-15,0.0,0.0,0,,16.093,27.2,74.0,4.6
bergstrom,USW00013904,2021-07-17T03:53:00+00:00,2021-07-16T22:53:00-05:00,2021-07-16T21:53:00,FM-15,0.0,0.0,0,,16.093,25.6,82.0,3.6
bergstrom,USW00013904,2021-07-17T04:53:00+00:00,2021-07-16T23:53:00-05:00,2021-07-16T22:53:00,FM-15,0.0,0.0,0,,16.093,25.0,90.0,4.1
bergstrom,USW00013904,2021-07-17T05:53:00+00:00,2021-07-17T00:53:00-05:00,2021-07-16T23:53:00,FM-15,0.0,0.0,0,,16.093,24.4,94.0,3.6
bergstrom,USW00013904,2021-07-17T06:04:00+00:00,2021-07-17T01:04:00-05:00,2021-07-17T00:04:00,FM-16,,,0,,16.093,24.4,94.0,4.1
bergstrom,USW00013904,2021-07-17T06:51:00+00:00,2021-07-17T01:51:00-05:00,2021-07-17T00:51:00,FM-16,,,0,,16.093,24.0,94.0,3.6
bergstrom,USW00013904,2021-07-17T06:53:00+00:00,2021-07-17T01:53:00-05:00,2021-07-17T00:53:00,FM-15,0.0,0.0,0,,16.093,24.4,94.0,3.1
bergstrom,USW00013904,2021-07-17T07:53:00+00:00,2021-07-17T02:53:00-05:00,2021-07-17T01:53:00,FM-15,0.0,0.0,0,,16.093,23.9,96.0,3.6
bergstrom,USW00013904,2021-07-17T08:53:00+00:00,2021-07-17T03:53:00-05:00,2021-07-17T02:53:00,FM-15,0.0,0.0,0,,16.093,24.4,97.0,4.6
bergstrom,USW00013904,2021-07-17T09:53:00+00:00,2021-07-17T04:53:00-05:00,2021-07-17T03:53:00,FM-15,0.0,0.0,0,,16.093,24.4,97.0,3.6
bergstrom,USW00013904,2021-07-17T10:53:00+00:00,2021-07-17T05:53:00-05:00,2021-07-17T04:53:00,FM-15,0.0,0.0,0,,16.093,24.4,97.0,3.1
bergstrom,USW00013904,2021-07-17T11:29:00+00:00,2021-07-17T06:29:00-05:00,2021-07-17T05:29:00,FM-16,,,0,,14.484,24.4,97.0,2.6
bergstrom,USW00013904,2021-07-17T11:53:00+00:00,2021-07-17T06:53:00-05:00,2021-07-17T05:53:00,FM-15,0.0,0.0,0,,14.484,24.4,97.0,2.1
bergstrom,USW00013904,2021-07-17T12:51:00+00:00,2021-07-17T07:51:00-05:00,2021-07-17T06:51:00,FM-16,,,0,,14.484,25.0,94.0,2.6
bergstrom,USW00013904,2021-07-17T12:53:00+00:00,2021-07-17T07:53:00-05:00,2021-07-17T06:53:00,FM-15,0.0,0.0,0,,14.484,25.0,94.0,2.1
bergstrom,USW00013904,2021-07-17T13:02:00+00:00,2021-07-17T08:02:00-05:00,2021-07-17T07:02:00,FM-16,,,0,,16.093,25.0,94.0,3.1
bergstrom,USW00013904,2021-07-17T13:53:00+00:00,2021-07-17T08:53:00-05:00,2021-07-17T07:53:00,FM-15,0.0,0.0,0,,16.093,26.7,82.0,6.2
bergstrom,USW00013904,2021-07-17T14:53:00+00:00,2021-07-17T09:53:00-05:00,2021-07-17T08:53:00,FM-15,0.0,0.0,0,,16.093,27.8,74.0,4.1
bergstrom,USW00013904,2021-07-17T15:51:00+00:00,2021-07-17T10:51:00-05:00,2021-07-17T09:51:00,FM-16,,,0,,16.093,28.0,74.0,5.1
bergstrom,USW00013904,2021-07-17T15:53:00+00:00,2021-07-17T10:53:00-05:00,2021-07-17T09:53:00,FM-15,0.0,0.0,0,,16.093,28.3,72.0,5.7
bergstrom,USW00013904,2021-07-17T16:53:00+00:00,2021-07-17T11:53:00-05:00,2021-07-17T10:53:00,FM-15,0.0,0.0,0,,16.093,30.0,63.0,5.1
bergstrom,USW00013904,2021-07-17T17:53:00+00:00,2021-07-17T12:53:00-05:00,2021-07-17T11:53:00,FM-15,0.0,0.0,0,,16.093,31.1,57.0,4.1
bergstrom,USW00013904,2021-07-17T18:53:00+00:00,2021-07-17T13:53:00-05:00,2021-07-17T12:53:00,FM-15,0.0,0.0,0,,16.093,31.1,54.0,5.1
bergstrom,USW00013904,2021-07-17T19:53:00+00:00,2021-07-17T14:53:00-05:00,2021-07-17T13:53:00,FM-15,0.0,0.0,0,,16.093,31.7,52.0,5.1
bergstrom,USW00013904,2021-07-17T20:53:00+00:00,2021-07-17T15:53:00-05:00,2021-07-17T14:53:00,FM-15,0.0,0.0,0,,16.093,32.8,49.0,4.6
bergstrom,USW00013904,2021-07-17T21:53:00+00:00,2021-07-17T16:53:00-05:00,2021-07-17T15:53:00,FM-15,0.0,0.0,0,,16.093,32.8,50.0,5.1
bergstrom,USW00013904,2021-07-17T22:53:00+00:00,2021-07-17T17:53:00-05:00,2021-07-17T16:53:00,FM-15,0.0,0.0,0,,16.093,32.8,47.0,5.1
bergstrom,USW00013904,2021-07-17T23:53:00+00:00,2021-07-17T18:53:00-05:00,2021-07-17T17:53:00,FM-15,0.0,0.0,0,,16.093,31.7,52.0,3.6
bergstrom,USW00013904,2021-07-18T00:53:00+00:00,2021-07-17T19:53:00-05:00,2021-07-17T18:53:00,FM-15,0.0,0.0,0,,16.093,30.0,59.0,4.1
bergstrom,USW00013904,2021-07-18T01:53:00+00:00,2021-07-17T20:53:00-05:00,2021-07-17T19:53:00,FM-15,0.0,0.0,0,,16.093,26.1,77.0,2.6
bergstrom,USW00013904,2021-07-18T02:53:00+00:00,2021-07-17T21:53:00-05:00,2021-07-17T20:53:00,FM-15,0.0,0.0,0,,16.093,26.7,74.0,3.1
bergstrom,USW00013904,2021-07-18T03:53:00+00:00,2021-07-17T22:53:00-05:00,2021-07-17T21:53:00,FM-15,0.0,0.0,0,,16.093,26.1,82.0,3.6
bergstrom,USW00013904,2021-07-18T04:53:00+00:00,2021-07-17T23:53:00-05:00,2021-07-17T22:53:00,FM-15,0.0,0.0,0,,16.093,25.0,90.0,2.6
bergstrom,USW00013904,2021-07-18T05:53:00+00:00,2021-07-18T00:53:00-05:00,2021-07-17T23:53:00,FM-15,0.0,0.0,0,,16.093,24.4,94.0,3.6
bergstrom,USW00013904,2021-07-18T06:53:00+00:00,2021-07-18T01:53:00-05:00,2021-07-18T00:53:00,FM-15,0.0,0.0,0,,16.093,23.3,97.0,2.6
bergstrom,USW00013904,2021-07-18T07:53:00+00:00,2021-07-18T02:53:00-05:00,2021-07-18T01:53:00,FM-15,0.0,0.0,0,,16.093,22.8,100.0,2.1
bergstrom,USW00013904,2021-07-18T08:53:00+00:00,2021-07-18T03:53:00-05:00,2021-07-18T02:53:00,FM-15,0.0,0.0,0,,16.093,22.2,100.0,2.1
bergstrom,USW00013904,2021-07-18T09:53:00+00:00,2021-07-18T04:53:00-05:00,2021-07-18T03:53:00,FM-15,0.0,0.0,0,,12.875,21.1,100.0,0.0
bergstrom,USW00013904,2021-07-18T10:06:00+00:00,2021-07-18T05:06:00-05:00,2021-07-18T04:06:00,FM-16,,,0,BR:1 |BR |,9.656,21.7,100.0,0.0
bergstrom,USW00013904,2021-07-18T10:48:00+00:00,2021-07-18T05:48:00-05:00,2021-07-18T04:48:00,FM-16,,,0,BR:1 |BR |,9.656,22.0,100.0,0.0
bergstrom,USW00013904,2021-07-18T10:53:00+00:00,2021-07-18T05:53:00-05:00,2021-07-18T04:53:00,FM-15,0.0,0.0,0,,16.093,22.2,100.0,0.0
bergstrom,USW00013904,2021-07-18T11:11:00+00:00,2021-07-18T06:11:00-05:00,2021-07-18T05:11:00,FM-16,,,0,,16.093,21.7,100.0,0.0
bergstrom,USW00013904,2021-07-18T11:53:00+00:00,2021-07-18T06:53:00-05:00,2021-07-18T05:53:00,FM-15,0.0,0.0,0,,14.484,21.1,100.0,0.0
bergstrom,USW00013904,2021-07-18T12:45:00+00:00,2021-07-18T07:45:00-05:00,2021-07-18T06:45:00,FM-16,,,0,,16.093,23.3,100.0,2.6
bergstrom,USW00013904,2021-07-18T12:53:00+00:00,2021-07-18T07:53:00-05:00,2021-07-18T06:53:00,FM-15,0.0,0.0,0,,14.484,23.3,100.0,3.1
bergstrom,USW00013904,2021-07-18T12:56:00+00:00,2021-07-18T07:56:00-05:00,2021-07-18T06:56:00,FM-16,,,0,,3.219,23.3,100.0,2.6
bergstrom,USW00013904,2021-07-18T13:06:00+00:00,2021-07-18T08:06:00-05:00,2021-07-18T07:06:00,FM-16,,,0,BR:1 |BR |,1.609,23.9,100.0,2.1
bergstrom,USW00013904,2021-07-18T13:24:00+00:00,2021-07-18T08:24:00-05:00,2021-07-18T07:24:00,FM-16,,,0,,3.219,24.4,97.0,2.1
bergstrom,USW00013904,2021-07-18T13:37:00+00:00,2021-07-18T08:37:00-05:00,2021-07-18T07:37:00,FM-16,,,0,,3.219,24.4,97.0,3.1
bergstrom,USW00013904,2021-07-18T13:53:00+00:00,2021-07-18T08:53:00-05:00,2021-07-18T07:53:00,FM-15,0.0,0.0,0,,3.219,25.0,94.0,2.6
bergstrom,USW00013904,2021-07-18T14:07:00+00:00,2021-07-18T09:07:00-05:00,2021-07-18T08:07:00,FM-16,,,0,,3.219,25.6,90.0,1.5
bergstrom,USW00013904,2021-07-18T14:21:00+00:00,2021-07-18T09:21:00-05:00,2021-07-18T08:21:00,FM-16,,,0,,16.093,26.1,88.0,3.6
bergstrom,USW00013904,2021-07-18T14:51:00+00:00,2021-07-18T09:51:00-05:00,2021-07-18T08:51:00,FM-16,,,0,,16.093,27.0,84.0,2.1
bergstrom,USW00013904,2021-07-18T14:53:00+00:00,2021-07-18T09:53:00-05:00,2021-07-18T08:53:00,FM-15,0.0,0.0,0,,16.093,26.7,85.0,2.6
bergstrom,USW00013904,2021-07-18T15:53:00+00:00,2021-07-18T10:53:00-05:00,2021-07-18T09:53:00,FM-15,0.0,0.0,0,,16.093,28.9,70.0,4.1
bergstrom,USW00013904,2021-07-18T16:53:00+00:00,2021-07-18T11:53:00-05:00,2021-07-18T10:53:00,FM-15,0.0,0.0,0,,16.093,29.4,65.0,3.6
bergstrom,USW00013904,2021-07-18T17:53:00+00:00,2021-07-18T12:53:00-05:00,2021-07-18T11:53:00,FM-15,0.0,0.0,0,,16.093,31.1,59.0,3.6
bergstrom,USW00013904,2021-07-18T18:53:00+00:00,2021-07-18T13:53:00-05:00,2021-07-18T12:53:00,FM-15,0.0,0.0,0,,16.093,32.2,56.0,3.1
bergstrom,USW00013904,2021-07-18T19:53:00+00:00,2021-07-18T14:53:00-05:00,2021-07-18T13:53:00,FM-15,0.0,0.0,0,,16.093,32.2,54.0,3.1
bergstrom,USW00013904,2021-07-18T20:53:00+00:00,2021-07-18T15:53:00-05:00,2021-07-18T14:53:00,FM-15,0.0,0.0,0,,16.093,33.3,49.0,4.1
bergstrom,USW00013904,2021-07-18T21:53:00+00:00,2021-07-18T16:53:00-05:00,2021-07-18T15:53:00,FM-15,0.0,0.0,0,,16.093,33.3,49.0,2.1
bergstrom,USW00013904,2021-07-18T22:53:00+00:00,2021-07-18T17:53:00-05:00,2021-07-18T16:53:00,FM-15,0.0,0.0,0,,16.093,33.3,51.0,3.6
bergstrom,USW00013904,2021-07-18T23:53:00+00:00,2021-07-18T18:53:00-05:00,2021-07-18T17:53:00,FM-15,0.0,0.0,0,,16.093,32.8,54.0,3.1
bergstrom,USW00013904,2021-07-19T00:53:00+00:00,2021-07-18T19:53:00-05:00,2021-07-18T18:53:00,FM-15,0.0,0.0,0,,16.093,31.1,57.0,4.1
bergstrom,USW00013904,2021-07-19T01:53:00+00:00,2021-07-18T20:53:00-05:00,2021-07-18T19:53:00,FM-15,0.0,0.0,0,,16.093,27.2,77.0,2.1
bergstrom,USW00013904,2021-07-19T02:53:00+00:00,2021-07-18T21:53:00-05:00,2021-07-18T20:53:00,FM-15,0.0,0.0,0,,16.093,26.1,82.0,2.6
bergstrom,USW00013904,2021-07-19T03:53:00+00:00,2021-07-18T22:53:00-05:00,2021-07-18T21:53:00,FM-15,0.0,0.0,0,,16.093,26.7,82.0,3.6
bergstrom,USW00013904,2021-07-19T04:53:00+00:00,2021-07-18T23:53:00-05:00,2021-07-18T22:53:00,FM-15,0.0,0.0,0,,16.093,26.7,82.0,4.1
bergstrom,USW00013904,2021-07-19T05:53:00+00:00,2021-07-19T00:53:00-05:00,2021-07-18T23:53:00,FM-15,0.0,0.0,0,,16.093,25.6,87.0,4.1
bergstrom,USW00013904,2021-07-19T06:53:00+00:00,2021-07-19T01:53:00-05:00,2021-07-19T00:53:00,FM-15,0.0,0.0,0,,16.093,25.0,90.0,2.1
bergstrom,USW00013904,2021-07-19T07:53:00+00:00,2021-07-19T02:53:00-05:00,2021-07-19T01:53:00,FM-15,0.0,0.0,0,,16.093,24.4,94.0,3.1
bergstrom,USW00013904,2021-07-19T08:51:00+00:00,2021-07-19T03:51:00-05:00,2021-07-19T02:51:00,FM-16,,,0,,16.093,24.0,94.0,3.6
bergstrom,USW00013904,2021-07-19T08:53:00+00:00,2021-07-19T03:53:00-05:00,2021-07-19T02:53:00,FM-15,0.0,0.0,0,,16.093,24.4,94.0,4.6
bergstrom,USW00013904,2021-07-19T09:05:00+00:00,2021-07-19T04:05:00-05:00,2021-07-19T03:05:00,FM-16,,,0,,16.093,24.4,94.0,4.6
bergstrom,USW00013904,2021-07-19T09:51:00+00:00,2021-07-19T04:51:00-05:00,2021-07-19T03:51:00,FM-16,,,0,,16.093,24.0,94.0,3.1
bergstrom,USW00013904,2021-07-19T09:53:00+00:00,2021-07-19T04:53:00-05:00,2021-07-19T03:53:00,FM-15,0.0,0.0,0,,16.093,23.9,96.0,3.1
bergstrom,USW00013904,2021-07-19T10:53:00+00:00,2021-07-19T05:53:00-05:00,2021-07-19T04:53:00,FM-15,0.0,0.0,0,,16.093,23.9,96.0,2.1
bergstrom,USW00013904,2021-07-19T11:53:00+00:00,2021-07-19T06:53:00-05:00,2021-07-19T05:53:00,FM-15,0.0,0.0,0,,16.093,23.3,100.0,2.1
bergstrom,USW00013904,2021-07-19T12:53:00+00:00,2021-07-19T07:53:00-05:00,2021-07-19T06:53:00,FM-15,0.0,0.0,0,,16.093,24.4,97.0,2.6
bergstrom,USW00013904,2021-07-19T13:53:00+00:00,2021-07-19T08:53:00-05:00,2021-07-19T07:53:00,FM-15,0.0,0.0,0,,16.093,26.1,85.0,4.6
bergstrom,USW00013904,2021-07-19T14:53:00+00:00,2021-07-19T09:53:00-05:00,2021-07-19T08:53:00,FM-15,0.0,0.0,0,,16.093,27.8,74.0,2.1
bergstrom,USW00013904,2021-07-19T15:53:00+00:00,2021-07-19T10:53:00-05:00,2021-07-19T09:53:00,FM-15,0.0,0.0,0,,16.093,30.0,65.0,3.1
bergstrom,USW00013904,2021-07-19T16:53:00+00:00,2021-07-19T11:53:00-05:00,2021-07-19T10:53:00,FM-15,0.0,0.0,0,,16.093,31.7,57.0,2.1
bergstrom,USW00013904,2021-07-19T17:09:00+00:00,2021-07-19T12:09:00-05:00,2021-07-19T11:09:00,FM-16,,,0,HZ:7 ||HZ,4.023,31.1,59.0,2.1
bergstrom,USW00013904,2021-07-19T17:18:00+00:00,2021-07-19T12:18:00-05:00,2021-07-19T11:18:00,FM-16,,,0,,16.093,31.7,57.0,0.0
bergstrom,USW00013904,2021-07-19T17:53:00+00:00,2021-07-19T12:53:00-05:00,2021-07-19T11:53:00,FM-15,0.0,0.0,0,,16.093,32.2,56.0,2.1
bergstrom,USW00013904,2021-07-19T18:53:00+00:00,2021-07-19T13:53:00-05:00,2021-07-19T12:53:00,FM-15,0.0,0.0,0,,16.093,33.3,52.0,0.0
bergstrom,USW00013904,2021-07-19T19:53:00+00:00,2021-07-19T14:53:00-05:00,2021-07-19T13:53:00,FM-15,0.0,0.0,0,,16.093,33.9,50.0,3.6
bergstrom,USW00013904,2021-07-19T20:53:00+00:00,2021-07-19T15:53:00-05:00,2021-07-19T14:53:00,FM-15,,T,1,-RA:02 |RA |RA,16.093,31.7,55.0,4.1
bergstrom,USW00013904,2021-07-19T21:12:00+00:00,2021-07-19T16:12:00-05:00,2021-07-19T15:12:00,FM-16,,,1,RA:02 BR:1 |RA s BR s |RA s,0.805,25.0,88.0,12.9
bergstrom,USW00013904,2021-07-19T21:24:00+00:00,2021-07-19T16:24:00-05:00,2021-07-19T15:24:00,FM-16,,,1,TS RA:02 BR:1 |TS s RA s BR s |RA s,0.805,22.2,100.0,14.4
bergstrom,USW00013904,2021-07-19T21:53:00+00:00,2021-07-19T16:53:00-05:00,2021-07-19T15:53:00,FM-15,33.8,33.8,1,TS RA:02 BR:1 |TS s RA s BR s |RA s,0.805,21.7,100.0,4.6
bergstrom,USW00013904,2021-07-19T22:11:00+00:00,2021-07-19T17:11:00-05:00,2021-07-19T16:11:00,FM-16,,,1,TS -RA:02 |TS RA |RA,11.265,22.8,96.0,2.6
bergstrom,USW00013904,2021-07-19T22:13:00+00:00,2021-07-19T17:13:00-05:00,2021-07-19T16:13:00,FM-16,,,1,TS -RA:02 |TS RA |RA,11.265,22.8,96.0,2.6
bergstrom,USW00013904,2021-07-19T22:49:00+00:00,2021-07-19T17:49:00-05:00,2021-07-19T16:49:00,FM-16,,,1,-RA:02 |RA |RA,14.484,23.0,100.0,2.6
bergstrom,USW00013904,2021-07-19T22:53:00+00:00,2021-07-19T17:53:00-05:00,2021-07-19T16:53:00,FM-15,1.5,1.5,1,-RA:02 |RA |RA,14.484,23.3,97.0,2.6
bergstrom,USW00013904,2021-07-19T23:53:00+00:00,2021-07-19T18:53:00-05:00,2021-07-19T17:53:00,FM-15,,T,1,,16.093,23.9,96.0,1.5
bergstrom,USW00013904,2021-07-20T00:53:00+00:00,2021-07-19T19:53:00-05:00,2021-07-19T18:53:00,FM-15,,T,1,-RA:02 |RA |RA,16.093,23.9,96.0,2.1
bergstrom,USW00013904,2021-07-20T01:53:00+00:00,2021-07-19T20:53:00-05:00,2021-07-19T19:53:00,FM-15,,T,1,,16.093,23.3,100.0,0.0
bergstrom,USW00013904,2021-07-20T02:53:00+00:00,2021-07-19T21:53:00-05:00,2021-07-19T20:53:00,FM-15,0.0,0.0,0,,16.093,22.8,100.0,2.1
bergstrom,USW00013904,2021-07-20T03:53:00+00:00,2021-07-19T22:53:00-05:00,2021-07-19T21:53:00,FM-15,0.0,0.0,0,,16.093,22.2,100.0,2.1
bergstrom,USW00013904,2021-07-20T04:53:00+00:00,2021-07-19T23:53:00-05:00,2021-07-19T22:53:00,FM-15,0.0,0.0,0,,16.093,22.2,100.0,1.5
bergstrom,USW00013904,2021-07-20T05:53:00+00:00,2021-07-20T00:53:00-05:00,2021-07-19T23:53:00,FM-15,0.0,0.0,0,,16.093,22.2,100.0,0.0
bergstrom,USW00013904,2021-07-20T06:53:00+00:00,2021-07-20T01:53:00-05:00,2021-07-20T00:53:00,FM-15,0.0,0.0,0,,16.093,22.2,100.0,0.0
bergstrom,USW00013904,2021-07-20T07:53:00+00:00,2021-07-20T02:53:00-05:00,2021-07-20T01:53:00,FM-15,0.0,0.0,0,,16.093,22.2,100.0,0.0
bergstrom,USW00013904,2021-07-20T08:53:00+00:00,2021-07-20T03:53:00-05:00,2021-07-20T02:53:00,FM-15,0.0,0.0,0,,16.093,22.2,100.0,0.0
bergstrom,USW00013904,2021-07-20T09:28:00+00:00,2021-07-20T04:28:00-05:00,2021-07-20T03:28:00,FM-16,,,0,,16.093,22.8,100.0,2.6
bergstrom,USW00013904,2021-07-20T09:38:00+00:00,2021-07-20T04:38:00-05:00,2021-07-20T03:38:00,FM-16,,,0,,16.093,22.8,100.0,0.0
bergstrom,USW00013904,2021-07-20T09:53:00+00:00,2021-07-20T04:53:00-05:00,2021-07-20T03:53:00,FM-15,0.0,0.0,0,,16.093,22.8,100.0,0.0
bergstrom,USW00013904,2021-07-20T10:53:00+00:00,2021-07-20T05:53:00-05:00,2021-07-20T04:53:00,FM-15,0.0,0.0,0,,16.093,22.2,100.0,1.5
bergstrom,USW00013904,2021-07-20T11:11:00+00:00,2021-07-20T06:11:00-05:00,2021-07-20T05:11:00,FM-16,,,0,,16.093,22.2,100.0,0.0
bergstrom,USW00013904,2021-07-20T11:53:00+00:00,2021-07-20T06:53:00-05:00,2021-07-20T05:53:00,FM-15,0.0,0.0,0,,16.093,22.8,100.0,2.1
bergstrom,USW00013904,2021-07-20T12:51:00+00:00,2021-07-20T07:51:00-05:00,2021-07-20T06:51:00,FM-16,,,0,,16.093,23.0,100.0,3.1
bergstrom,USW00013904,2021-07-20T12:53:00+00:00,2021-07-20T07:53:00-05:00,2021-07-20T06:53:00,FM-15,0.0,0.0,0,,16.093,22.8,100.0,3.6
bergstrom,USW00013904,2021-07-20T13:48:00+00:00,2021-07-20T08:48:00-05:00,2021-07-20T07:48:00,FM-16,,,0,,16.093,24.0,94.0,3.1
bergstrom,USW00013904,2021-07-20T13:53:00+00:00,2021-07-20T08:53:00-05:00,2021-07-20T07:53:00,FM-15,0.0,0.0,0,,16.093,23.3,97.0,4.6
bergstrom,USW00013904,2021-07-20T14:23:00+00:00,2021-07-20T09:23:00-05:00,2021-07-20T08:23:00,FM-16,,,0,,16.093,23.9,96.0,4.6
bergstrom,USW00013904,2021-07-20T14:51:00+00:00,2021-07-20T09:51:00-05:00,2021-07-20T08:51:00,FM-16,,,0,,16.093,25.0,89.0,4.6
bergstrom,USW00013904,2021-07-20T14:53:00+00:00,2021-07-20T09:53:00-05:00,2021-07-20T08:53:00,FM-15,0.0,0.0,0,,16.093,25.0,90.0,3.6
bergstrom,USW00013904,2021-07-20T15:14:00+00:00,2021-07-20T10:14:00-05:00,2021-07-20T09:14:00,FM-16,,,0,,16.093,25.6,87.0,4.1
bergstrom,USW00013904,2021-07-20T15:34:00+00:00,2021-07-20T10:34:00-05:00,2021-07-20T09:34:00,FM-16,,,0,,16.093,26.1,82.0,5.1
bergstrom,USW00013904,2021-07-20T15:53:00+00:00,2021-07-20T10:53:00-05:00,2021-07-20T09:53:00,FM-15,0.0,0.0,0,,16.093,26.7,79.0,5.7
bergstrom,USW00013904,2021-07-20T16:53:00+00:00,2021-07-20T11:53:00-05:00,2021-07-20T10:53:00,FM-15,0.0,0.0,0,,16.093,27.8,67.0,4.6
bergstrom,USW00013904,2021-07-20T17:53:00+00:00,2021-07-20T12:53:00-05:00,2021-07-20T11:53:00,FM-15,0.0,0.0,0,,16.093,28.9,63.0,3.6
bergstrom,USW00013904,2021-07-20T18:53:00+00:00,2021-07-20T13:53:00-05:00,2021-07-20T12:53:00,FM-15,0.0,0.0,0,,16.093,30.0,59.0,4.6
bergstrom,USW00013904,2021-07-20T19:53:00+00:00,2021-07-20T14:53:00-05:00,2021-07-20T13:53:00,FM-15,0.0,0.0,0,,16.093,31.1,55.0,5.7
bergstrom,USW00013904,2021-07-20T20:53:00+00:00,2021-07-20T15:53:00-05:00,2021-07-20T14:53:00,FM-15,0.0,0.0,0,,16.093,31.7,50.0,4.6
bergstrom,USW00013904,2021-07-20T21:53:00+00:00,2021-07-20T16:53:00-05:00,2021-07-20T15:53:00,FM-15,0.0,0.0,0,,16.093,30.6,53.0,4.6
bergstrom,USW00013904,2021-07-20T22:53:00+00:00,2021-07-20T17:53:00-05:00,2021-07-20T16:53:00,FM-15,0.0,0.0,0,,16.093,30.0,57.0,3.6
bergstrom,USW00013904,2021-07-20T23:53:00+00:00,2021-07-20T18:53:00-05:00,2021-07-20T17:53:00,FM-15,0.0,0.0,0,,16.093,30.0,55.0,3.6
bergstrom,USW00013904,2021-07-21T00:53:00+00:00,2021-07-20T19:53:00-05:00,2021-07-20T18:53:00,FM-15,0.0,0.0,0,,16.093,28.3,65.0,2.1
bergstrom,USW00013904,2021-07-21T01:53:00+00:00,2021-07-20T20:53:00-05:00,2021-07-20T19:53:00,FM-15,0.0,0.0,0,,16.093,27.2,69.0,0.0
bergstrom,USW00013904,2021-07-21T02:53:00+00:00,2021-07-20T21:53:00-05:00,2021-07-20T20:53:00,FM-15,0.0,0.0,0,,16.093,26.1,72.0,5.1
bergstrom,USW00013904,2021-07-21T03:53:00+00:00,2021-07-20T22:53:00-05:00,2021-07-20T21:53:00,FM-15,0.0,0.0,0,,16.093,26.1,72.0,5.1
bergstrom,USW00013904,2021-07-21T04:53:00+00:00,2021-07-20T23:53:00-05:00,2021-07-20T22:53:00,FM-15,0.0,0.0,0,,16.093,24.4,82.0,2.1
bergstrom,USW00013904,2021-07-21T05:53:00+00:00,2021-07-21T00:53:00-05:00,2021-07-20T23:53:00,FM-15,0.0,0.0,0,,16.093,24.4,82.0,1.5
bergstrom,USW00013904,2021-07-21T06:53:00+00:00,2021-07-21T01:53:00-05:00,2021-07-21T00:53:00,FM-15,0.0,0.0,0,,16.093,23.3,88.0,0.0
bergstrom,USW00013904,2021-07-21T07:53:00+00:00,2021-07-21T02:53:00-05:00,2021-07-21T01:53:00,FM-15,0.0,0.0,0,,16.093,23.9,84.0,2.6
bergstrom,USW00013904,2021-07-21T08:53:00+00:00,2021-07-21T03:53:00-05:00,2021-07-21T02:53:00,FM-15,0.0,0.0,0,,16.093,23.9,88.0,1.5
bergstrom,USW00013904,2021-07-21T09:53:00+00:00,2021-07-21T04:53:00-05:00,2021-07-21T03:53:00,FM-15,0.0,0.0,0,,16.093,23.3,91.0,2.1
bergstrom,USW00013904,2021-07-21T10:53:00+00:00,2021-07-21T05:53:00-05:00,2021-07-21T04:53:00,FM-15,0.0,0.0,0,,16.093,23.9,88.0,1.5
bergstrom,USW00013904,2021-07-21T11:53:00+00:00,2021-07-21T06:53:00-05:00,2021-07-21T05:53:00,FM-15,0.0,0.0,0,,16.093,23.9,88.0,1.5
bergstrom,USW00013904,2021-07-21T12:53:00+00:00,2021-07-21T07:53:00-05:00,2021-07-21T06:53:00,FM-15,0.0,0.0,0,,16.093,24.4,88.0,3.1
bergstrom,USW00013904,2021-07-21T13:53:00+00:00,2021-07-21T08:53:00-05:00,2021-07-21T07:53:00,FM-15,0.0,0.0,0,,16.093,25.0,85.0,3.6
bergstrom,USW00013904,2021-07-21T14:53:00+00:00,2021-07-21T09:53:00-05:00,2021-07-21T08:53:00,FM-15,0.0,0.0,0,,16.093,26.1,79.0,3.1
bergstrom,USW00013904,2021-07-21T15:53:00+00:00,2021-07-21T10:53:00-05:00,2021-07-21T09:53:00,FM-15,0.0,0.0,0,,16.093,27.8,72.0,2.1
bergstrom,USW00013904,2021-07-21T16:53:00+00:00,2021-07-21T11:53:00-05:00,2021-07-21T10:53:00,FM-15,0.0,0.0,0,,16.093,29.4,63.0,2.1
bergstrom,USW00013904,2021-07-21T17:53:00+00:00,2021-07-21T12:53:00-05:00,2021-07-21T11:53:00,FM-15,0.0,0.0,0,,16.093,30.0,59.0,3.1
bergstrom,USW00013904,2021-07-21T18:53:00+00:00,2021-07-21T13:53:00-05:00,2021-07-21T12:53:00,FM-15,0.0,0.0,0,,16.093,30.6,59.0,4.1
bergstrom,USW00013904,2021-07-21T19:53:00+00:00,2021-07-21T14:53:00-05:00,2021-07-21T13:53:00,FM-15,0.0,0.0,0,,16.093,31.1,59.0,2.6
bergstrom,USW00013904,2021-07-21T20:53:00+00:00,2021-07-21T15:53:00-05:00,2021-07-21T14:53:00,FM-15,0.0,0.0,0,,16.093,30.6,59.0,3.6
bergstrom,USW00013904,2021-07-21T21:53:00+00:00,2021-07-21T16:53:00-05:00,2021-07-21T15:53:00,FM-15,0.0,0.0,0,,16.093,31.1,55.0,3.6
bergstrom,USW00013904,2021-07-21T22:53:00+00:00,2021-07-21T17:53:00-05:00,2021-07-21T16:53:00,FM-15,0.0,0.0,0,,16.093,30.0,57.0,3.1
bergstrom,USW00013904,2021-07-21T23:53:00+00:00,2021-07-21T18:53:00-05:00,2021-07-21T17:53:00,FM-15,0.0,0.0,0,,16.093,30.0,61.0,3.1
bergstrom,USW00013904,2021-07-22T00:53:00+00:00,2021-07-21T19:53:00-05:00,2021-07-21T18:53:00,FM-15,,T,1,-RA:02 |RA |RA,6.437,23.9,82.0,8.8
bergstrom,USW00013904,2021-07-22T01:53:00+00:00,2021-07-21T20:53:00-05:00,2021-07-21T19:53:00,FM-15,,T,1,,16.093,22.8,94.0,1.5
bergstrom,USW00013904,2021-07-22T02:53:00+00:00,2021-07-21T21:53:00-05:00,2021-07-21T20:53:00,FM-15,0.0,0.0,0,,16.093,22.2,97.0,0.0
bergstrom,USW00013904,2021-07-22T03:53:00+00:00,2021-07-21T22:53:00-05:00,2021-07-21T21:53:00,FM-15,0.0,0.0,0,,16.093,22.2,97.0,0.0
bergstrom,USW00013904,2021-07-22T04:53:00+00:00,2021-07-21T23:53:00-05:00,2021-07-21T22:53:00,FM-15,0.0,0.0,0,,16.093,22.2,100.0,0.0
bergstrom,USW00013904,2021-07-22T05:53:00+00:00,2021-07-22T00:53:00-05:00,2021-07-21T23:53:00,FM-15,0.0,0.0,0,,16.093,21.7,100.0,0.0
bergstrom,USW00013904,2021-07-22T06:53:00+00:00,2021-07-22T01:53:00-05:00,2021-07-22T00:53:00,FM-15,0.0,0.0,0,,16.093,22.2,97.0,1.5
bergstrom,USW00013904,2021-07-22T07:53:00+00:00,2021-07-22T02:53:00-05:00,2021-07-22T01:53:00,FM-15,0.0,0.0,0,,16.093,21.1,100.0,0.0
bergstrom,USW00013904,2021-07-22T08:51:00+00:00,2021-07-22T03:51:00-05:00,2021-07-22T02:51:00,FM-16,,,0,,16.093,22.0,100.0,0.0
bergstrom,USW00013904,2021-07-22T08:53:00+00:00,2021-07-22T03:53:00-05:00,2021-07-22T02:53:00,FM-15,0.0,0.0,0,,16.093,21.7,100.0,0.0
bergstrom,USW00013904,2021-07-22T09:12:00+00:00,2021-07-22T04:12:00-05:00,2021-07-22T03:12:00,FM-16,,,0,,16.093,21.7,100.0,0.0
bergstrom,USW00013904,2021-07-22T09:51:00+00:00,2021-07-22T04:51:00-05:00,2021-07-22T03:51:00,FM-16,,,0,BR:1 |BR |,4.023,21.0,100.0,0.0
bergstrom,USW00013904,2021-07-22T09:53:00+00:00,2021-07-22T04:53:00-05:00,2021-07-22T03:53:00,FM-15,0.0,0.0,0,,16.093,21.1,100.0,0.0
bergstrom,USW00013904,2021-07-22T10:01:00+00:00,2021-07-22T05:01:00-05:00,2021-07-22T04:01:00,FM-16,,,0,,16.093,21.1,100.0,1.5
bergstrom,USW00013904,2021-07-22T10:53:00+00:00,2021-07-22T05:53:00-05:00,2021-07-22T04:53:00,FM-15,0.0,0.0,0,,16.093,20.6,100.0,0.0
bergstrom,USW00013904,2021-07-22T11:53:00+00:00,2021-07-22T06:53:00-05:00,2021-07-22T05:53:00,FM-15,0.0,0.0,0,,14.484,20.6,100.0,0.0
bergstrom,USW00013904,2021-07-22T12:53:00+00:00,2021-07-22T07:53:00-05:00,2021-07-22T06:53:00,FM-15,0.0,0.0,0,,16.093,22.2,97.0,0.0
bergstrom,USW00013904,2021-07-22T13:53:00+00:00,2021-07-22T08:53:00-05:00,2021-07-22T07:53:00,FM-15,0.0,0.0,0,,16.093,24.4,88.0,2.6
bergstrom,USW00013904,2021-07-22T14:53:00+00:00,2021-07-22T09:53:00-05:00,2021-07-22T08:53:00,FM-15,0.0,0.0,0,,16.093,26.1,82.0,3.6
bergstrom,USW00013904,2021-07-22T15:53:00+00:00,2021-07-22T10:53:00-05:00,2021-07-22T09:53:00,FM-15,0.0,0.0,0,,16.093,27.8,72.0,3.1
bergstrom,USW00013904,2021-07-22T16:53:00+00:00,2021-07-22T11:53:00-05:00,2021-07-22T10:53:00,FM-15,0.0,0.0,0,,16.093,29.4,59.0,4.6
bergstrom,USW00013904,2021-07-22T17:53:00+00:00,2021-07-22T12:53:00-05:00,2021-07-22T11:53:00,FM-15,0.0,0.0,0,,16.093,30.0,59.0,4.1
bergstrom,USW00013904,2021-07-22T18:53:00+00:00,2021-07-22T13:53:00-05:00,2021-07-22T12:53:00,FM-15,0.0,0.0,0,,16.093,30.6,59.0,3.6
bergstrom,USW00013904,2021-07-22T19:53:00+00:00,2021-07-22T14:53:00-05:00,2021-07-22T13:53:00,FM-15,0.0,0.0,0,,16.093,32.2,56.0,4.1
bergstrom,USW00013904,2021-07-22T20:53:00+00:00,2021-07-22T15:53:00-05:00,2021-07-22T14:53:00,FM-15,0.0,0.0,0,,16.093,32.2,56.0,4.1
bergstrom,USW00013904,2021-07-22T21:53:00+00:00,2021-07-22T16:53:00-05:00,2021-07-22T15:53:00,FM-15,,T,1,TS -RA:02 |TS RA |RA,16.093,24.4,82.0,8.2
bergstrom,USW00013904,2021-07-22T22:41:00+00:00,2021-07-22T17:41:00-05:00,2021-07-22T16:41:00,FM-16,,,0,,16.093,25.0,94.0,4.6
bergstrom,USW00013904,2021-07-22T22:53:00+00:00,2021-07-22T17:53:00-05:00,2021-07-22T16:53:00,FM-15,0.5,0.5,1,,16.093,25.0,94.0,5.1
bergstrom,USW00013904,2021-07-22T23:53:00+00:00,2021-07-22T18:53:00-05:00,2021-07-22T17:53:00,FM-15,,T,1,-RA:02 |RA |RA,16.093,23.9,94.0,4.6
bergstrom,USW00013904,2021-07-23T00:53:00+00:00,2021-07-22T19:53:00-05:00,2021-07-22T18:53:00,FM-15,0.5,0.5,1,-RA:02 |RA |RA,16.093,23.3,97.0,2.1
bergstrom,USW00013904,2021-07-23T01:53:00+00:00,2021-07-22T20:53:00-05:00,2021-07-22T19:53:00,FM-15,,T,1,,16.093,22.8,100.0,2.6
bergstrom,USW00013904,2021-07-23T02:53:00+00:00,2021-07-22T21:53:00-05:00,2021-07-22T20:53:00,FM-15,0.0,0.0,0,,16.093,22.8,100.0,0.0
bergstrom,USW00013904,2021-07-23T03:53:00+00:00,2021-07-22T22:53:00-05:00,2021-07-22T21:53:00,FM-15,0.0,0.0,0,,16.093,22.8,100.0,0.0
bergstrom,USW00013904,2021-07-23T04:01:00+00:00,2021-07-22T23:01:00-05:00,2021-07-22T22:01:00,FM-16,,,0,,16.093,22.2,100.0,0.0
bergstrom,USW00013904,2021-07-23T04:53:00+00:00,2021-07-22T23:53:00-05:00,2021-07-22T22:53:00,FM-15,0.0,0.0,0,,16.093,22.8,100.0,1.5
bergstrom,USW00013904,2021-07-23T05:53:00+00:00,2021-07-23T00:53:00-05:00,2021-07-22T23:53:00,FM-15,0.0,0.0,0,,16.093,22.2,100.0,0.0
bergstrom,USW00013904,2021-07-23T06:38:00+00:00,2021-07-23T01:38:00-05:00,2021-07-23T00:38:00,FM-16,,,0,,16.093,21.7,100.0,1.5
bergstrom,USW00013904,2021-07-23T06:53:00+00:00,2021-07-23T01:53:00-05:00,2021-07-23T00:53:00,FM-15,0.0,0.0,0,,16.093,22.2,100.0,0.0
bergstrom,USW00013904,2021-07-23T07:51:00+00:00,2021-07-23T02:51:00-05:00,2021-07-23T01:51:00,FM-16,,,0,,14.484,22.0,100.0,0.0
bergstrom,USW00013904,2021-07-23T07:53:00+00:00,2021-07-23T02:53:00-05:00,2021-07-23T01:53:00,FM-15,0.0,0.0,0,,14.484,22.2,100.0,0.0
bergstrom,USW00013904,2021-07-23T08:53:00+00:00,2021-07-23T03:53:00-05:00,2021-07-23T02:53:00,FM-15,0.0,0.0,0,,16.093,22.8,100.0,1.5
bergstrom,USW00013904,2021-07-23T09:16:00+00:00,2021-07-23T04:16:00-05:00,2021-07-23T03:16:00,FM-16,,,0,,12.875,22.8,100.0,1.5
bergstrom,USW00013904,2021-07-23T09:53:00+00:00,2021-07-23T04:53:00-05:00,2021-07-23T03:53:00,FM-15,,T,1,-RA:02 BR:1 |RA BR |RA,4.828,22.8,100.0,1.5
bergstrom,USW00013904,2021-07-23T10:53:00+00:00,2021-07-23T05:53:00-05:00,2021-07-23T04:53:00,FM-15,0.0,0.0,0,BR:1 |BR |,4.828,23.3,100.0,2.1
bergstrom,USW00013904,2021-07-23T11:29:00+00:00,2021-07-23T06:29:00-05:00,2021-07-23T05:29:00,FM-16,,,0,BR:1 |BR |,4.828,23.3,100.0,2.6
bergstrom,USW00013904,2021-07-23T11:51:00+00:00,2021-07-23T06:51:00-05:00,2021-07-23T05:51:00,FM-16,,,0,BR:1 |BR |,4.828,23.0,100.0,2.6
bergstrom,USW00013904,2021-07-23T11:53:00+00:00,2021-07-23T06:53:00-05:00,2021-07-23T05:53:00,FM-15,0.0,0.0,0,BR:1 |BR |,4.828,23.3,100.0,2.6
bergstrom,USW00013904,2021-07-23T12:36:00+00:00,2021-07-23T07:36:00-05:00,2021-07-23T06:36:00,FM-16,,,0,BR:1 |BR |,4.828,23.9,100.0,3.1
bergstrom,USW00013904,2021-07-23T12:51:00+00:00,2021-07-23T07:51:00-05:00,2021-07-23T06:51:00,FM-16,,,0,BR:1 |BR |,4.828,24.0,100.0,4.1
bergstrom,USW00013904,2021-07-23T12:53:00+00:00,2021-07-23T07:53:00-05:00,2021-07-23T06:53:00,FM-15,0.0,0.0,0,BR:1 |BR |,4.828,24.4,100.0,4.1
bergstrom,USW00013904,2021-07-23T13:51:00+00:00,2021-07-23T08:51:00-05:00,2021-07-23T07:51:00,FM-16,,,0,,14.484,26.0,94.0,4.1
bergstrom,USW00013904,2021-07-23T13:53:00+00:00,2021-07-23T08:53:00-05:00,2021-07-23T07:53:00,FM-15,0.0,0.0,0,,14.484,25.6,97.0,4.1
bergstrom,USW00013904,2021-07-23T14:53:00+00:00,2021-07-23T09:53:00-05:00,2021-07-23T08:53:00,FM-15,0.0,0.0,0,,16.093,27.8,82.0,7.2
bergstrom,USW00013904,2021-07-23T15:51:00+00:00,2021-07-23T10:51:00-05:00,2021-07-23T09:51:00,FM-16,,,0,,16.093,29.0,74.0,6.7
bergstrom,USW00013904,2021-07-23T15:53:00+00:00,2021-07-23T10:53:00-05:00,2021-07-23T09:53:00,FM-15,0.0,0.0,0,,16.093,28.9,74.0,7.2
bergstrom,USW00013904,2021-07-23T16:53:00+00:00,2021-07-23T11:53:00-05:00,2021-07-23T10:53:00,FM-15,0.0,0.0,0,,16.093,30.6,65.0,7.2
bergstrom,USW00013904,2021-07-23T17:53:00+00:00,2021-07-23T12:53:00-05:00,2021-07-23T11:53:00,FM-15,0.0,0.0,0,,16.093,31.1,61.0,7.7
bergstrom,USW00013904,2021-07-23T18:53:00+00:00,2021-07-23T13:53:00-05:00,2021-07-23T12:53:00,FM-15,0.0,0.0,0,,16.093,32.2,56.0,6.7
bergstrom,USW00013904,2021-07-23T19:53:00+00:00,2021-07-23T14:53:00-05:00,2021-07-23T13:53:00,FM-15,0.0,0.0,0,,16.093,32.8,52.0,8.2
bergstrom,USW00013904,2021-07-23T20:53:00+00:00,2021-07-23T15:53:00-05:00,2021-07-23T14:53:00,FM-15,0.0,0.0,0,,16.093,32.8,52.0,7.2
bergstrom,USW00013904,2021-07-23T21:53:00+00:00,2021-07-23T16:53:00-05:00,2021-07-23T15:53:00,FM-15,0.0,0.0,0,,16.093,32.8,52.0,6.7
bergstrom,USW00013904,2021-07-23T22:53:00+00:00,2021-07-23T17:53:00-05:00,2021-07-23T16:53:00,FM-15,0.0,0.0,0,,16.093,32.2,54.0,6.2
bergstrom,USW00013904,2021-07-23T23:53:00+00:00,2021-07-23T18:53:00-05:00,2021-07-23T17:53:00,FM-15,0.0,0.0,0,,16.093,31.7,53.0,6.7
bergstrom,USW00013904,2021-07-24T00:53:00+00:00,2021-07-23T19:53:00-05:00,2021-07-23T18:53:00,FM-15,0.0,0.0,0,,16.093,30.0,63.0,5.1
bergstrom,USW00013904,2021-07-24T01:53:00+00:00,2021-07-23T20:53:00-05:00,2021-07-23T19:53:00,FM-15,0.0,0.0,0,,16.093,28.3,70.0,4.1
bergstrom,USW00013904,2021-07-24T02:53:00+00:00,2021-07-23T21:53:00-05:00,2021-07-23T20:53:00,FM-15,0.0,0.0,0,,16.093,26.7,79.0,2.6
bergstrom,USW00013904,2021-07-24T03:53:00+00:00,2021-07-23T22:53:00-05:00,2021-07-23T21:53:00,FM-15,0.0,0.0,0,,16.093,26.1,82.0,4.6
bergstrom,USW00013904,2021-07-24T04:53:00+00:00,2021-07-23T23:53:00-05:00,2021-07-23T22:53:00,FM-15,0.0,0.0,0,,16.093,25.0,90.0,3.6
bergstrom,USW00013904,2021-07-24T05:53:00+00:00,2021-07-24T00:53:00-05:00,2021-07-23T23:53:00,FM-15,0.0,0.0,0,,16.093,24.4,94.0,3.6
bergstrom,USW00013904,2021-07-24T06:53:00+00:00,2021-07-24T01:53:00-05:00,2021-07-24T00:53:00,FM-15,0.0,0.0,0,,16.093,25.0,94.0,4.6
bergstrom,USW00013904,2021-07-24T07:53:00+00:00,2021-07-24T02:53:00-05:00,2021-07-24T01:53:00,FM-15,0.0,0.0,0,,16.093,25.6,90.0,7.2
bergstrom,USW00013904,2021-07-24T08:53:00+00:00,2021-07-24T03:53:00-05:00,2021-07-24T02:53:00,FM-15,0.0,0.0,0,,16.093,25.0,94.0,4.6
bergstrom,USW00013904,2021-07-24T09:53:00+00:00,2021-07-24T04:53:00-05:00,2021-07-24T03:53:00,FM-15,0.0,0.0,0,,16.093,23.9,96.0,3.6
bergstrom,USW00013904,2021-07-24T10:53:00+00:00,2021-07-24T05:53:00-05:00,2021-07-24T04:53:00,FM-15,0.0,0.0,0,,16.093,23.9,94.0,3.1
bergstrom,USW00013904,2021-07-24T11:53:00+00:00,2021-07-24T06:53:00-05:00,2021-07-24T05:53:00,FM-15,0.0,0.0,0,,16.093,23.9,94.0,4.1
bergstrom,USW00013904,2021-07-24T12:53:00+00:00,2021-07-24T07:53:00-05:00,2021-07-24T06:53:00,FM-15,0.0,0.0,0,,16.093,24.4,94.0,3.6
bergstrom,USW00013904,2021-07-24T13:53:00+00:00,2021-07-24T08:53:00-05:00,2021-07-24T07:53:00,FM-15,0.0,0.0,0,,16.093,25.6,85.0,7.2
bergstrom,USW00013904,2021-07-24T14:53:00+00:00,2021-07-24T09:53:00-05:00,2021-07-24T08:53:00,FM-15,0.0,0.0,0,,16.093,26.7,79.0,5.1
bergstrom,USW00013904,2021-07-24T15:00:00+00:00,2021-07-24T10:00:00-05:00,2021-07-24T09:00:00,FM-16,,,0,,16.093,27.8,77.0,6.2
bergstrom,USW00013904,2021-07-24T15:53:00+00:00,2021-07-24T10:53:00-05:00,2021-07-24T09:53:00,FM-15,0.0,0.0,0,,16.093,28.9,70.0,7.2
bergstrom,USW00013904,2021-07-24T16:53:00+00:00,2021-07-24T11:53:00-05:00,2021-07-24T10:53:00,FM-15,0.0,0.0,0,,16.093,30.6,63.0,5.1
bergstrom,USW00013904,2021-07-24T17:53:00+00:00,2021-07-24T12:53:00-05:00,2021-07-24T11:53:00,FM-15,0.0,0.0,0,,16.093,31.7,57.0,6.2
bergstrom,USW00013904,2021-07-24T18:53:00+00:00,2021-07-24T13:53:00-05:00,2021-07-24T12:53:00,FM-15,0.0,0.0,0,,16.093,32.8,50.0,6.2
bergstrom,USW00013904,2021-07-24T19:53:00+00:00,2021-07-24T14:53:00-05:00,2021-07-24T13:53:00,FM-15,0.0,0.0,0,,16.093,33.3,49.0,4.1
bergstrom,USW00013904,2021-07-24T20:53:00+00:00,2021-07-24T15:53:00-05:00,2021-07-24T14:53:00,FM-15,0.0,0.0,0,,16.093,33.9,49.0,4.6
bergstrom,USW00013904,2021-07-24T21:53:00+00:00,2021-07-24T16:53:00-05:00,2021-07-24T15:53:00,FM-15,0.0,0.0,0,,16.093,33.9,49.0,4.6
bergstrom,USW00013904,2021-07-24T22:53:00+00:00,2021-07-24T17:53:00-05:00,2021-07-24T16:53:00,FM-15,0.0,0.0,0,,16.093,33.3,49.0,4.1
bergstrom,USW00013904,2021-07-24T23:53:00+00:00,2021-07-24T18:53:00-05:00,2021-07-24T17:53:00,FM-15,0.0,0.0,0,,16.093,32.8,49.0,5.1
bergstrom,USW00013904,2021-07-25T00:53:00+00:00,2021-07-24T19:53:00-05:00,2021-07-24T18:53:00,FM-15,0.0,0.0,0,,16.093,31.1,57.0,4.6
bergstrom,USW00013904,2021-07-25T01:53:00+00:00,2021-07-24T20:53:00-05:00,2021-07-24T19:53:00,FM-15,0.0,0.0,0,,16.093,29.4,63.0,3.1
bergstrom,USW00013904,2021-07-25T02:53:00+00:00,2021-07-24T21:53:00-05:00,2021-07-24T20:53:00,FM-15,0.0,0.0,0,,16.093,27.8,72.0,3.1
bergstrom,USW00013904,2021-07-25T03:53:00+00:00,2021-07-24T22:53:00-05:00,2021-07-24T21:53:00,FM-15,0.0,0.0,0,,16.093,26.1,77.0,4.1
bergstrom,USW00013904,2021-07-25T04:53:00+00:00,2021-07-24T23:53:00-05:00,2021-07-24T22:53:00,FM-15,0.0,0.0,0,,16.093,25.0,85.0,4.1
bergstrom,USW00013904,2021-07-25T05:53:00+00:00,2021-07-25T00:53:00-05:00,2021-07-24T23:53:00,FM-15,0.0,0.0,0,,16.093,23.9,94.0,4.6
bergstrom,USW00013904,2021-07-25T06:40:00+00:00,2021-07-25T01:40:00-05:00,2021-07-25T00:40:00,FM-16,,,0,,16.093,23.9,96.0,4.1
bergstrom,USW00013904,2021-07-25T06:49:00+00:00,2021-07-25T01:49:00-05:00,2021-07-25T00:49:00,FM-16,,,0,,16.093,24.0,94.0,4.1
bergstrom,USW00013904,2021-07-25T06:53:00+00:00,2021-07-25T01:53:00-05:00,2021-07-25T00:53:00,FM-15,0.0,0.0,0,,16.093,23.9,96.0,4.6
bergstrom,USW00013904,2021-07-25T07:53:00+00:00,2021-07-25T02:53:00-05:00,2021-07-25T01:53:00,FM-15,0.0,0.0,0,,16.093,23.9,96.0,5.7
bergstrom,USW00013904,2021-07-25T08:53:00+00:00,2021-07-25T03:53:00-05:00,2021-07-25T02:53:00,FM-15,0.0,0.0,0,,16.093,23.9,94.0,3.6
bergstrom,USW00013904,2021-07-25T09:00:00+00:00,2021-07-25T04:00:00-05:00,2021-07-25T03:00:00,FM-16,,,0,,16.093,23.9,94.0,3.6
bergstrom,USW00013904,2021-07-25T09:51:00+00:00,2021-07-25T04:51:00-05:00,2021-07-25T03:51:00,FM-16,,,0,,16.093,23.0,100.0,3.6
bergstrom,USW00013904,2021-07-25T09:53:00+00:00,2021-07-25T04:53:00-05:00,2021-07-25T03:53:00,FM-15,0.0,0.0,0,,16.093,23.3,97.0,3.1
bergstrom,USW00013904,2021-07-25T10:53:00+00:00,2021-07-25T05:53:00-05:00,2021-07-25T04:53:00,FM-15,0.0,0.0,0,,16.093,22.8,100.0,3.1
bergstrom,USW00013904,2021-07-25T11:53:00+00:00,2021-07-25T06:53:00-05:00,2021-07-25T05:53:00,FM-15,0.0,0.0,0,,16.093,22.8,96.0,3.1
bergstrom,USW00013904,2021-07-25T12:53:00+00:00,2021-07-25T07:53:00-05:00,2021-07-25T06:53:00,FM-15,0.0,0.0,0,,16.093,23.3,97.0,2.1
bergstrom,USW00013904,2021-07-25T13:40:00+00:00,2021-07-25T08:40:00-05:00,2021-07-25T07:40:00,FM-16,,,0,,16.093,24.4,91.0,3.6
bergstrom,USW00013904,2021-07-25T13:53:00+00:00,2021-07-25T08:53:00-05:00,2021-07-25T07:53:00,FM-15,0.0,0.0,0,,16.093,25.0,85.0,3.6
bergstrom,USW00013904,2021-07-25T14:53:00+00:00,2021-07-25T09:53:00-05:00,2021-07-25T08:53:00,FM-15,0.0,0.0,0,,16.093,27.2,74.0,3.1
bergstrom,USW00013904,2021-07-25T15:53:00+00:00,2021-07-25T10:53:00-05:00,2021-07-25T09:53:00,FM-15,0.0,0.0,0,,16.093,28.3,65.0,2.6
bergstrom,USW00013904,2021-07-25T16:53:00+00:00,2021-07-25T11:53:00-05:00,2021-07-25T10:53:00,FM-15,0.0,0.0,0,,16.093,30.0,57.0,3.6
bergstrom,USW00013904,2021-07-25T17:53:00+00:00,2021-07-25T12:53:00-05:00,2021-07-25T11:53:00,FM-15,0.0,0.0,0,,16.093,31.7,50.0,4.6
bergstrom,USW00013904,2021-07-25T18:53:00+00:00,2021-07-25T13:53:00-05:00,2021-07-25T12:53:00,FM-15,0.0,0.0,0,,16.093,33.3,46.0,5.1
bergstrom,USW00013904,2021-07-25T19:53:00+00:00,2021-07-25T14:53:00-05:00,2021-07-25T13:53:00,FM-15,0.0,0.0,0,,16.093,33.9,46.0,4.6
bergstrom,USW00013904,2021-07-25T20:53:00+00:00,2021-07-25T15:53:00-05:00,2021-07-25T14:53:00,FM-15,0.0,0.0,0,,16.093,34.4,44.0,3.1
bergstrom,USW00013904,2021-07-25T21:53:00+00:00,2021-07-25T16:53:00-05:00,2021-07-25T15:53:00,FM-15,0.0,0.0,0,,16.093,33.9,47.0,5.7
bergstrom,USW00013904,2021-07-25T22:53:00+00:00,2021-07-25T17:53:00-05:00,2021-07-25T16:53:00,FM-15,0.0,0.0,0,,16.093,33.3,47.0,5.1
bergstrom,USW00013904,2021-07-25T23:53:00+00:00,2021-07-25T18:53:00-05:00,2021-07-25T17:53:00,FM-15,0.0,0.0,0,,16.093,32.8,50.0,5.7
bergstrom,USW00013904,2021-07-26T00:53:00+00:00,2021-07-25T19:53:00-05:00,2021-07-25T18:53:00,FM-15,0.0,0.0,0,,16.093,31.1,57.0,3.6
bergstrom,USW00013904,2021-07-26T01:53:00+00:00,2021-07-25T20:53:00-05:00,2021-07-25T19:53:00,FM-15,0.0,0.0,0,,16.093,28.3,67.0,2.6
bergstrom,USW00013904,2021-07-26T02:53:00+00:00,2021-07-25T21:53:00-05:00,2021-07-25T20:53:00,FM-15,0.0,0.0,0,,16.093,25.6,79.0,2.6
bergstrom,USW00013904,2021-07-26T03:53:00+00:00,2021-07-25T22:53:00-05:00,2021-07-25T21:53:00,FM-15,0.0,0.0,0,,16.093,25.0,82.0,2.1
bergstrom,USW00013904,2021-07-26T04:53:00+00:00,2021-07-25T23:53:00-05:00,2021-07-25T22:53:00,FM-15,0.0,0.0,0,,16.093,23.9,90.0,2.6
bergstrom,USW00013904,2021-07-26T05:53:00+00:00,2021-07-26T00:53:00-05:00,2021-07-25T23:53:00,FM-15,0.0,0.0,0,,16.093,24.4,91.0,2.6
bergstrom,USW00013904,2021-07-26T06:53:00+00:00,2021-07-26T01:53:00-05:00,2021-07-26T00:53:00,FM-15,0.0,0.0,0,,16.093,23.9,96.0,2.6
bergstrom,USW00013904,2021-07-26T07:53:00+00:00,2021-07-26T02:53:00-05:00,2021-07-26T01:53:00,FM-15,0.0,0.0,0,,16.093,23.3,97.0,1.5
bergstrom,USW00013904,2021-07-26T08:53:00+00:00,2021-07-26T03:53:00-05:00,2021-07-26T02:53:00,FM-15,0.0,0.0,0,,16.093,22.8,100.0,2.1
bergstrom,USW00013904,2021-07-26T09:53:00+00:00,2021-07-26T04:53:00-05:00,2021-07-26T03:53:00,FM-15,0.0,0.0,0,,16.093,22.8,96.0,2.1
bergstrom,USW00013904,2021-07-26T10:53:00+00:00,2021-07-26T05:53:00-05:00,2021-07-26T04:53:00,FM-15,0.0,0.0,0,,16.093,22.2,100.0,2.1
bergstrom,USW00013904,2021-07-26T11:07:00+00:00,2021-07-26T06:07:00-05:00,2021-07-26T05:07:00,FM-16,,,0,,16.093,22.2,100.0,2.6
bergstrom,USW00013904,2021-07-26T11:51:00+00:00,2021-07-26T06:51:00-05:00,2021-07-26T05:51:00,FM-16,,,0,,16.093,23.0,100.0,2.6
bergstrom,USW00013904,2021-07-26T11:53:00+00:00,2021-07-26T06:53:00-05:00,2021-07-26T05:53:00,FM-15,0.0,0.0,0,,16.093,23.3,100.0,2.1
bergstrom,USW00013904,2021-07-26T12:51:00+00:00,2021-07-26T07:51:00-05:00,2021-07-26T06:51:00,FM-16,,,0,,16.093,24.0,94.0,1.5
bergstrom,USW00013904,2021-07-26T12:53:00+00:00,2021-07-26T07:53:00-05:00,2021-07-26T06:53:00,FM-15,0.0,0.0,0,,16.093,24.4,94.0,2.1
bergstrom,USW00013904,2021-07-26T13:36:00+00:00,2021-07-26T08:36:00-05:00,2021-07-26T07:36:00,FM-16,,,0,,16.093,25.6,90.0,2.1
bergstrom,USW00013904,2021-07-26T13:53:00+00:00,2021-07-26T08:53:00-05:00,2021-07-26T07:53:00,FM-15,0.0,0.0,0,,16.093,26.1,88.0,3.6
bergstrom,USW00013904,2021-07-26T14:45:00+00:00,2021-07-26T09:45:00-05:00,2021-07-26T08:45:00,FM-16,,,0,,16.093,27.8,74.0,1.5
bergstrom,USW00013904,2021-07-26T14:53:00+00:00,2021-07-26T09:53:00-05:00,2021-07-26T08:53:00,FM-15,0.0,0.0,0,,16.093,27.2,77.0,2.1
bergstrom,USW00013904,2021-07-26T15:53:00+00:00,2021-07-26T10:53:00-05:00,2021-07-26T09:53:00,FM-15,0.0,0.0,0,,16.093,29.4,68.0,1.5
bergstrom,USW00013904,2021-07-26T16:53:00+00:00,2021-07-26T11:53:00-05:00,2021-07-26T10:53:00,FM-15,0.0,0.0,0,,16.093,30.6,63.0,0.0
bergstrom,USW00013904,2021-07-26T17:53:00+00:00,2021-07-26T12:53:00-05:00,2021-07-26T11:53:00,FM-15,0.0,0.0,0,,16.093,31.7,57.0,0.0
bergstrom,USW00013904,2021-07-26T18:53:00+00:00,2021-07-26T13:53:00-05:00,2021-07-26T12:53:00,FM-15,0.0,0.0,0,,16.093,33.3,49.0,2.6
bergstrom,USW00013904,2021-07-26T19:53:00+00:00,2021-07-26T14:53:00-05:00,2021-07-26T13:53:00,FM-15,0.0,0.0,0,,16.093,34.4,46.0,4.1
bergstrom,USW00013904,2021-07-26T20:53:00+00:00,2021-07-26T15:53:00-05:00,2021-07-26T14:53:00,FM-15,0.0,0.0,0,,16.093,34.4,44.0,3.1
bergstrom,USW00013904,2021-07-26T21:53:00+00:00,2021-07-26T16:53:00-05:00,2021-07-26T15:53:00,FM-15,0.0,0.0,0,,16.093,35.0,43.0,2.6
bergstrom,USW00013904,2021-07-26T22:53:00+00:00,2021-07-26T17:53:00-05:00,2021-07-26T16:53:00,FM-15,0.0,0.0,0,,16.093,33.9,46.0,3.1
bergstrom,USW00013904,2021-07-26T23:53:00+00:00,2021-07-26T18:53:00-05:00,2021-07-26T17:53:00,FM-15,0.0,0.0,0,,16.093,32.8,52.0,4.6
bergstrom,USW00013904,2021-07-27T00:53:00+00:00,2021-07-26T19:53:00-05:00,2021-07-26T18:53:00,FM-15,0.0,0.0,0,,16.093,31.1,57.0,4.1
bergstrom,USW00013904,2021-07-27T01:53:00+00:00,2021-07-26T20:53:00-05:00,2021-07-26T19:53:00,FM-15,0.0,0.0,0,,16.093,27.8,72.0,3.1
bergstrom,USW00013904,2021-07-27T02:53:00+00:00,2021-07-26T21:53:00-05:00,2021-07-26T20:53:00,FM-15,0.0,0.0,0,,16.093,25.6,82.0,2.1
bergstrom,USW00013904,2021-07-27T03:53:00+00:00,2021-07-26T22:53:00-05:00,2021-07-26T21:53:00,FM-15,0.0,0.0,0,,16.093,25.0,85.0,2.6
bergstrom,USW00013904,2021-07-27T04:53:00+00:00,2021-07-26T23:53:00-05:00,2021-07-26T22:53:00,FM-15,0.0,0.0,0,,16.093,23.9,94.0,2.6
bergstrom,USW00013904,2021-07-27T05:53:00+00:00,2021-07-27T00:53:00-05:00,2021-07-26T23:53:00,FM-15,0.0,0.0,0,BCFG:2 |FG |,16.093,23.9,90.0,2.1
bergstrom,USW00013904,2021-07-27T06:53:00+00:00,2021-07-27T01:53:00-05:00,2021-07-27T00:53:00,FM-15,0.0,0.0,0,BCFG:2 |FG |,16.093,23.3,91.0,0.0
bergstrom,USW00013904,2021-07-27T07:36:00+00:00,2021-07-27T02:36:00-05:00,2021-07-27T01:36:00,FM-16,,,0,BCFG:2 |FG |,16.093,23.3,94.0,2.1
bergstrom,USW00013904,2021-07-27T07:53:00+00:00,2021-07-27T02:53:00-05:00,2021-07-27T01:53:00,FM-15,0.0,0.0,0,BCFG:2 |FG |,16.093,23.3,94.0,1.5
bergstrom,USW00013904,2021-07-27T08:53:00+00:00,2021-07-27T03:53:00-05:00,2021-07-27T02:53:00,FM-15,0.0,0.0,0,BCFG:2 |FG |,16.093,23.3,94.0,0.0
bergstrom,USW00013904,2021-07-27T09:09:00+00:00,2021-07-27T04:09:00-05:00,2021-07-27T03:09:00,FM-16,,,0,BCFG:2 |FG |,16.093,22.2,97.0,2.1
bergstrom,USW00013904,2021-07-27T09:17:00+00:00,2021-07-27T04:17:00-05:00,2021-07-27T03:17:00,FM-16,,,0,BCFG:2 |FG |,16.093,21.7,100.0,1.5
bergstrom,USW00013904,2021-07-27T09:53:00+00:00,2021-07-27T04:53:00-05:00,2021-07-27T03:53:00,FM-15,0.0,0.0,0,BCFG:2 |FG |,16.093,21.7,100.0,0.0
bergstrom,USW00013904,2021-07-27T10:14:00+00:00,2021-07-27T05:14:00-05:00,2021-07-27T04:14:00,FM-16,,,0,BCFG:2 |FG |,14.484,22.2,100.0,0.0
bergstrom,USW00013904,2021-07-27T10:21:00+00:00,2021-07-27T05:21:00-05:00,2021-07-27T04:21:00,FM-16,,,0,BCFG:2 |FG |,14.484,21.7,100.0,1.5
bergstrom,USW00013904,2021-07-27T10:31:00+00:00,2021-07-27T05:31:00-05:00,2021-07-27T04:31:00,FM-16,,,0,BCFG:2 |FG |,14.484,21.7,100.0,0.0
bergstrom,USW00013904,2021-07-27T10:51:00+00:00,2021-07-27T05:51:00-05:00,2021-07-27T04:51:00,FM-16,,,0,BCFG:2 |FG |,14.484,22.0,100.0,0.0
bergstrom,USW00013904,2021-07-27T10:53:00+00:00,2021-07-27T05:53:00-05:00,2021-07-27T04:53:00,FM-15,0.0,0.0,0,BCFG:2 |FG |,14.484,22.2,97.0,1.5
bergstrom,USW00013904,2021-07-27T11:53:00+00:00,2021-07-27T06:53:00-05:00,2021-07-27T05:53:00,FM-15,0.0,0.0,0,BCFG:2 |FG |,16.093,21.7,100.0,1.5
bergstrom,USW00013904,2021-07-27T12:53:00+00:00,2021-07-27T07:53:00-05:00,2021-07-27T06:53:00,FM-15,0.0,0.0,0,,16.093,22.8,96.0,0.0
bergstrom,USW00013904,2021-07-27T13:53:00+00:00,2021-07-27T08:53:00-05:00,2021-07-27T07:53:00,FM-15,0.0,0.0,0,,16.093,26.1,85.0,3.1
bergstrom,USW00013904,2021-07-27T14:53:00+00:00,2021-07-27T09:53:00-05:00,2021-07-27T08:53:00,FM-15,0.0,0.0,0,,16.093,28.3,65.0,3.6
bergstrom,USW00013904,2021-07-27T15:53:00+00:00,2021-07-27T10:53:00-05:00,2021-07-27T09:53:00,FM-15,0.0,0.0,0,,16.093,30.6,59.0,3.6
bergstrom,USW00013904,2021-07-27T16:53:00+00:00,2021-07-27T11:53:00-05:00,2021-07-27T10:53:00,FM-15,0.0,0.0,0,,16.093,31.7,50.0,2.6
bergstrom,USW00013904,2021-07-27T17:53:00+00:00,2021-07-27T12:53:00-05:00,2021-07-27T11:53:00,FM-15,0.0,0.0,0,,16.093,32.8,42.0,2.6
bergstrom,USW00013904,2021-07-27T18:53:00+00:00,2021-07-27T13:53:00-05:00,2021-07-27T12:53:00,FM-15,0.0,0.0,0,,16.093,33.3,41.0,2.6
bergstrom,USW00013904,2021-07-27T19:53:00+00:00,2021-07-27T14:53:00-05:00,2021-07-27T13:53:00,FM-15,0.0,0.0,0,,16.093,33.3,38.0,1.5
bergstrom,USW00013904,2021-07-27T20:53:00+00:00,2021-07-27T15:53:00-05:00,2021-07-27T14:53:00,FM-15,0.0,0.0,0,,16.093,33.9,38.0,2.1
bergstrom,USW00013904,2021-07-27T21:53:00+00:00,2021-07-27T16:53:00-05:00,2021-07-27T15:53:00,FM-15,0.0,0.0,0,,16.093,33.9,37.0,3.1
bergstrom,USW00013904,2021-07-27T22:53:00+00:00,2021-07-27T17:53:00-05:00,2021-07-27T16:53:00,FM-15,0.0,0.0,0,,16.093,33.9,41.0,3.1
bergstrom,USW00013904,2021-07-27T23:53:00+00:00,2021-07-27T18:53:00-05:00,2021-07-27T17:53:00,FM-15,0.0,0.0,0,,16.093,33.3,44.0,2.6
bergstrom,USW00013904,2021-07-28T00:53:00+00:00,2021-07-27T19:53:00-05:00,2021-07-27T18:53:00,FM-15,0.0,0.0,0,,16.093,30.6,53.0,1.5
bergstrom,USW00013904,2021-07-28T01:53:00+00:00,2021-07-27T20:53:00-05:00,2021-07-27T19:53:00,FM-15,0.0,0.0,0,,16.093,27.8,67.0,4.1
bergstrom,USW00013904,2021-07-28T02:53:00+00:00,2021-07-27T21:53:00-05:00,2021-07-27T20:53:00,FM-15,0.0,0.0,0,,16.093,26.7,76.0,2.6
bergstrom,USW00013904,2021-07-28T03:53:00+00:00,2021-07-27T22:53:00-05:00,2021-07-27T21:53:00,FM-15,0.0,0.0,0,,16.093,26.1,79.0,2.1
bergstrom,USW00013904,2021-07-28T04:53:00+00:00,2021-07-27T23:53:00-05:00,2021-07-27T22:53:00,FM-15,0.0,0.0,0,,16.093,26.1,79.0,2.6
bergstrom,USW00013904,2021-07-28T05:53:00+00:00,2021-07-28T00:53:00-05:00,2021-07-27T23:53:00,FM-15,0.0,0.0,0,,16.093,25.6,85.0,3.1
bergstrom,USW00013904,2021-07-28T06:53:00+00:00,2021-07-28T01:53:00-05:00,2021-07-28T00:53:00,FM-15,0.0,0.0,0,,16.093,25.0,88.0,2.6
bergstrom,USW00013904,2021-07-28T07:53:00+00:00,2021-07-28T02:53:00-05:00,2021-07-28T01:53:00,FM-15,0.0,0.0,0,,16.093,25.0,88.0,2.1
bergstrom,USW00013904,2021-07-28T08:53:00+00:00,2021-07-28T03:53:00-05:00,2021-07-28T02:53:00,FM-15,0.0,0.0,0,,16.093,24.4,91.0,0.0
bergstrom,USW00013904,2021-07-28T09:02:00+00:00,2021-07-28T04:02:00-05:00,2021-07-28T03:02:00,FM-16,,,0,,16.093,23.9,94.0,1.5
bergstrom,USW00013904,2021-07-28T09:27:00+00:00,2021-07-28T04:27:00-05:00,2021-07-28T03:27:00,FM-16,,,0,,16.093,23.9,94.0,0.0
bergstrom,USW00013904,2021-07-28T09:37:00+00:00,2021-07-28T04:37:00-05:00,2021-07-28T03:37:00,FM-16,,,0,,16.093,23.3,97.0,0.0
bergstrom,USW00013904,2021-07-28T09:53:00+00:00,2021-07-28T04:53:00-05:00,2021-07-28T03:53:00,FM-15,0.0,0.0,0,,16.093,24.4,91.0,0.0
bergstrom,USW00013904,2021-07-28T10:08:00+00:00,2021-07-28T05:08:00-05:00,2021-07-28T04:08:00,FM-16,,,0,,16.093,23.9,94.0,1.5
bergstrom,USW00013904,2021-07-28T10:28:00+00:00,2021-07-28T05:28:00-05:00,2021-07-28T04:28:00,FM-16,,,0,BCFG:2 |FG |,14.484,23.3,97.0,1.5
bergstrom,USW00013904,2021-07-28T10:45:00+00:00,2021-07-28T05:45:00-05:00,2021-07-28T04:45:00,FM-16,,,0,BCFG:2 |FG |,14.484,22.8,100.0,1.5
bergstrom,USW00013904,2021-07-28T10:53:00+00:00,2021-07-28T05:53:00-05:00,2021-07-28T04:53:00,FM-15,0.0,0.0,0,BCFG:2 |FG |,14.484,22.8,100.0,1.5
bergstrom,USW00013904,2021-07-28T11:29:00+00:00,2021-07-28T06:29:00-05:00,2021-07-28T05:29:00,FM-16,,,0,,16.093,23.3,97.0,0.0
bergstrom,USW00013904,2021-07-28T11:53:00+00:00,2021-07-28T06:53:00-05:00,2021-07-28T05:53:00,FM-15,0.0,0.0,0,,16.093,22.8,100.0,0.0
bergstrom,USW00013904,2021-07-28T12:31:00+00:00,2021-07-28T07:31:00-05:00,2021-07-28T06:31:00,FM-16,,,0,BCFG:2 |FG |,14.484,23.3,97.0,0.0
bergstrom,USW00013904,2021-07-28T12:44:00+00:00,2021-07-28T07:44:00-05:00,2021-07-28T06:44:00,FM-16,,,0,BCFG:2 |FG |,14.484,23.9,96.0,0.0
bergstrom,USW00013904,2021-07-28T12:51:00+00:00,2021-07-28T07:51:00-05:00,2021-07-28T06:51:00,FM-16,,,0,BCFG:2 |FG |,14.484,24.0,94.0,0.0
bergstrom,USW00013904,2021-07-28T12:53:00+00:00,2021-07-28T07:53:00-05:00,2021-07-28T06:53:00,FM-15,0.0,0.0,0,BCFG:2 |FG |,14.484,23.9,96.0,0.0
bergstrom,USW00013904,2021-07-28T13:17:00+00:00,2021-07-28T08:17:00-05:00,2021-07-28T07:17:00,FM-16,,,0,,16.093,25.0,90.0,0.0
bergstrom,USW00013904,2021-07-28T13:53:00+00:00,2021-07-28T08:53:00-05:00,2021-07-28T07:53:00,FM-15,0.0,0.0,0,,16.093,27.8,74.0,0.0
bergstrom,USW00013904,2021-07-28T14:53:00+00:00,2021-07-28T09:53:00-05:00,2021-07-28T08:53:00,FM-15,0.0,0.0,0,,16.093,29.4,59.0,1.5
bergstrom,USW00013904,2021-07-28T15:53:00+00:00,2021-07-28T10:53:00-05:00,2021-07-28T09:53:00,FM-15,0.0,0.0,0,,16.093,30.6,55.0,2.1
bergstrom,USW00013904,2021-07-28T16:53:00+00:00,2021-07-28T11:53:00-05:00,2021-07-28T10:53:00,FM-15,0.0,0.0,0,,16.093,31.1,54.0,0.0
bergstrom,USW00013904,2021-07-28T17:53:00+00:00,2021-07-28T12:53:00-05:00,2021-07-28T11:53:00,FM-15,0.0,0.0,0,,16.093,32.8,50.0,3.1
bergstrom,USW00013904,2021-07-28T18:53:00+00:00,2021-07-28T13:53:00-05:00,2021-07-28T12:53:00,FM-15,0.0,0.0,0,,16.093,32.8,49.0,0.0
bergstrom,USW00013904,2021-07-28T19:53:00+00:00,2021-07-28T14:53:00-05:00,2021-07-28T13:53:00,FM-15,0.0,0.0,0,,16.093,32.8,49.0,2.6
bergstrom,USW00013904,2021-07-28T20:53:00+00:00,2021-07-28T15:53:00-05:00,2021-07-28T14:53:00,FM-15,,T,1,,16.093,32.8,50.0,3.1
bergstrom,USW00013904,2021-07-28T21:53:00+00:00,2021-07-28T16:53:00-05:00,2021-07-28T15:53:00,FM-15,0.5,0.5,1,,16.093,33.3,51.0,2.6
bergstrom,USW00013904,2021-07-28T22:53:00+00:00,2021-07-28T17:53:00-05:00,2021-07-28T16:53:00,FM-15,0.0,0.0,0,,16.093,33.3,51.0,3.6
bergstrom,USW00013904,2021-07-28T23:53:00+00:00,2021-07-28T18:53:00-05:00,2021-07-28T17:53:00,FM-15,0.0,0.0,0,,16.093,32.2,52.0,3.6
bergstrom,USW00013904,2021-07-29T00:53:00+00:00,2021-07-28T19:53:00-05:00,2021-07-28T18:53:00,FM-15,0.0,0.0,0,,16.093,31.7,53.0,3.1
bergstrom,USW00013904,2021-07-29T01:53:00+00:00,2021-07-28T20:53:00-05:00,2021-07-28T19:53:00,FM-15,0.0,0.0,0,,16.093,27.8,69.0,2.1
bergstrom,USW00013904,2021-07-29T02:53:00+00:00,2021-07-28T21:53:00-05:00,2021-07-28T20:53:00,FM-15,0.0,0.0,0,,16.093,25.6,82.0,0.0
bergstrom,USW00013904,2021-07-29T03:53:00+00:00,2021-07-28T22:53:00-05:00,2021-07-28T21:53:00,FM-15,0.0,0.0,0,,16.093,26.1,79.0,2.1
bergstrom,USW00013904,2021-07-29T04:53:00+00:00,2021-07-28T23:53:00-05:00,2021-07-28T22:53:00,FM-15,0.0,0.0,0,,16.093,25.6,82.0,2.6
bergstrom,USW00013904,2021-07-29T05:53:00+00:00,2021-07-29T00:53:00-05:00,2021-07-28T23:53:00,FM-15,0.0,0.0,0,,16.093,25.0,85.0,2.1
bergstrom,USW00013904,2021-07-29T06:53:00+00:00,2021-07-29T01:53:00-05:00,2021-07-29T00:53:00,FM-15,0.0,0.0,0,,16.093,22.8,96.0,0.0
bergstrom,USW00013904,2021-07-29T07:53:00+00:00,2021-07-29T02:53:00-05:00,2021-07-29T01:53:00,FM-15,0.0,0.0,0,,16.093,23.3,94.0,0.0
bergstrom,USW00013904,2021-07-29T08:07:00+00:00,2021-07-29T03:07:00-05:00,2021-07-29T02:07:00,FM-16,,,0,,16.093,23.3,97.0,0.0
bergstrom,USW00013904,2021-07-29T08:53:00+00:00,2021-07-29T03:53:00-05:00,2021-07-29T02:53:00,FM-15,0.0,0.0,0,,16.093,22.8,96.0,0.0
bergstrom,USW00013904,2021-07-29T09:00:00+00:00,2021-07-29T04:00:00-05:00,2021-07-29T03:00:00,FM-16,,,0,,16.093,22.8,96.0,0.0
bergstrom,USW00013904,2021-07-29T09:34:00+00:00,2021-07-29T04:34:00-05:00,2021-07-29T03:34:00,FM-16,,,0,,16.093,22.8,96.0,1.5
bergstrom,USW00013904,2021-07-29T09:54:00+00:00,2021-07-29T04:54:00-05:00,2021-07-29T03:54:00,FM-16,,,0,,16.093,23.0,100.0,1.5
bergstrom,USW00013904,2021-07-29T10:53:00+00:00,2021-07-29T05:53:00-05:00,2021-07-29T04:53:00,FM-15,0.0,0.0,0,,16.093,22.2,100.0,0.0
bergstrom,USW00013904,2021-07-29T11:53:00+00:00,2021-07-29T06:53:00-05:00,2021-07-29T05:53:00,FM-15,0.0,0.0,0,,12.875,22.2,100.0,0.0
bergstrom,USW00013904,2021-07-29T12:53:00+00:00,2021-07-29T07:53:00-05:00,2021-07-29T06:53:00,FM-15,0.0,0.0,0,,16.093,25.0,90.0,0.0
bergstrom,USW00013904,2021-07-29T13:53:00+00:00,2021-07-29T08:53:00-05:00,2021-07-29T07:53:00,FM-15,0.0,0.0,0,,16.093,28.3,74.0,0.0
bergstrom,USW00013904,2021-07-29T14:53:00+00:00,2021-07-29T09:53:00-05:00,2021-07-29T08:53:00,FM-15,0.0,0.0,0,,16.093,30.0,67.0,2.1
bergstrom,USW00013904,2021-07-29T15:53:00+00:00,2021-07-29T10:53:00-05:00,2021-07-29T09:53:00,FM-15,0.0,0.0,0,,16.093,31.7,63.0,1.5
bergstrom,USW00013904,2021-07-29T16:53:00+00:00,2021-07-29T11:53:00-05:00,2021-07-29T10:53:00,FM-15,0.0,0.0,0,,16.093,32.2,58.0,3.1
bergstrom,USW00013904,2021-07-29T17:53:00+00:00,2021-07-29T12:53:00-05:00,2021-07-29T11:53:00,FM-15,0.0,0.0,0,,16.093,33.3,54.0,3.1
bergstrom,USW00013904,2021-07-29T18:53:00+00:00,2021-07-29T13:53:00-05:00,2021-07-29T12:53:00,FM-15,0.0,0.0,0,,16.093,33.3,52.0,4.6
bergstrom,USW00013904,2021-07-29T19:53:00+00:00,2021-07-29T14:53:00-05:00,2021-07-29T13:53:00,FM-15,0.0,0.0,0,,16.093,33.9,50.0,3.6
bergstrom,USW00013904,2021-07-29T20:53:00+00:00,2021-07-29T15:53:00-05:00,2021-07-29T14:53:00,FM-15,0.0,0.0,0,,16.093,34.4,49.0,4.1
bergstrom,USW00013904,2021-07-29T21:53:00+00:00,2021-07-29T16:53:00-05:00,2021-07-29T15:53:00,FM-15,0.0,0.0,0,,16.093,28.3,72.0,6.7
bergstrom,USW00013904,2021-07-29T22:53:00+00:00,2021-07-29T17:53:00-05:00,2021-07-29T16:53:00,FM-15,0.0,0.0,0,,16.093,27.8,77.0,3.1
bergstrom,USW00013904,2021-07-29T23:53:00+00:00,2021-07-29T18:53:00-05:00,2021-07-29T17:53:00,FM-15,0.0,0.0,0,,16.093,27.2,74.0,2.6
bergstrom,USW00013904,2021-07-30T00:53:00+00:00,2021-07-29T19:53:00-05:00,2021-07-29T18:53:00,FM-15,0.0,0.0,0,,16.093,26.7,79.0,1.5
bergstrom,USW00013904,2021-07-30T01:53:00+00:00,2021-07-29T20:53:00-05:00,2021-07-29T19:53:00,FM-15,0.0,0.0,0,,16.093,25.6,87.0,0.0
bergstrom,USW00013904,2021-07-30T02:53:00+00:00,2021-07-29T21:53:00-05:00,2021-07-29T20:53:00,FM-15,0.0,0.0,0,,16.093,25.0,90.0,0.0
bergstrom,USW00013904,2021-07-30T03:53:00+00:00,2021-07-29T22:53:00-05:00,2021-07-29T21:53:00,FM-15,0.0,0.0,0,,16.093,25.0,88.0,0.0
bergstrom,USW00013904,2021-07-30T04:53:00+00:00,2021-07-29T23:53:00-05:00,2021-07-29T22:53:00,FM-15,0.0,0.0,0,,16.093,23.3,94.0,0.0
bergstrom,USW00013904,2021-07-30T05:53:00+00:00,2021-07-30T00:53:00-05:00,2021-07-29T23:53:00,FM-15,0.0,0.0,0,,16.093,23.3,94.0,0.0
bergstrom,USW00013904,2021-07-30T06:53:00+00:00,2021-07-30T01:53:00-05:00,2021-07-30T00:53:00,FM-15,0.0,0.0,0,,16.093,23.9,90.0,0.0
bergstrom,USW00013904,2021-07-30T07:53:00+00:00,2021-07-30T02:53:00-05:00,2021-07-30T01:53:00,FM-15,0.0,0.0,0,,16.093,22.8,94.0,0.0
bergstrom,USW00013904,2021-07-30T08:53:00+00:00,2021-07-30T03:53:00-05:00,2021-07-30T02:53:00,FM-15,0.0,0.0,0,,16.093,21.1,100.0,0.0
bergstrom,USW00013904,2021-07-30T09:53:00+00:00,2021-07-30T04:53:00-05:00,2021-07-30T03:53:00,FM-15,0.0,0.0,0,,16.093,21.7,96.0,0.0
bergstrom,USW00013904,2021-07-30T10:53:00+00:00,2021-07-30T05:53:00-05:00,2021-07-30T04:53:00,FM-15,0.0,0.0,0,,16.093,22.2,97.0,0.0
bergstrom,USW00013904,2021-07-30T11:53:00+00:00,2021-07-30T06:53:00-05:00,2021-07-30T05:53:00,FM-15,0.0,0.0,0,,16.093,21.1,100.0,0.0
bergstrom,USW00013904,2021-07-30T12:53:00+00:00,2021-07-30T07:53:00-05:00,2021-07-30T06:53:00,FM-15,0.0,0.0,0,,16.093,23.9,90.0,1.5
bergstrom,USW00013904,2021-07-30T13:53:00+00:00,2021-07-30T08:53:00-05:00,2021-07-30T07:53:00,FM-15,0.0,0.0,0,,16.093,26.7,79.0,0.0
bergstrom,USW00013904,2021-07-30T14:53:00+00:00,2021-07-30T09:53:00-05:00,2021-07-30T08:53:00,FM-15,0.0,0.0,0,,16.093,28.3,74.0,2.6
bergstrom,USW00013904,2021-07-30T15:53:00+00:00,2021-07-30T10:53:00-05:00,2021-07-30T09:53:00,FM-15,0.0,0.0,0,,16.093,29.4,68.0,2.6
bergstrom,USW00013904,2021-07-30T16:53:00+00:00,2021-07-30T11:53:00-05:00,2021-07-30T10:53:00,FM-15,0.0,0.0,0,,16.093,31.7,59.0,2.6
bergstrom,USW00013904,2021-07-30T17:53:00+00:00,2021-07-30T12:53:00-05:00,2021-07-30T11:53:00,FM-15,0.0,0.0,0,,16.093,31.7,57.0,2.1
bergstrom,USW00013904,2021-07-30T18:53:00+00:00,2021-07-30T13:53:00-05:00,2021-07-30T12:53:00,FM-15,0.0,0.0,0,,16.093,32.8,54.0,3.1
bergstrom,USW00013904,2021-07-30T19:53:00+00:00,2021-07-30T14:53:00-05:00,2021-07-30T13:53:00,FM-15,0.0,0.0,0,,16.093,33.9,49.0,3.6
bergstrom,USW00013904,2021-07-30T20:53:00+00:00,2021-07-30T15:53:00-05:00,2021-07-30T14:53:00,FM-15,0.0,0.0,0,,16.093,33.9,47.0,3.1
bergstrom,USW00013904,2021-07-30T21:53:00+00:00,2021-07-30T16:53:00-05:00,2021-07-30T15:53:00,FM-15,0.0,0.0,0,,16.093,34.4,48.0,4.1
bergstrom,USW00013904,2021-07-30T22:53:00+00:00,2021-07-30T17:53:00-05:00,2021-07-30T16:53:00,FM-15,0.0,0.0,0,,16.093,34.4,46.0,2.6
bergstrom,USW00013904,2021-07-30T23:53:00+00:00,2021-07-30T18:53:00-05:00,2021-07-30T17:53:00,FM-15,0.0,0.0,0,,16.093,33.3,51.0,4.1
bergstrom,USW00013904,2021-07-31T00:53:00+00:00,2021-07-30T19:53:00-05:00,2021-07-30T18:53:00,FM-15,0.0,0.0,0,,16.093,32.2,54.0,3.1
bergstrom,USW00013904,2021-07-31T01:53:00+00:00,2021-07-30T20:53:00-05:00,2021-07-30T19:53:00,FM-15,0.0,0.0,0,,16.093,30.6,61.0,3.6
bergstrom,USW00013904,2021-07-31T02:53:00+00:00,2021-07-30T21:53:00-05:00,2021-07-30T20:53:00,FM-15,0.0,0.0,0,,16.093,28.3,72.0,3.6
bergstrom,USW00013904,2021-07-31T03:53:00+00:00,2021-07-30T22:53:00-05:00,2021-07-30T21:53:00,FM-15,0.0,0.0,0,,16.093,26.7,82.0,3.6
bergstrom,USW00013904,2021-07-31T04:53:00+00:00,2021-07-30T23:53:00-05:00,2021-07-30T22:53:00,FM-15,0.0,0.0,0,,16.093,26.1,82.0,2.1
bergstrom,USW00013904,2021-07-31T05:53:00+00:00,2021-07-31T00:53:00-05:00,2021-07-30T23:53:00,FM-15,0.0,0.0,0,,16.093,25.0,88.0,2.1
bergstrom,USW00013904,2021-07-31T06:53:00+00:00,2021-07-31T01:53:00-05:00,2021-07-31T00:53:00,FM-15,0.0,0.0,0,,16.093,25.0,90.0,3.1
bergstrom,USW00013904,2021-07-31T07:48:00+00:00,2021-07-31T02:48:00-05:00,2021-07-31T01:48:00,FM-16,,,0,,16.093,25.0,89.0,0.0
bergstrom,USW00013904,2021-07-31T07:53:00+00:00,2021-07-31T02:53:00-05:00,2021-07-31T01:53:00,FM-15,0.0,0.0,0,,16.093,25.0,90.0,1.5
bergstrom,USW00013904,2021-07-31T08:19:00+00:00,2021-07-31T03:19:00-05:00,2021-07-31T02:19:00,FM-16,,,0,,16.093,25.0,90.0,2.1
bergstrom,USW00013904,2021-07-31T08:33:00+00:00,2021-07-31T03:33:00-05:00,2021-07-31T02:33:00,FM-16,,,0,,16.093,24.4,94.0,2.1
bergstrom,USW00013904,2021-07-31T08:53:00+00:00,2021-07-31T03:53:00-05:00,2021-07-31T02:53:00,FM-15,0.0,0.0,0,,16.093,24.4,94.0,2.1
bergstrom,USW00013904,2021-07-31T09:04:00+00:00,2021-07-31T04:04:00-05:00,2021-07-31T03:04:00,FM-16,,,0,,16.093,23.9,96.0,1.5
bergstrom,USW00013904,2021-07-31T09:53:00+00:00,2021-07-31T04:53:00-05:00,2021-07-31T03:53:00,FM-15,0.0,0.0,0,,16.093,23.9,96.0,0.0
bergstrom,USW00013904,2021-07-31T10:15:00+00:00,2021-07-31T05:15:00-05:00,2021-07-31T04:15:00,FM-16,,,0,,16.093,23.3,100.0,0.0
bergstrom,USW00013904,2021-07-31T10:51:00+00:00,2021-07-31T05:51:00-05:00,2021-07-31T04:51:00,FM-16,,,0,,16.093,24.0,94.0,2.1
bergstrom,USW00013904,2021-07-31T10:53:00+00:00,2021-07-31T05:53:00-05:00,2021-07-31T04:53:00,FM-15,0.0,0.0,0,,16.093,23.9,96.0,1.5
bergstrom,USW00013904,2021-07-31T11:37:00+00:00,2021-07-31T06:37:00-05:00,2021-07-31T05:37:00,FM-16,,,0,,16.093,22.8,100.0,0.0
bergstrom,USW00013904,2021-07-31T11:53:00+00:00,2021-07-31T06:53:00-05:00,2021-07-31T05:53:00,FM-15,0.0,0.0,0,,16.093,23.3,100.0,1.5
bergstrom,USW00013904,2021-07-31T12:53:00+00:00,2021-07-31T07:53:00-05:00,2021-07-31T06:53:00,FM-15,0.0,0.0,0,,16.093,24.4,97.0,1.5
bergstrom,USW00013904,2021-07-31T13:09:00+00:00,2021-07-31T08:09:00-05:00,2021-07-31T07:09:00,FM-16,,,0,,16.093,25.0,96.0,1.5
bergstrom,USW00013904,2021-07-31T13:25:00+00:00,2021-07-31T08:25:00-05:00,2021-07-31T07:25:00,FM-16,,,0,,16.093,25.6,93.0,2.1
bergstrom,USW00013904,2021-07-31T13:53:00+00:00,2021-07-31T08:53:00-05:00,2021-07-31T07:53:00,FM-15,0.0,0.0,0,,16.093,26.1,90.0,2.6
bergstrom,USW00013904,2021-07-31T14:18:00+00:00,2021-07-31T09:18:00-05:00,2021-07-31T08:18:00,FM-16,,,0,,16.093,26.7,87.0,2.6
bergstrom,USW00013904,2021-07-31T14:53:00+00:00,2021-07-31T09:53:00-05:00,2021-07-31T08:53:00,FM-15,0.0,0.0,0,,16.093,27.2,85.0,2.1
bergstrom,USW00013904,2021-07-31T15:10:00+00:00,2021-07-31T10:10:00-05:00,2021-07-31T09:10:00,FM-16,,,0,,16.093,28.9,77.0,2.1
bergstrom,USW00013904,2021-07-31T15:53:00+00:00,2021-07-31T10:53:00-05:00,2021-07-31T09:53:00,FM-15,0.0,0.0,0,,16.093,30.0,72.0,3.1
bergstrom,USW00013904,2021-07-31T16:53:00+00:00,2021-07-31T11:53:00-05:00,2021-07-31T10:53:00,FM-15,0.0,0.0,0,,16.093,31.1,66.0,2.6
bergstrom,USW00013904,2021-07-31T17:51:00+00:00,2021-07-31T12:51:00-05:00,2021-07-31T11:51:00,FM-16,,,1,VCTS ||,16.093,33.0,56.0,4.1
bergstrom,USW00013904,2021-07-31T17:53:00+00:00,2021-07-31T12:53:00-05:00,2021-07-31T11:53:00,FM-15,0.0,0.0,1,VCTS ||,16.093,33.3,56.0,5.1
bergstrom,USW00013904,2021-07-31T17:56:00+00:00,2021-07-31T12:56:00-05:00,2021-07-31T11:56:00,FM-16,,,1,TS |TS |,16.093,32.8,56.0,2.1
bergstrom,USW00013904,2021-07-31T18:43:00+00:00,2021-07-31T13:43:00-05:00,2021-07-31T12:43:00,FM-16,,,0,,16.093,33.3,51.0,2.1
bergstrom,USW00013904,2021-07-31T18:53:00+00:00,2021-07-31T13:53:00-05:00,2021-07-31T12:53:00,FM-15,0.0,0.0,0,,16.093,33.3,52.0,2.6
bergstrom,USW00013904,2021-07-31T19:04:00+00:00,2021-07-31T14:04:00-05:00,2021-07-31T13:04:00,FM-16,,,1,TS |TS |,16.093,33.3,52.0,1.5
bergstrom,USW00013904,2021-07-31T19:53:00+00:00,2021-07-31T14:53:00-05:00,2021-07-31T13:53:00,FM-15,0.0,0.0,1,TS |TS |,16.093,33.9,52.0,4.1
bergstrom,USW00013904,2021-07-31T20:11:00+00:00,2021-07-31T15:11:00-05:00,2021-07-31T14:11:00,FM-16,,,0,,16.093,33.9,50.0,3.6
bergstrom,USW00013904,2021-07-31T20:53:00+00:00,2021-07-31T15:53:00-05:00,2021-07-31T14:53:00,FM-15,0.0,0.0,0,,16.093,33.9,49.0,0.0
bergstrom,USW00013904,2021-07-31T21:53:00+00:00,2021-07-31T16:53:00-05:00,2021-07-31T15:53:00,FM-15,0.0,0.0,0,,16.093,34.4,49.0,2.6
bergstrom,USW00013904,2021-07-31T22:53:00+00:00,2021-07-31T17:53:00-05:00,2021-07-31T16:53:00,FM-15,0.0,0.0,0,,16.093,31.7,61.0,1.5
bergstrom,USW00013904,2021-07-31T23:53:00+00:00,2021-07-31T18:53:00-05:00,2021-07-31T17:53:00,FM-15,0.0,0.0,0,,16.093,33.9,50.0,2.6
bergstrom,USW00013904,2021-08-01T00:53:00+00:00,2021-07-31T19:53:00-05:00,2021-07-31T18:53:00,FM-15,0.0,0.0,0,,16.093,31.7,57.0,3.6
bergstrom,USW00013904,2021-08-01T01:53:00+00:00,2021-07-31T20:53:00-05:00,2021-07-31T19:53:00,FM-15,0.0,0.0,0,,16.093,29.4,68.0,3.1
bergstrom,USW00013904,2021-08-01T02:53:00+00:00,2021-07-31T21:53:00-05:00,2021-07-31T20:53:00,FM-15,0.0,0.0,0,,16.093,28.3,72.0,2.6
bergstrom,USW00013904,2021-08-01T03:53:00+00:00,2021-07-31T22:53:00-05:00,2021-07-31T21:53:00,FM-15,0.0,0.0,0,,16.093,27.8,74.0,4.1
bergstrom,USW00013904,2021-08-01T04:53:00+00:00,2021-07-31T23:53:00-05:00,2021-07-31T22:53:00,FM-15,0.0,0.0,0,,16.093,27.2,79.0,5.1
bergstrom,USW00013904,2021-08-01T05:53:00+00:00,2021-08-01T00:53:00-05:00,2021-07-31T23:53:00,FM-15,0.0,0.0,0,,16.093,26.7,82.0,4.1
bergstrom,USW00013904,2021-08-01T06:53:00+00:00,2021-08-01T01:53:00-05:00,2021-08-01T00:53:00,FM-15,0.0,0.0,0,,16.093,25.6,87.0,2.1
bergstrom,USW00013904,2021-08-01T07:53:00+00:00,2021-08-01T02:53:00-05:00,2021-08-01T01:53:00,FM-15,0.0,0.0,0,,16.093,25.0,90.0,2.6
bergstrom,USW00013904,2021-08-01T08:53:00+00:00,2021-08-01T03:53:00-05:00,2021-08-01T02:53:00,FM-15,0.0,0.0,0,,16.093,23.9,94.0,1.5
bergstrom,USW00013904,2021-08-01T09:53:00+00:00,2021-08-01T04:53:00-05:00,2021-08-01T03:53:00,FM-15,0.0,0.0,0,,16.093,23.3,100.0,1.5
bergstrom,USW00013904,2021-08-01T10:00:00+00:00,2021-08-01T05:00:00-05:00,2021-08-01T04:00:00,FM-16,,,0,,16.093,23.3,97.0,1.5
bergstrom,USW00013904,2021-08-01T10:16:00+00:00,2021-08-01T05:16:00-05:00,2021-08-01T04:16:00,FM-16,,,0,,16.093,23.3,97.0,1.5
bergstrom,USW00013904,2021-08-01T10:40:00+00:00,2021-08-01T05:40:00-05:00,2021-08-01T04:40:00,FM-16,,,0,,16.093,22.8,100.0,0.0
bergstrom,USW00013904,2021-08-01T10:53:00+00:00,2021-08-01T05:53:00-05:00,2021-08-01T04:53:00,FM-15,0.0,0.0,0,,16.093,23.9,96.0,0.0
bergstrom,USW00013904,2021-08-01T11:53:00+00:00,2021-08-01T06:53:00-05:00,2021-08-01T05:53:00,FM-15,0.0,0.0,0,,14.484,22.8,100.0,1.5
bergstrom,USW00013904,2021-08-01T12:53:00+00:00,2021-08-01T07:53:00-05:00,2021-08-01T06:53:00,FM-15,0.0,0.0,0,,16.093,23.9,100.0,2.1
bergstrom,USW00013904,2021-08-01T13:12:00+00:00,2021-08-01T08:12:00-05:00,2021-08-01T07:12:00,FM-16,,,0,,16.093,25.0,94.0,2.6
bergstrom,USW00013904,2021-08-01T13:53:00+00:00,2021-08-01T08:53:00-05:00,2021-08-01T07:53:00,FM-15,0.0,0.0,0,,16.093,26.7,87.0,5.1
bergstrom,USW00013904,2021-08-01T14:53:00+00:00,2021-08-01T09:53:00-05:00,2021-08-01T08:53:00,FM-15,0.0,0.0,0,,16.093,28.9,72.0,5.1
bergstrom,USW00013904,2021-08-01T15:53:00+00:00,2021-08-01T10:53:00-05:00,2021-08-01T09:53:00,FM-15,0.0,0.0,0,,16.093,30.6,61.0,4.6
bergstrom,USW00013904,2021-08-01T16:53:00+00:00,2021-08-01T11:53:00-05:00,2021-08-01T10:53:00,FM-15,0.0,0.0,0,,16.093,31.7,55.0,3.1
bergstrom,USW00013904,2021-08-01T17:53:00+00:00,2021-08-01T12:53:00-05:00,2021-08-01T11:53:00,FM-15,0.0,0.0,0,,16.093,33.3,51.0,3.6
bergstrom,USW00013904,2021-08-01T18:53:00+00:00,2021-08-01T13:53:00-05:00,2021-08-01T12:53:00,FM-15,0.0,0.0,0,,16.093,33.3,49.0,1.5
bergstrom,USW00013904,2021-08-01T19:53:00+00:00,2021-08-01T14:53:00-05:00,2021-08-01T13:53:00,FM-15,0.0,0.0,0,,16.093,35.0,46.0,2.6
bergstrom,USW00013904,2021-08-01T20:53:00+00:00,2021-08-01T15:53:00-05:00,2021-08-01T14:53:00,FM-15,0.0,0.0,0,,16.093,35.6,43.0,4.1
bergstrom,USW00013904,2021-08-01T21:53:00+00:00,2021-08-01T16:53:00-05:00,2021-08-01T15:53:00,FM-15,0.0,0.0,0,,16.093,33.9,47.0,1.5
bergstrom,USW00013904,2021-08-01T22:03:00+00:00,2021-08-01T17:03:00-05:00,2021-08-01T16:03:00,FM-16,,,1,||RA,16.093,33.3,49.0,2.1
bergstrom,USW00013904,2021-08-01T22:21:00+00:00,2021-08-01T17:21:00-05:00,2021-08-01T16:21:00,FM-16,,,1,TS +RA:02 BR:1 |TS RA BR |RA,1.207,33.3,51.0,0.0
bergstrom,USW00013904,2021-08-01T22:32:00+00:00,2021-08-01T17:32:00-05:00,2021-08-01T16:32:00,FM-16,,,1,TS RA:02 BR:1 |TS RA BR |RA,8.047,29.4,63.0,1.5
bergstrom,USW00013904,2021-08-01T22:53:00+00:00,2021-08-01T17:53:00-05:00,2021-08-01T16:53:00,FM-15,2.8,2.8,1,TS -RA:02 BR:1 |TS RA BR |RA,9.656,28.0,74.0,5.7
bergstrom,USW00013904,2021-08-01T23:24:00+00:00,2021-08-01T18:24:00-05:00,2021-08-01T17:24:00,FM-16,,,0,,16.093,27.2,85.0,1.5
bergstrom,USW00013904,2021-08-01T23:53:00+00:00,2021-08-01T18:53:00-05:00,2021-08-01T17:53:00,FM-15,,T,1,,16.093,26.7,94.0,0.0
bergstrom,USW00013904,2021-08-02T00:53:00+00:00,2021-08-01T19:53:00-05:00,2021-08-01T18:53:00,FM-15,0.0,0.0,0,,16.093,28.3,74.0,2.1
bergstrom,USW00013904,2021-08-02T01:53:00+00:00,2021-08-01T20:53:00-05:00,2021-08-01T19:53:00,FM-15,0.0,0.0,0,,16.093,25.6,90.0,0.0
bergstrom,USW00013904,2021-08-02T02:53:00+00:00,2021-08-01T21:53:00-05:00,2021-08-01T20:53:00,FM-15,0.0,0.0,0,,16.093,25.0,94.0,0.0
bergstrom,USW00013904,2021-08-02T03:53:00+00:00,2021-08-01T22:53:00-05:00,2021-08-01T21:53:00,FM-15,0.0,0.0,0,,16.093,25.0,96.0,0.0
bergstrom,USW00013904,2021-08-02T04:29:00+00:00,2021-08-01T23:29:00-05:00,2021-08-01T22:29:00,FM-16,,,1,TS |TS |,16.093,25.6,93.0,2.1
bergstrom,USW00013904,2021-08-02T04:51:00+00:00,2021-08-01T23:51:00-05:00,2021-08-01T22:51:00,FM-16,,,1,TS -RA:02 BR:1 |TS RA BR |RA,3.219,26.0,89.0,4.6
bergstrom,USW00013904,2021-08-02T04:53:00+00:00,2021-08-01T23:53:00-05:00,2021-08-01T22:53:00,FM-15,4.1,4.1,1,TS -RA:02 BR:1 |TS RA BR |RA,3.219,25.6,90.0,3.6
bergstrom,USW00013904,2021-08-02T05:19:00+00:00,2021-08-02T00:19:00-05:00,2021-08-01T23:19:00,FM-16,,,1,TS -RA:02 |TS RA |RA,12.875,25.6,90.0,1.5
bergstrom,USW00013904,2021-08-02T05:51:00+00:00,2021-08-02T00:51:00-05:00,2021-08-01T23:51:00,FM-16,,,1,TS +RA:02 |TS RA |RA,3.219,23.0,100.0,1.5
bergstrom,USW00013904,2021-08-02T05:53:00+00:00,2021-08-02T00:53:00-05:00,2021-08-01T23:53:00,FM-15,29.0,29.0,1,TS +RA:02 |TS RA |RA,3.219,22.8,100.0,2.6
bergstrom,USW00013904,2021-08-02T05:55:00+00:00,2021-08-02T00:55:00-05:00,2021-08-01T23:55:00,FM-16,,,1,TS +RA:02 BR:1 |TS RA BR |RA,4.828,22.8,100.0,3.6
bergstrom,USW00013904,2021-08-02T06:17:00+00:00,2021-08-02T01:17:00-05:00,2021-08-02T00:17:00,FM-16,,,1,TS RA:02 BR:1 |TS RA BR |RA,6.437,23.3,100.0,3.1
bergstrom,USW00013904,2021-08-02T06:53:00+00:00,2021-08-02T01:53:00-05:00,2021-08-02T00:53:00,FM-15,3.3,3.3,1,TS -RA:02 |TS RA |RA,16.093,23.3,100.0,3.1
bergstrom,USW00013904,2021-08-02T07:11:00+00:00,2021-08-02T02:11:00-05:00,2021-08-02T01:11:00,FM-16,,,1,-RA:02 |RA |RA,12.875,22.8,100.0,0.0
bergstrom,USW00013904,2021-08-02T07:51:00+00:00,2021-08-02T02:51:00-05:00,2021-08-02T01:51:00,FM-16,,,1,TS -RA:02 |TS RA |RA,16.093,23.0,100.0,1.5
bergstrom,USW00013904,2021-08-02T07:53:00+00:00,2021-08-02T02:53:00-05:00,2021-08-02T01:53:00,FM-15,1.3,1.3,1,-RA:02 |RA |RA,16.093,22.8,100.0,1.5
bergstrom,USW00013904,2021-08-02T08:53:00+00:00,2021-08-02T03:53:00-05:00,2021-08-02T02:53:00,FM-15,0.8,0.8,1,-RA:02 |RA |RA,16.093,22.8,100.0,1.5
bergstrom,USW00013904,2021-08-02T09:53:00+00:00,2021-08-02T04:53:00-05:00,2021-08-02T03:53:00,FM-15,,T,1,,16.093,22.8,100.0,2.6
bergstrom,USW00013904,2021-08-02T10:53:00+00:00,2021-08-02T05:53:00-05:00,2021-08-02T04:53:00,FM-15,,T,1,,16.093,23.3,100.0,1.5
bergstrom,USW00013904,2021-08-02T11:53:00+00:00,2021-08-02T06:53:00-05:00,2021-08-02T05:53:00,FM-15,,T,1,,16.093,23.3,100.0,1.5
bergstrom,USW00013904,2021-08-02T12:53:00+00:00,2021-08-02T07:53:00-05:00,2021-08-02T06:53:00,FM-15,,T,1,||RA,16.093,23.9,96.0,1.5
bergstrom,USW00013904,2021-08-02T13:40:00+00:00,2021-08-02T08:40:00-05:00,2021-08-02T07:40:00,FM-16,,,1,TS RA:02 BR:1 |TS RA BR |RA,4.828,22.2,100.0,2.6
bergstrom,USW00013904,2021-08-02T13:51:00+00:00,2021-08-02T08:51:00-05:00,2021-08-02T07:51:00,FM-16,,,1,TS RA:02 BR:1 |TS RA BR |RA,4.023,22.0,100.0,2.1
bergstrom,USW00013904,2021-08-02T13:53:00+00:00,2021-08-02T08:53:00-05:00,2021-08-02T07:53:00,FM-15,12.7,12.7,1,TS RA:02 BR:1 |TS RA BR |RA,4.023,22.2,100.0,2.1
bergstrom,USW00013904,2021-08-02T14:11:00+00:00,2021-08-02T09:11:00-05:00,2021-08-02T08:11:00,FM-16,,,1,-RA:02 BR:1 |RA BR |RA,4.828,21.7,100.0,2.1
bergstrom,USW00013904,2021-08-02T14:53:00+00:00,2021-08-02T09:53:00-05:00,2021-08-02T08:53:00,FM-15,2.0,2.0,1,,12.875,22.8,96.0,1.5
bergstrom,USW00013904,2021-08-02T15:53:00+00:00,2021-08-02T10:53:00-05:00,2021-08-02T09:53:00,FM-15,0.0,0.0,0,,16.093,23.9,94.0,2.1
bergstrom,USW00013904,2021-08-02T16:53:00+00:00,2021-08-02T11:53:00-05:00,2021-08-02T10:53:00,FM-15,0.3,0.3,1,||RA,16.093,23.9,94.0,4.6
bergstrom,USW00013904,2021-08-02T17:53:00+00:00,2021-08-02T12:53:00-05:00,2021-08-02T11:53:00,FM-15,1.0,1.0,1,,16.093,23.3,97.0,1.5
bergstrom,USW00013904,2021-08-02T18:53:00+00:00,2021-08-02T13:53:00-05:00,2021-08-02T12:53:00,FM-15,0.0,0.0,0,,16.093,24.4,94.0,2.6
bergstrom,USW00013904,2021-08-02T19:53:00+00:00,2021-08-02T14:53:00-05:00,2021-08-02T13:53:00,FM-15,0.0,0.0,0,,16.093,26.1,88.0,1.5
bergstrom,USW00013904,2021-08-02T20:53:00+00:00,2021-08-02T15:53:00-05:00,2021-08-02T14:53:00,FM-15,0.0,0.0,0,,16.093,27.2,77.0,2.6
bergstrom,USW00013904,2021-08-02T21:53:00+00:00,2021-08-02T16:53:00-05:00,2021-08-02T15:53:00,FM-15,0.0,0.0,0,,16.093,27.8,72.0,1.5
bergstrom,USW00013904,2021-08-02T22:00:00+00:00,2021-08-02T17:00:00-05:00,2021-08-02T16:00:00,FM-16,,,1,TS |TS |,16.093,27.8,74.0,1.5
bergstrom,USW00013904,2021-08-02T22:53:00+00:00,2021-08-02T17:53:00-05:00,2021-08-02T16:53:00,FM-15,0.0,0.0,1,TS |TS |,16.093,26.1,88.0,3.1
bergstrom,USW00013904,2021-08-02T23:53:00+00:00,2021-08-02T18:53:00-05:00,2021-08-02T17:53:00,FM-15,,T,1,TS -RA:02 |TS RA |RA,16.093,23.3,94.0,2.1
bergstrom,USW00013904,2021-08-03T00:40:00+00:00,2021-08-02T19:40:00-05:00,2021-08-02T18:40:00,FM-16,,,1,-RA:02 |RA |RA,16.093,22.8,100.0,1.5
bergstrom,USW00013904,2021-08-03T00:53:00+00:00,2021-08-02T19:53:00-05:00,2021-08-02T18:53:00,FM-15,1.0,1.0,1,-RA:02 |RA |RA,16.093,22.8,96.0,2.1
bergstrom,USW00013904,2021-08-03T01:53:00+00:00,2021-08-02T20:53:00-05:00,2021-08-02T19:53:00,FM-15,,T,1,,16.093,22.8,100.0,0.0
bergstrom,USW00013904,2021-08-03T02:53:00+00:00,2021-08-02T21:53:00-05:00,2021-08-02T20:53:00,FM-15,0.0,0.0,0,,16.093,23.3,97.0,0.0
bergstrom,USW00013904,2021-08-03T03:53:00+00:00,2021-08-02T22:53:00-05:00,2021-08-02T21:53:00,FM-15,0.0,0.0,0,,16.093,23.3,100.0,1.5
bergstrom,USW00013904,2021-08-03T04:53:00+00:00,2021-08-02T23:53:00-05:00,2021-08-02T22:53:00,FM-15,0.0,0.0,0,,16.093,23.3,97.0,0.0
bergstrom,USW00013904,2021-08-03T05:53:00+00:00,2021-08-03T00:53:00-05:00,2021-08-02T23:53:00,FM-15,0.0,0.0,0,,16.093,22.8,100.0,0.0
bergstrom,USW00013904,2021-08-03T06:53:00+00:00,2021-08-03T01:53:00-05:00,2021-08-03T00:53:00,FM-15,0.0,0.0,0,,16.093,22.8,100.0,0.0
bergstrom,USW00013904,2021-08-03T07:53:00+00:00,2021-08-03T02:53:00-05:00,2021-08-03T01:53:00,FM-15,0.0,0.0,0,,16.093,23.3,97.0,0.0
bergstrom,USW00013904,2021-08-03T08:53:00+00:00,2021-08-03T03:53:00-05:00,2021-08-03T02:53:00,FM-15,0.0,0.0,0,,16.093,23.3,100.0,0.0
bergstrom,USW00013904,2021-08-03T09:53:00+00:00,2021-08-03T04:53:00-05:00,2021-08-03T03:53:00,FM-15,0.0,0.0,0,,16.093,23.3,100.0,0.0
bergstrom,USW00013904,2021-08-03T10:53:00+00:00,2021-08-03T05:53:00-05:00,2021-08-03T04:53:00,FM-15,0.0,0.0,0,,16.093,23.3,100.0,0.0
bergstrom,USW00013904,2021-08-03T11:53:00+00:00,2021-08-03T06:53:00-05:00,2021-08-03T05:53:00,FM-15,0.0,0.0,0,,16.093,23.3,100.0,1.5
bergstrom,USW00013904,2021-08-03T12:28:00+00:00,2021-08-03T07:28:00-05:00,2021-08-03T06:28:00,FM-16,,,0,,16.093,23.9,94.0,2.1
bergstrom,USW00013904,2021-08-03T12:51:00+00:00,2021-08-03T07:51:00-05:00,2021-08-03T06:51:00,FM-16,,,0,,16.093,24.0,94.0,3.1
bergstrom,USW00013904,2021-08-03T12:53:00+00:00,2021-08-03T07:53:00-05:00,2021-08-03T06:53:00,FM-15,0.0,0.0,0,,16.093,23.9,96.0,3.1
bergstrom,USW00013904,2021-08-03T13:53:00+00:00,2021-08-03T08:53:00-05:00,2021-08-03T07:53:00,FM-15,0.0,0.0,0,,16.093,25.0,90.0,4.1
bergstrom,USW00013904,2021-08-03T14:22:00+00:00,2021-08-03T09:22:00-05:00,2021-08-03T08:22:00,FM-16,,,0,,16.093,25.6,87.0,3.6
bergstrom,USW00013904,2021-08-03T14:53:00+00:00,2021-08-03T09:53:00-05:00,2021-08-03T08:53:00,FM-15,0.0,0.0,0,,16.093,26.1,85.0,5.1
bergstrom,USW00013904,2021-08-03T15:03:00+00:00,2021-08-03T10:03:00-05:00,2021-08-03T09:03:00,FM-16,,,0,,16.093,26.1,85.0,3.6
bergstrom,USW00013904,2021-08-03T15:38:00+00:00,2021-08-03T10:38:00-05:00,2021-08-03T09:38:00,FM-16,,,0,,16.093,27.2,79.0,3.6
bergstrom,USW00013904,2021-08-03T15:53:00+00:00,2021-08-03T10:53:00-05:00,2021-08-03T09:53:00,FM-15,0.0,0.0,0,,16.093,26.7,79.0,3.6
bergstrom,USW00013904,2021-08-03T16:53:00+00:00,2021-08-03T11:53:00-05:00,2021-08-03T10:53:00,FM-15,0.0,0.0,0,,16.093,29.4,70.0,4.6
bergstrom,USW00013904,2021-08-03T17:53:00+00:00,2021-08-03T12:53:00-05:00,2021-08-03T11:53:00,FM-15,0.0,0.0,0,,16.093,28.9,67.0,3.6
bergstrom,USW00013904,2021-08-03T18:53:00+00:00,2021-08-03T13:53:00-05:00,2021-08-03T12:53:00,FM-15,0.0,0.0,0,,16.093,30.6,61.0,2.6
bergstrom,USW00013904,2021-08-03T19:53:00+00:00,2021-08-03T14:53:00-05:00,2021-08-03T13:53:00,FM-15,0.0,0.0,0,,16.093,30.0,63.0,4.1
bergstrom,USW00013904,2021-08-03T20:53:00+00:00,2021-08-03T15:53:00-05:00,2021-08-03T14:53:00,FM-15,0.0,0.0,0,,16.093,31.1,57.0,5.1
bergstrom,USW00013904,2021-08-03T21:53:00+00:00,2021-08-03T16:53:00-05:00,2021-08-03T15:53:00,FM-15,0.0,0.0,0,,16.093,31.7,55.0,5.7
bergstrom,USW00013904,2021-08-03T22:53:00+00:00,2021-08-03T17:53:00-05:00,2021-08-03T16:53:00,FM-15,0.0,0.0,0,,16.093,31.7,53.0,5.1
bergstrom,USW00013904,2021-08-03T23:53:00+00:00,2021-08-03T18:53:00-05:00,2021-08-03T17:53:00,FM-15,0.0,0.0,0,,16.093,30.6,55.0,4.1
bergstrom,USW00013904,2021-08-04T00:53:00+00:00,2021-08-03T19:53:00-05:00,2021-08-03T18:53:00,FM-15,0.0,0.0,0,,16.093,30.0,55.0,2.6
bergstrom,USW00013904,2021-08-04T01:53:00+00:00,2021-08-03T20:53:00-05:00,2021-08-03T19:53:00,FM-15,0.0,0.0,0,,16.093,28.3,67.0,2.6
bergstrom,USW00013904,2021-08-04T02:53:00+00:00,2021-08-03T21:53:00-05:00,2021-08-03T20:53:00,FM-15,0.0,0.0,0,,16.093,26.7,74.0,1.5
bergstrom,USW00013904,2021-08-04T03:53:00+00:00,2021-08-03T22:53:00-05:00,2021-08-03T21:53:00,FM-15,0.0,0.0,0,,16.093,25.0,88.0,0.0
bergstrom,USW00013904,2021-08-04T04:53:00+00:00,2021-08-03T23:53:00-05:00,2021-08-03T22:53:00,FM-15,0.0,0.0,0,,16.093,24.4,94.0,0.0
bergstrom,USW00013904,2021-08-04T05:53:00+00:00,2021-08-04T00:53:00-05:00,2021-08-03T23:53:00,FM-15,0.0,0.0,0,,16.093,25.0,90.0,0.0
bergstrom,USW00013904,2021-08-04T06:53:00+00:00,2021-08-04T01:53:00-05:00,2021-08-04T00:53:00,FM-15,0.0,0.0,0,,16.093,25.6,82.0,2.6
bergstrom,USW00013904,2021-08-04T07:53:00+00:00,2021-08-04T02:53:00-05:00,2021-08-04T01:53:00,FM-15,0.0,0.0,0,,16.093,23.3,91.0,2.1
bergstrom,USW00013904,2021-08-04T08:53:00+00:00,2021-08-04T03:53:00-05:00,2021-08-04T02:53:00,FM-15,0.0,0.0,0,,16.093,23.9,88.0,2.1
bergstrom,USW00013904,2021-08-04T09:53:00+00:00,2021-08-04T04:53:00-05:00,2021-08-04T03:53:00,FM-15,0.0,0.0,0,,16.093,22.2,94.0,2.1
bergstrom,USW00013904,2021-08-04T10:53:00+00:00,2021-08-04T05:53:00-05:00,2021-08-04T04:53:00,FM-15,0.0,0.0,0,,16.093,22.2,94.0,2.6
bergstrom,USW00013904,2021-08-04T11:53:00+00:00,2021-08-04T06:53:00-05:00,2021-08-04T05:53:00,FM-15,0.0,0.0,0,,16.093,22.2,94.0,2.6
bergstrom,USW00013904,2021-08-04T12:53:00+00:00,2021-08-04T07:53:00-05:00,2021-08-04T06:53:00,FM-15,0.0,0.0,0,,16.093,23.3,94.0,3.1
bergstrom,USW00013904,2021-08-04T13:53:00+00:00,2021-08-04T08:53:00-05:00,2021-08-04T07:53:00,FM-15,0.0,0.0,0,,16.093,25.6,82.0,2.6
bergstrom,USW00013904,2021-08-04T14:53:00+00:00,2021-08-04T09:53:00-05:00,2021-08-04T08:53:00,FM-15,0.0,0.0,0,,16.093,27.2,79.0,2.6
bergstrom,USW00013904,2021-08-04T15:53:00+00:00,2021-08-04T10:53:00-05:00,2021-08-04T09:53:00,FM-15,0.0,0.0,0,,16.093,29.4,70.0,3.1
bergstrom,USW00013904,2021-08-04T16:53:00+00:00,2021-08-04T11:53:00-05:00,2021-08-04T10:53:00,FM-15,0.0,0.0,0,,16.093,29.4,63.0,4.6
bergstrom,USW00013904,2021-08-04T17:53:00+00:00,2021-08-04T12:53:00-05:00,2021-08-04T11:53:00,FM-15,0.0,0.0,0,,16.093,30.0,61.0,3.6
bergstrom,USW00013904,2021-08-04T18:53:00+00:00,2021-08-04T13:53:00-05:00,2021-08-04T12:53:00,FM-15,0.0,0.0,0,,16.093,30.6,59.0,4.6
bergstrom,USW00013904,2021-08-04T19:53:00+00:00,2021-08-04T14:53:00-05:00,2021-08-04T13:53:00,FM-15,0.0,0.0,0,,16.093,31.1,57.0,5.1
bergstrom,USW00013904,2021-08-04T20:53:00+00:00,2021-08-04T15:53:00-05:00,2021-08-04T14:53:00,FM-15,0.0,0.0,0,,16.093,30.6,63.0,4.6
bergstrom,USW00013904,2021-08-04T21:53:00+00:00,2021-08-04T16:53:00-05:00,2021-08-04T15:53:00,FM-15,0.0,0.0,0,,16.093,30.6,57.0,4.1
bergstrom,USW00013904,2021-08-04T22:53:00+00:00,2021-08-04T17:53:00-05:00,2021-08-04T16:53:00,FM-15,0.0,0.0,0,,16.093,30.6,57.0,5.1
bergstrom,USW00013904,2021-08-04T23:53:00+00:00,2021-08-04T18:53:00-05:00,2021-08-04T17:53:00,FM-15,0.0,0.0,0,,16.093,30.0,63.0,4.1
bergstrom,USW00013904,2021-08-05T00:53:00+00:00,2021-08-04T19:53:00-05:00,2021-08-04T18:53:00,FM-15,0.0,0.0,0,,16.093,28.3,67.0,2.1
bergstrom,USW00013904,2021-08-05T01:53:00+00:00,2021-08-04T20:53:00-05:00,2021-08-04T19:53:00,FM-15,0.0,0.0,0,,16.093,27.2,77.0,0.0
bergstrom,USW00013904,2021-08-05T02:53:00+00:00,2021-08-04T21:53:00-05:00,2021-08-04T20:53:00,FM-15,0.0,0.0,0,,16.093,25.0,90.0,1.5
bergstrom,USW00013904,2021-08-05T03:53:00+00:00,2021-08-04T22:53:00-05:00,2021-08-04T21:53:00,FM-15,0.0,0.0,0,,16.093,24.4,94.0,0.0
bergstrom,USW00013904,2021-08-05T04:53:00+00:00,2021-08-04T23:53:00-05:00,2021-08-04T22:53:00,FM-15,0.0,0.0,0,,16.093,23.9,96.0,0.0
bergstrom,USW00013904,2021-08-05T05:53:00+00:00,2021-08-05T00:53:00-05:00,2021-08-04T23:53:00,FM-15,0.0,0.0,0,,16.093,23.9,96.0,0.0
bergstrom,USW00013904,2021-08-05T06:53:00+00:00,2021-08-05T01:53:00-05:00,2021-08-05T00:53:00,FM-15,0.0,0.0,0,,16.093,25.0,90.0,0.0
bergstrom,USW00013904,2021-08-05T07:53:00+00:00,2021-08-05T02:53:00-05:00,2021-08-05T01:53:00,FM-15,0.0,0.0,0,,14.484,22.8,100.0,0.0
bergstrom,USW00013904,2021-08-05T08:53:00+00:00,2021-08-05T03:53:00-05:00,2021-08-05T02:53:00,FM-15,0.0,0.0,0,,14.484,22.8,100.0,0.0
bergstrom,USW00013904,2021-08-05T09:53:00+00:00,2021-08-05T04:53:00-05:00,2021-08-05T03:53:00,FM-15,0.0,0.0,0,,16.093,23.9,96.0,1.5
bergstrom,USW00013904,2021-08-05T10:53:00+00:00,2021-08-05T05:53:00-05:00,2021-08-05T04:53:00,FM-15,0.0,0.0,0,,14.484,23.3,100.0,0.0
bergstrom,USW00013904,2021-08-05T11:53:00+00:00,2021-08-05T06:53:00-05:00,2021-08-05T05:53:00,FM-15,0.0,0.0,0,,16.093,23.3,97.0,0.0
bergstrom,USW00013904,2021-08-05T12:53:00+00:00,2021-08-05T07:53:00-05:00,2021-08-05T06:53:00,FM-15,0.0,0.0,0,,16.093,24.4,94.0,1.5
bergstrom,USW00013904,2021-08-05T13:53:00+00:00,2021-08-05T08:53:00-05:00,2021-08-05T07:53:00,FM-15,0.0,0.0,0,,16.093,25.0,90.0,3.1
bergstrom,USW00013904,2021-08-05T14:53:00+00:00,2021-08-05T09:53:00-05:00,2021-08-05T08:53:00,FM-15,0.0,0.0,0,,16.093,26.1,85.0,2.6
bergstrom,USW00013904,2021-08-05T15:25:00+00:00,2021-08-05T10:25:00-05:00,2021-08-05T09:25:00,FM-16,,,0,,16.093,26.1,85.0,2.6
bergstrom,USW00013904,2021-08-05T15:53:00+00:00,2021-08-05T10:53:00-05:00,2021-08-05T09:53:00,FM-15,0.0,0.0,0,,16.093,26.1,85.0,2.1
bergstrom,USW00013904,2021-08-05T16:05:00+00:00,2021-08-05T11:05:00-05:00,2021-08-05T10:05:00,FM-16,,,0,,16.093,26.1,85.0,2.1
bergstrom,USW00013904,2021-08-05T16:51:00+00:00,2021-08-05T11:51:00-05:00,2021-08-05T10:51:00,FM-16,,,1,VCTS -RA:02 |RA |RA,16.093,26.0,89.0,0.0
bergstrom,USW00013904,2021-08-05T16:53:00+00:00,2021-08-05T11:53:00-05:00,2021-08-05T10:53:00,FM-15,,T,1,-RA:02 |RA |RA,16.093,25.6,90.0,0.0
bergstrom,USW00013904,2021-08-05T17:32:00+00:00,2021-08-05T12:32:00-05:00,2021-08-05T11:32:00,FM-16,,,1,-RA:02 |RA |RA,11.265,25.6,93.0,2.6
bergstrom,USW00013904,2021-08-05T17:53:00+00:00,2021-08-05T12:53:00-05:00,2021-08-05T11:53:00,FM-15,1.3,1.3,1,-RA:02 |RA |RA,12.875,25.0,96.0,3.6
bergstrom,USW00013904,2021-08-05T18:53:00+00:00,2021-08-05T13:53:00-05:00,2021-08-05T12:53:00,FM-15,,T,1,,16.093,23.3,94.0,3.1
bergstrom,USW00013904,2021-08-05T19:51:00+00:00,2021-08-05T14:51:00-05:00,2021-08-05T13:51:00,FM-16,,,0,,16.093,25.0,83.0,1.5
bergstrom,USW00013904,2021-08-05T19:53:00+00:00,2021-08-05T14:53:00-05:00,2021-08-05T13:53:00,FM-15,0.0,0.0,0,,16.093,25.6,79.0,1.5
bergstrom,USW00013904,2021-08-05T20:53:00+00:00,2021-08-05T15:53:00-05:00,2021-08-05T14:53:00,FM-15,0.0,0.0,0,,16.093,26.1,77.0,2.6
bergstrom,USW00013904,2021-08-05T21:53:00+00:00,2021-08-05T16:53:00-05:00,2021-08-05T15:53:00,FM-15,0.0,0.0,0,,16.093,26.7,74.0,1.5
bergstrom,USW00013904,2021-08-05T22:53:00+00:00,2021-08-05T17:53:00-05:00,2021-08-05T16:53:00,FM-15,0.0,0.0,0,,16.093,27.2,74.0,2.1
bergstrom,USW00013904,2021-08-05T23:53:00+00:00,2021-08-05T18:53:00-05:00,2021-08-05T17:53:00,FM-15,0.0,0.0,0,,16.093,27.2,72.0,2.1
bergstrom,USW00013904,2021-08-06T00:53:00+00:00,2021-08-05T19:53:00-05:00,2021-08-05T18:53:00,FM-15,0.0,0.0,0,,16.093,26.1,79.0,2.1
bergstrom,USW00013904,2021-08-06T01:53:00+00:00,2021-08-05T20:53:00-05:00,2021-08-05T19:53:00,FM-15,0.0,0.0,0,,16.093,25.6,85.0,0.0
bergstrom,USW00013904,2021-08-06T02:53:00+00:00,2021-08-05T21:53:00-05:00,2021-08-05T20:53:00,FM-15,0.0,0.0,0,,16.093,25.0,90.0,1.5
bergstrom,USW00013904,2021-08-06T03:53:00+00:00,2021-08-05T22:53:00-05:00,2021-08-05T21:53:00,FM-15,0.0,0.0,0,,16.093,25.0,90.0,1.5
bergstrom,USW00013904,2021-08-06T04:53:00+00:00,2021-08-05T23:53:00-05:00,2021-08-05T22:53:00,FM-15,0.0,0.0,0,,16.093,24.4,94.0,2.6
bergstrom,USW00013904,2021-08-06T05:53:00+00:00,2021-08-06T00:53:00-05:00,2021-08-05T23:53:00,FM-15,0.0,0.0,0,,16.093,23.9,96.0,0.0
bergstrom,USW00013904,2021-08-06T06:53:00+00:00,2021-08-06T01:53:00-05:00,2021-08-06T00:53:00,FM-15,0.0,0.0,0,,16.093,23.9,96.0,0.0
bergstrom,USW00013904,2021-08-06T07:53:00+00:00,2021-08-06T02:53:00-05:00,2021-08-06T01:53:00,FM-15,0.0,0.0,0,,14.484,23.3,100.0,0.0
bergstrom,USW00013904,2021-08-06T08:53:00+00:00,2021-08-06T03:53:00-05:00,2021-08-06T02:53:00,FM-15,0.0,0.0,0,,16.093,23.9,96.0,1.5
bergstrom,USW00013904,2021-08-06T09:53:00+00:00,2021-08-06T04:53:00-05:00,2021-08-06T03:53:00,FM-15,0.0,0.0,0,,14.484,23.3,100.0,0.0
bergstrom,USW00013904,2021-08-06T10:34:00+00:00,2021-08-06T05:34:00-05:00,2021-08-06T04:34:00,FM-16,,,0,,14.484,23.9,96.0,2.1
bergstrom,USW00013904,2021-08-06T10:53:00+00:00,2021-08-06T05:53:00-05:00,2021-08-06T04:53:00,FM-15,0.0,0.0,0,,14.484,23.9,96.0,1.5
bergstrom,USW00013904,2021-08-06T11:53:00+00:00,2021-08-06T06:53:00-05:00,2021-08-06T05:53:00,FM-15,0.0,0.0,0,,16.093,23.9,96.0,1.5
bergstrom,USW00013904,2021-08-06T12:53:00+00:00,2021-08-06T07:53:00-05:00,2021-08-06T06:53:00,FM-15,0.0,0.0,0,,16.093,23.9,96.0,0.0
bergstrom,USW00013904,2021-08-06T13:44:00+00:00,2021-08-06T08:44:00-05:00,2021-08-06T07:44:00,FM-16,,,0,,14.484,24.4,97.0,1.5
bergstrom,USW00013904,2021-08-06T13:53:00+00:00,2021-08-06T08:53:00-05:00,2021-08-06T07:53:00,FM-15,0.0,0.0,0,,14.484,24.4,97.0,2.1
bergstrom,USW00013904,2021-08-06T14:00:00+00:00,2021-08-06T09:00:00-05:00,2021-08-06T08:00:00,FM-16,,,0,,16.093,25.0,94.0,1.5
bergstrom,USW00013904,2021-08-06T14:43:00+00:00,2021-08-06T09:43:00-05:00,2021-08-06T08:43:00,FM-16,,,0,,16.093,26.7,87.0,0.0
bergstrom,USW00013904,2021-08-06T14:53:00+00:00,2021-08-06T09:53:00-05:00,2021-08-06T08:53:00,FM-15,0.0,0.0,0,,16.093,27.2,82.0,0.0
bergstrom,USW00013904,2021-08-06T15:53:00+00:00,2021-08-06T10:53:00-05:00,2021-08-06T09:53:00,FM-15,0.0,0.0,0,,16.093,28.3,77.0,1.5
bergstrom,USW00013904,2021-08-06T16:49:00+00:00,2021-08-06T11:49:00-05:00,2021-08-06T10:49:00,FM-16,,,0,,16.093,30.0,66.0,0.0
bergstrom,USW00013904,2021-08-06T16:53:00+00:00,2021-08-06T11:53:00-05:00,2021-08-06T10:53:00,FM-15,0.0,0.0,0,,16.093,30.6,65.0,1.5
bergstrom,USW00013904,2021-08-06T17:53:00+00:00,2021-08-06T12:53:00-05:00,2021-08-06T11:53:00,FM-15,0.0,0.0,0,,16.093,30.0,65.0,2.1
bergstrom,USW00013904,2021-08-06T18:53:00+00:00,2021-08-06T13:53:00-05:00,2021-08-06T12:53:00,FM-15,0.0,0.0,0,,16.093,30.6,61.0,2.6
bergstrom,USW00013904,2021-08-06T19:30:00+00:00,2021-08-06T14:30:00-05:00,2021-08-06T13:30:00,FM-16,,,1,-RA:02 |RA |RA,11.265,28.3,79.0,7.2
bergstrom,USW00013904,2021-08-06T19:51:00+00:00,2021-08-06T14:51:00-05:00,2021-08-06T13:51:00,FM-16,,,0,,16.093,29.0,70.0,4.6
bergstrom,USW00013904,2021-08-06T19:53:00+00:00,2021-08-06T14:53:00-05:00,2021-08-06T13:53:00,FM-15,,T,1,,16.093,28.9,72.0,4.1
bergstrom,USW00013904,2021-08-06T20:30:00+00:00,2021-08-06T15:30:00-05:00,2021-08-06T14:30:00,FM-16,,,0,,16.093,31.1,63.0,5.7
bergstrom,USW00013904,2021-08-06T20:43:00+00:00,2021-08-06T15:43:00-05:00,2021-08-06T14:43:00,FM-16,,,1,TS |TS |,16.093,31.1,59.0,4.6
bergstrom,USW00013904,2021-08-06T20:53:00+00:00,2021-08-06T15:53:00-05:00,2021-08-06T14:53:00,FM-15,0.0,0.0,1,TS |TS |,16.093,31.1,61.0,2.6
bergstrom,USW00013904,2021-08-06T21:28:00+00:00,2021-08-06T16:28:00-05:00,2021-08-06T15:28:00,FM-16,,,0,,16.093,30.0,65.0,0.0
bergstrom,USW00013904,2021-08-06T21:53:00+00:00,2021-08-06T16:53:00-05:00,2021-08-06T15:53:00,FM-15,0.0,0.0,0,,16.093,28.9,70.0,2.6
bergstrom,USW00013904,2021-08-06T22:53:00+00:00,2021-08-06T17:53:00-05:00,2021-08-06T16:53:00,FM-15,0.0,0.0,0,,16.093,31.7,59.0,5.1
bergstrom,USW00013904,2021-08-06T23:53:00+00:00,2021-08-06T18:53:00-05:00,2021-08-06T17:53:00,FM-15,0.0,0.0,0,,16.093,30.6,63.0,6.2
bergstrom,USW00013904,2021-08-07T00:53:00+00:00,2021-08-06T19:53:00-05:00,2021-08-06T18:53:00,FM-15,0.0,0.0,0,,16.093,27.2,77.0,5.1
bergstrom,USW00013904,2021-08-07T01:21:00+00:00,2021-08-06T20:21:00-05:00,2021-08-06T19:21:00,FM-16,,,0,,16.093,26.1,82.0,4.1
bergstrom,USW00013904,2021-08-07T01:53:00+00:00,2021-08-06T20:53:00-05:00,2021-08-06T19:53:00,FM-15,0.0,0.0,0,,16.093,25.6,85.0,3.6
bergstrom,USW00013904,2021-08-07T02:53:00+00:00,2021-08-06T21:53:00-05:00,2021-08-06T20:53:00,FM-15,0.0,0.0,0,,16.093,24.4,94.0,3.1
bergstrom,USW00013904,2021-08-07T03:53:00+00:00,2021-08-06T22:53:00-05:00,2021-08-06T21:53:00,FM-15,0.0,0.0,0,,16.093,23.9,94.0,3.1
bergstrom,USW00013904,2021-08-07T04:53:00+00:00,2021-08-06T23:53:00-05:00,2021-08-06T22:53:00,FM-15,0.0,0.0,0,,16.093,23.3,97.0,2.1
bergstrom,USW00013904,2021-08-07T05:53:00+00:00,2021-08-07T00:53:00-05:00,2021-08-06T23:53:00,FM-15,0.0,0.0,0,,16.093,22.8,100.0,0.0
bergstrom,USW00013904,2021-08-07T06:08:00+00:00,2021-08-07T01:08:00-05:00,2021-08-07T00:08:00,FM-16,,,0,,16.093,22.8,100.0,2.1
bergstrom,USW00013904,2021-08-07T06:51:00+00:00,2021-08-07T01:51:00-05:00,2021-08-07T00:51:00,FM-16,,,0,,16.093,23.0,100.0,0.0
bergstrom,USW00013904,2021-08-07T06:53:00+00:00,2021-08-07T01:53:00-05:00,2021-08-07T00:53:00,FM-15,0.0,0.0,0,,16.093,22.8,100.0,0.0
bergstrom,USW00013904,2021-08-07T07:51:00+00:00,2021-08-07T02:51:00-05:00,2021-08-07T01:51:00,FM-16,,,0,,16.093,23.0,100.0,2.1
bergstrom,USW00013904,2021-08-07T07:53:00+00:00,2021-08-07T02:53:00-05:00,2021-08-07T01:53:00,FM-15,0.0,0.0,0,,16.093,22.8,100.0,2.1
bergstrom,USW00013904,2021-08-07T08:00:00+00:00,2021-08-07T03:00:00-05:00,2021-08-07T02:00:00,FM-16,,,0,,16.093,22.8,100.0,2.1
bergstrom,USW00013904,2021-08-07T08:53:00+00:00,2021-08-07T03:53:00-05:00,2021-08-07T02:53:00,FM-15,0.0,0.0,0,,16.093,22.8,100.0,1.5
bergstrom,USW00013904,2021-08-07T09:53:00+00:00,2021-08-07T04:53:00-05:00,2021-08-07T03:53:00,FM-15,0.0,0.0,0,,16.093,23.3,100.0,2.6
bergstrom,USW00013904,2021-08-07T10:53:00+00:00,2021-08-07T05:53:00-05:00,2021-08-07T04:53:00,FM-15,0.0,0.0,0,,16.093,23.3,100.0,2.1
bergstrom,USW00013904,2021-08-07T11:30:00+00:00,2021-08-07T06:30:00-05:00,2021-08-07T05:30:00,FM-16,,,0,,11.265,23.9,100.0,2.1
bergstrom,USW00013904,2021-08-07T11:53:00+00:00,2021-08-07T06:53:00-05:00,2021-08-07T05:53:00,FM-15,0.0,0.0,0,,11.265,23.9,100.0,2.1
bergstrom,USW00013904,2021-08-07T12:02:00+00:00,2021-08-07T07:02:00-05:00,2021-08-07T06:02:00,FM-16,,,0,,11.265,23.9,100.0,2.1
bergstrom,USW00013904,2021-08-07T12:53:00+00:00,2021-08-07T07:53:00-05:00,2021-08-07T06:53:00,FM-15,0.0,0.0,0,,11.265,24.4,100.0,2.1
bergstrom,USW00013904,2021-08-07T13:51:00+00:00,2021-08-07T08:51:00-05:00,2021-08-07T07:51:00,FM-16,,,0,,14.484,27.0,89.0,2.6
bergstrom,USW00013904,2021-08-07T13:53:00+00:00,2021-08-07T08:53:00-05:00,2021-08-07T07:53:00,FM-15,0.0,0.0,0,,14.484,26.7,90.0,3.6
bergstrom,USW00013904,2021-08-07T14:07:00+00:00,2021-08-07T09:07:00-05:00,2021-08-07T08:07:00,FM-16,,,0,,16.093,26.7,87.0,4.1
bergstrom,USW00013904,2021-08-07T14:53:00+00:00,2021-08-07T09:53:00-05:00,2021-08-07T08:53:00,FM-15,0.0,0.0,0,,16.093,27.2,82.0,5.1
bergstrom,USW00013904,2021-08-07T15:19:00+00:00,2021-08-07T10:19:00-05:00,2021-08-07T09:19:00,FM-16,,,0,,16.093,27.8,79.0,5.7
bergstrom,USW00013904,2021-08-07T15:53:00+00:00,2021-08-07T10:53:00-05:00,2021-08-07T09:53:00,FM-15,0.0,0.0,0,,16.093,28.9,72.0,5.7
bergstrom,USW00013904,2021-08-07T16:53:00+00:00,2021-08-07T11:53:00-05:00,2021-08-07T10:53:00,FM-15,0.0,0.0,0,,16.093,30.0,67.0,5.1
bergstrom,USW00013904,2021-08-07T17:53:00+00:00,2021-08-07T12:53:00-05:00,2021-08-07T11:53:00,FM-15,0.0,0.0,0,,16.093,31.7,59.0,6.7
bergstrom,USW00013904,2021-08-07T18:53:00+00:00,2021-08-07T13:53:00-05:00,2021-08-07T12:53:00,FM-15,0.0,0.0,0,,16.093,31.7,57.0,4.1
bergstrom,USW00013904,2021-08-07T19:53:00+00:00,2021-08-07T14:53:00-05:00,2021-08-07T13:53:00,FM-15,0.0,0.0,0,,16.093,32.8,54.0,7.2
bergstrom,USW00013904,2021-08-07T20:53:00+00:00,2021-08-07T15:53:00-05:00,2021-08-07T14:53:00,FM-15,0.0,0.0,0,,16.093,32.8,54.0,5.7
bergstrom,USW00013904,2021-08-07T21:53:00+00:00,2021-08-07T16:53:00-05:00,2021-08-07T15:53:00,FM-15,0.0,0.0,0,,16.093,32.8,50.0,6.2
bergstrom,USW00013904,2021-08-07T22:53:00+00:00,2021-08-07T17:53:00-05:00,2021-08-07T16:53:00,FM-15,0.0,0.0,0,,16.093,32.8,52.0,5.1
bergstrom,USW00013904,2021-08-07T23:53:00+00:00,2021-08-07T18:53:00-05:00,2021-08-07T17:53:00,FM-15,0.0,0.0,0,,16.093,31.7,53.0,5.1
bergstrom,USW00013904,2021-08-08T00:53:00+00:00,2021-08-07T19:53:00-05:00,2021-08-07T18:53:00,FM-15,0.0,0.0,0,,16.093,30.0,61.0,4.1
bergstrom,USW00013904,2021-08-08T01:53:00+00:00,2021-08-07T20:53:00-05:00,2021-08-07T19:53:00,FM-15,0.0,0.0,0,,16.093,28.9,65.0,4.1
bergstrom,USW00013904,2021-08-08T02:53:00+00:00,2021-08-07T21:53:00-05:00,2021-08-07T20:53:00,FM-15,0.0,0.0,0,,16.093,27.8,72.0,4.6
bergstrom,USW00013904,2021-08-08T03:53:00+00:00,2021-08-07T22:53:00-05:00,2021-08-07T21:53:00,FM-15,0.0,0.0,0,,16.093,26.7,79.0,4.1
bergstrom,USW00013904,2021-08-08T04:53:00+00:00,2021-08-07T23:53:00-05:00,2021-08-07T22:53:00,FM-15,0.0,0.0,0,,16.093,26.1,88.0,4.6
bergstrom,USW00013904,2021-08-08T05:53:00+00:00,2021-08-08T00:53:00-05:00,2021-08-07T23:53:00,FM-15,0.0,0.0,0,,16.093,25.0,94.0,3.6
bergstrom,USW00013904,2021-08-08T06:26:00+00:00,2021-08-08T01:26:00-05:00,2021-08-08T00:26:00,FM-16,,,0,,16.093,25.0,96.0,3.1
bergstrom,USW00013904,2021-08-08T06:42:00+00:00,2021-08-08T01:42:00-05:00,2021-08-08T00:42:00,FM-16,,,0,,16.093,25.6,93.0,3.6
bergstrom,USW00013904,2021-08-08T06:51:00+00:00,2021-08-08T01:51:00-05:00,2021-08-08T00:51:00,FM-16,,,0,,16.093,26.0,89.0,4.1
bergstrom,USW00013904,2021-08-08T06:53:00+00:00,2021-08-08T01:53:00-05:00,2021-08-08T00:53:00,FM-15,0.0,0.0,0,,16.093,25.6,93.0,4.1
bergstrom,USW00013904,2021-08-08T07:06:00+00:00,2021-08-08T02:06:00-05:00,2021-08-08T01:06:00,FM-16,,,0,,16.093,25.6,93.0,4.6
bergstrom,USW00013904,2021-08-08T07:13:00+00:00,2021-08-08T02:13:00-05:00,2021-08-08T01:13:00,FM-16,,,0,,16.093,25.6,93.0,5.7
bergstrom,USW00013904,2021-08-08T07:53:00+00:00,2021-08-08T02:53:00-05:00,2021-08-08T01:53:00,FM-15,0.0,0.0,0,,16.093,25.6,93.0,4.1
bergstrom,USW00013904,2021-08-08T08:51:00+00:00,2021-08-08T03:51:00-05:00,2021-08-08T02:51:00,FM-16,,,0,,16.093,25.0,94.0,4.1
bergstrom,USW00013904,2021-08-08T08:53:00+00:00,2021-08-08T03:53:00-05:00,2021-08-08T02:53:00,FM-15,0.0,0.0,0,,16.093,25.0,96.0,4.6
bergstrom,USW00013904,2021-08-08T09:01:00+00:00,2021-08-08T04:01:00-05:00,2021-08-08T03:01:00,FM-16,,,0,,16.093,25.0,96.0,3.6
bergstrom,USW00013904,2021-08-08T09:51:00+00:00,2021-08-08T04:51:00-05:00,2021-08-08T03:51:00,FM-16,,,0,,16.093,25.0,94.0,4.1
bergstrom,USW00013904,2021-08-08T09:53:00+00:00,2021-08-08T04:53:00-05:00,2021-08-08T03:53:00,FM-15,0.0,0.0,0,,16.093,25.0,96.0,4.1
bergstrom,USW00013904,2021-08-08T10:12:00+00:00,2021-08-08T05:12:00-05:00,2021-08-08T04:12:00,FM-16,,,0,,16.093,25.0,96.0,3.1
bergstrom,USW00013904,2021-08-08T10:53:00+00:00,2021-08-08T05:53:00-05:00,2021-08-08T04:53:00,FM-15,0.0,0.0,0,,16.093,24.4,97.0,4.1
bergstrom,USW00013904,2021-08-08T11:53:00+00:00,2021-08-08T06:53:00-05:00,2021-08-08T05:53:00,FM-15,0.0,0.0,0,,16.093,24.4,97.0,4.1
bergstrom,USW00013904,2021-08-08T12:53:00+00:00,2021-08-08T07:53:00-05:00,2021-08-08T06:53:00,FM-15,0.0,0.0,0,,16.093,25.6,90.0,4.1
bergstrom,USW00013904,2021-08-08T13:22:00+00:00,2021-08-08T08:22:00-05:00,2021-08-08T07:22:00,FM-16,,,0,,16.093,26.1,88.0,5.1
bergstrom,USW00013904,2021-08-08T13:53:00+00:00,2021-08-08T08:53:00-05:00,2021-08-08T07:53:00,FM-15,0.0,0.0,0,,16.093,26.7,85.0,5.7
bergstrom,USW00013904,2021-08-08T14:53:00+00:00,2021-08-08T09:53:00-05:00,2021-08-08T08:53:00,FM-15,0.0,0.0,0,,16.093,27.8,77.0,6.7
bergstrom,USW00013904,2021-08-08T15:32:00+00:00,2021-08-08T10:32:00-05:00,2021-08-08T09:32:00,FM-16,,,0,,16.093,29.4,72.0,6.2
bergstrom,USW00013904,2021-08-08T15:53:00+00:00,2021-08-08T10:53:00-05:00,2021-08-08T09:53:00,FM-15,0.0,0.0,0,,16.093,29.4,70.0,7.7
bergstrom,USW00013904,2021-08-08T16:53:00+00:00,2021-08-08T11:53:00-05:00,2021-08-08T10:53:00,FM-15,0.0,0.0,0,,16.093,30.6,65.0,5.1
bergstrom,USW00013904,2021-08-08T17:53:00+00:00,2021-08-08T12:53:00-05:00,2021-08-08T11:53:00,FM-15,0.0,0.0,0,,16.093,31.1,59.0,6.7
bergstrom,USW00013904,2021-08-08T18:53:00+00:00,2021-08-08T13:53:00-05:00,2021-08-08T12:53:00,FM-15,0.0,0.0,0,,16.093,32.2,56.0,7.2
bergstrom,USW00013904,2021-08-08T19:53:00+00:00,2021-08-08T14:53:00-05:00,2021-08-08T13:53:00,FM-15,0.0,0.0,0,,16.093,33.3,54.0,6.7
bergstrom,USW00013904,2021-08-08T20:53:00+00:00,2021-08-08T15:53:00-05:00,2021-08-08T14:53:00,FM-15,0.0,0.0,0,,16.093,32.8,54.0,6.2
bergstrom,USW00013904,2021-08-08T21:53:00+00:00,2021-08-08T16:53:00-05:00,2021-08-08T15:53:00,FM-15,0.0,0.0,0,,16.093,33.3,52.0,6.7
bergstrom,USW00013904,2021-08-08T22:53:00+00:00,2021-08-08T17:53:00-05:00,2021-08-08T16:53:00,FM-15,0.0,0.0,0,,16.093,32.8,56.0,7.2
bergstrom,USW00013904,2021-08-08T23:53:00+00:00,2021-08-08T18:53:00-05:00,2021-08-08T17:53:00,FM-15,0.0,0.0,0,,16.093,31.7,57.0,7.2
bergstrom,USW00013904,2021-08-09T00:53:00+00:00,2021-08-08T19:53:00-05:00,2021-08-08T18:53:00,FM-15,0.0,0.0,0,,16.093,30.6,61.0,7.7
bergstrom,USW00013904,2021-08-09T01:53:00+00:00,2021-08-08T20:53:00-05:00,2021-08-08T19:53:00,FM-15,0.0,0.0,0,,16.093,28.9,70.0,5.7
bergstrom,USW00013904,2021-08-09T02:53:00+00:00,2021-08-08T21:53:00-05:00,2021-08-08T20:53:00,FM-15,0.0,0.0,0,,16.093,27.8,77.0,4.1
bergstrom,USW00013904,2021-08-09T03:53:00+00:00,2021-08-08T22:53:00-05:00,2021-08-08T21:53:00,FM-15,0.0,0.0,0,,16.093,26.7,82.0,4.1
bergstrom,USW00013904,2021-08-09T04:53:00+00:00,2021-08-08T23:53:00-05:00,2021-08-08T22:53:00,FM-15,0.0,0.0,0,,16.093,25.6,87.0,4.1
bergstrom,USW00013904,2021-08-09T05:53:00+00:00,2021-08-09T00:53:00-05:00,2021-08-08T23:53:00,FM-15,0.0,0.0,0,,16.093,25.0,90.0,4.1
bergstrom,USW00013904,2021-08-09T06:43:00+00:00,2021-08-09T01:43:00-05:00,2021-08-09T00:43:00,FM-16,,,0,,16.093,25.0,94.0,5.7
bergstrom,USW00013904,2021-08-09T06:53:00+00:00,2021-08-09T01:53:00-05:00,2021-08-09T00:53:00,FM-15,0.0,0.0,0,,16.093,25.0,94.0,5.1
bergstrom,USW00013904,2021-08-09T07:51:00+00:00,2021-08-09T02:51:00-05:00,2021-08-09T01:51:00,FM-16,,,0,,16.093,25.0,94.0,4.6
bergstrom,USW00013904,2021-08-09T07:53:00+00:00,2021-08-09T02:53:00-05:00,2021-08-09T01:53:00,FM-15,0.0,0.0,0,,16.093,25.0,96.0,4.6
bergstrom,USW00013904,2021-08-09T08:53:00+00:00,2021-08-09T03:53:00-05:00,2021-08-09T02:53:00,FM-15,0.0,0.0,0,,16.093,25.0,96.0,4.1
bergstrom,USW00013904,2021-08-09T09:53:00+00:00,2021-08-09T04:53:00-05:00,2021-08-09T03:53:00,FM-15,0.0,0.0,0,,16.093,25.0,96.0,4.6
bergstrom,USW00013904,2021-08-09T10:53:00+00:00,2021-08-09T05:53:00-05:00,2021-08-09T04:53:00,FM-15,0.0,0.0,0,,16.093,24.4,100.0,3.6
bergstrom,USW00013904,2021-08-09T11:00:00+00:00,2021-08-09T06:00:00-05:00,2021-08-09T05:00:00,FM-16,,,0,,16.093,24.4,97.0,3.6
bergstrom,USW00013904,2021-08-09T11:53:00+00:00,2021-08-09T06:53:00-05:00,2021-08-09T05:53:00,FM-15,0.0,0.0,0,,16.093,25.0,96.0,4.1
bergstrom,USW00013904,2021-08-09T12:53:00+00:00,2021-08-09T07:53:00-05:00,2021-08-09T06:53:00,FM-15,0.0,0.0,0,,16.093,25.6,93.0,5.1
bergstrom,USW00013904,2021-08-09T13:53:00+00:00,2021-08-09T08:53:00-05:00,2021-08-09T07:53:00,FM-15,0.0,0.0,0,,16.093,26.1,90.0,4.6
bergstrom,USW00013904,2021-08-09T14:33:00+00:00,2021-08-09T09:33:00-05:00,2021-08-09T08:33:00,FM-16,,,0,,16.093,27.2,85.0,5.1
bergstrom,USW00013904,2021-08-09T14:53:00+00:00,2021-08-09T09:53:00-05:00,2021-08-09T08:53:00,FM-15,0.0,0.0,0,,16.093,27.8,79.0,6.7
bergstrom,USW00013904,2021-08-09T14:54:00+00:00,2021-08-09T09:54:00-05:00,2021-08-09T08:54:00,FM-16,,,0,,16.093,28.0,79.0,6.2
bergstrom,USW00013904,2021-08-09T15:20:00+00:00,2021-08-09T10:20:00-05:00,2021-08-09T09:20:00,FM-16,,,0,,16.093,28.9,74.0,5.7
bergstrom,USW00013904,2021-08-09T15:53:00+00:00,2021-08-09T10:53:00-05:00,2021-08-09T09:53:00,FM-15,0.0,0.0,0,,16.093,30.6,67.0,5.1
bergstrom,USW00013904,2021-08-09T16:53:00+00:00,2021-08-09T11:53:00-05:00,2021-08-09T10:53:00,FM-15,0.0,0.0,0,,16.093,31.1,63.0,8.2
bergstrom,USW00013904,2021-08-09T17:53:00+00:00,2021-08-09T12:53:00-05:00,2021-08-09T11:53:00,FM-15,0.0,0.0,0,,16.093,32.8,56.0,8.8
bergstrom,USW00013904,2021-08-09T18:53:00+00:00,2021-08-09T13:53:00-05:00,2021-08-09T12:53:00,FM-15,0.0,0.0,0,,16.093,33.9,52.0,7.2
bergstrom,USW00013904,2021-08-09T19:53:00+00:00,2021-08-09T14:53:00-05:00,2021-08-09T13:53:00,FM-15,0.0,0.0,0,,16.093,34.4,51.0,8.2
bergstrom,USW00013904,2021-08-09T20:53:00+00:00,2021-08-09T15:53:00-05:00,2021-08-09T14:53:00,FM-15,0.0,0.0,0,,16.093,33.3,51.0,8.8
bergstrom,USW00013904,2021-08-09T21:53:00+00:00,2021-08-09T16:53:00-05:00,2021-08-09T15:53:00,FM-15,0.0,0.0,0,,16.093,33.9,49.0,7.2
bergstrom,USW00013904,2021-08-09T22:53:00+00:00,2021-08-09T17:53:00-05:00,2021-08-09T16:53:00,FM-15,0.0,0.0,0,,16.093,32.2,54.0,6.7
bergstrom,USW00013904,2021-08-09T23:53:00+00:00,2021-08-09T18:53:00-05:00,2021-08-09T17:53:00,FM-15,0.0,0.0,0,,16.093,32.2,56.0,7.2
bergstrom,USW00013904,2021-08-10T00:53:00+00:00,2021-08-09T19:53:00-05:00,2021-08-09T18:53:00,FM-15,0.0,0.0,0,,16.093,30.6,61.0,5.7
bergstrom,USW00013904,2021-08-10T01:53:00+00:00,2021-08-09T20:53:00-05:00,2021-08-09T19:53:00,FM-15,0.0,0.0,0,,16.093,27.8,72.0,3.6
bergstrom,USW00013904,2021-08-10T02:53:00+00:00,2021-08-09T21:53:00-05:00,2021-08-09T20:53:00,FM-15,0.0,0.0,0,,16.093,26.7,79.0,4.1
bergstrom,USW00013904,2021-08-10T03:53:00+00:00,2021-08-09T22:53:00-05:00,2021-08-09T21:53:00,FM-15,0.0,0.0,0,,16.093,25.6,82.0,3.6
bergstrom,USW00013904,2021-08-10T04:53:00+00:00,2021-08-09T23:53:00-05:00,2021-08-09T22:53:00,FM-15,0.0,0.0,0,,16.093,25.0,90.0,4.1
bergstrom,USW00013904,2021-08-10T05:53:00+00:00,2021-08-10T00:53:00-05:00,2021-08-09T23:53:00,FM-15,0.0,0.0,0,,16.093,23.9,94.0,3.1
bergstrom,USW00013904,2021-08-10T06:53:00+00:00,2021-08-10T01:53:00-05:00,2021-08-10T00:53:00,FM-15,0.0,0.0,0,,16.093,23.3,97.0,3.6
bergstrom,USW00013904,2021-08-10T07:53:00+00:00,2021-08-10T02:53:00-05:00,2021-08-10T01:53:00,FM-15,0.0,0.0,0,,16.093,23.3,97.0,2.1
bergstrom,USW00013904,2021-08-10T08:53:00+00:00,2021-08-10T03:53:00-05:00,2021-08-10T02:53:00,FM-15,0.0,0.0,0,,16.093,23.3,100.0,2.6
bergstrom,USW00013904,2021-08-10T09:51:00+00:00,2021-08-10T04:51:00-05:00,2021-08-10T03:51:00,FM-16,,,0,,16.093,23.0,100.0,2.1
bergstrom,USW00013904,2021-08-10T09:53:00+00:00,2021-08-10T04:53:00-05:00,2021-08-10T03:53:00,FM-15,0.0,0.0,0,,16.093,22.8,100.0,1.5
bergstrom,USW00013904,2021-08-10T10:05:00+00:00,2021-08-10T05:05:00-05:00,2021-08-10T04:05:00,FM-16,,,0,,14.484,22.8,100.0,2.1
bergstrom,USW00013904,2021-08-10T10:53:00+00:00,2021-08-10T05:53:00-05:00,2021-08-10T04:53:00,FM-15,0.0,0.0,0,,16.093,23.9,100.0,3.1
bergstrom,USW00013904,2021-08-10T11:53:00+00:00,2021-08-10T06:53:00-05:00,2021-08-10T05:53:00,FM-15,0.0,0.0,0,,14.484,24.4,100.0,4.1
bergstrom,USW00013904,2021-08-10T12:53:00+00:00,2021-08-10T07:53:00-05:00,2021-08-10T06:53:00,FM-15,0.0,0.0,0,BR:1 |BR |,9.656,25.0,100.0,3.6
bergstrom,USW00013904,2021-08-10T13:53:00+00:00,2021-08-10T08:53:00-05:00,2021-08-10T07:53:00,FM-15,0.0,0.0,0,,12.875,26.1,90.0,5.1
bergstrom,USW00013904,2021-08-10T13:58:00+00:00,2021-08-10T08:58:00-05:00,2021-08-10T07:58:00,FM-16,,,0,,16.093,26.1,90.0,5.7
bergstrom,USW00013904,2021-08-10T14:53:00+00:00,2021-08-10T09:53:00-05:00,2021-08-10T08:53:00,FM-15,0.0,0.0,0,,16.093,27.2,82.0,4.1
bergstrom,USW00013904,2021-08-10T15:28:00+00:00,2021-08-10T10:28:00-05:00,2021-08-10T09:28:00,FM-16,,,0,,16.093,28.9,72.0,7.7
bergstrom,USW00013904,2021-08-10T15:53:00+00:00,2021-08-10T10:53:00-05:00,2021-08-10T09:53:00,FM-15,0.0,0.0,0,,16.093,29.4,68.0,6.2
bergstrom,USW00013904,2021-08-10T16:53:00+00:00,2021-08-10T11:53:00-05:00,2021-08-10T10:53:00,FM-15,0.0,0.0,0,,16.093,31.7,59.0,7.2
bergstrom,USW00013904,2021-08-10T17:53:00+00:00,2021-08-10T12:53:00-05:00,2021-08-10T11:53:00,FM-15,0.0,0.0,0,,16.093,31.7,57.0,7.2
bergstrom,USW00013904,2021-08-10T18:53:00+00:00,2021-08-10T13:53:00-05:00,2021-08-10T12:53:00,FM-15,0.0,0.0,0,,16.093,33.3,51.0,7.7
bergstrom,USW00013904,2021-08-10T19:53:00+00:00,2021-08-10T14:53:00-05:00,2021-08-10T13:53:00,FM-15,0.0,0.0,0,,16.093,33.9,49.0,4.6
bergstrom,USW00013904,2021-08-10T20:53:00+00:00,2021-08-10T15:53:00-05:00,2021-08-10T14:53:00,FM-15,0.0,0.0,0,,16.093,33.9,46.0,6.7
bergstrom,USW00013904,2021-08-10T21:53:00+00:00,2021-08-10T16:53:00-05:00,2021-08-10T15:53:00,FM-15,0.0,0.0,0,,16.093,33.9,46.0,6.2
bergstrom,USW00013904,2021-08-10T22:53:00+00:00,2021-08-10T17:53:00-05:00,2021-08-10T16:53:00,FM-15,0.0,0.0,0,,16.093,33.3,46.0,7.7
bergstrom,USW00013904,2021-08-10T23:53:00+00:00,2021-08-10T18:53:00-05:00,2021-08-10T17:53:00,FM-15,0.0,0.0,0,,16.093,32.2,48.0,6.7
bergstrom,USW00013904,2021-08-11T00:53:00+00:00,2021-08-10T19:53:00-05:00,2021-08-10T18:53:00,FM-15,0.0,0.0,0,,16.093,30.6,55.0,5.7
bergstrom,USW00013904,2021-08-11T01:53:00+00:00,2021-08-10T20:53:00-05:00,2021-08-10T19:53:00,FM-15,0.0,0.0,0,,16.093,28.3,63.0,4.6
bergstrom,USW00013904,2021-08-11T02:53:00+00:00,2021-08-10T21:53:00-05:00,2021-08-10T20:53:00,FM-15,0.0,0.0,0,,16.093,26.1,74.0,3.1
bergstrom,USW00013904,2021-08-11T03:53:00+00:00,2021-08-10T22:53:00-05:00,2021-08-10T21:53:00,FM-15,0.0,0.0,0,,16.093,25.0,82.0,4.1
bergstrom,USW00013904,2021-08-11T04:53:00+00:00,2021-08-10T23:53:00-05:00,2021-08-10T22:53:00,FM-15,0.0,0.0,0,,16.093,23.3,94.0,1.5
bergstrom,USW00013904,2021-08-11T05:53:00+00:00,2021-08-11T00:53:00-05:00,2021-08-10T23:53:00,FM-15,0.0,0.0,0,,16.093,23.3,94.0,1.5
bergstrom,USW00013904,2021-08-11T06:53:00+00:00,2021-08-11T01:53:00-05:00,2021-08-11T00:53:00,FM-15,0.0,0.0,0,,16.093,22.2,97.0,1.5
bergstrom,USW00013904,2021-08-11T07:53:00+00:00,2021-08-11T02:53:00-05:00,2021-08-11T01:53:00,FM-15,0.0,0.0,0,,16.093,21.7,100.0,1.5
bergstrom,USW00013904,2021-08-11T08:53:00+00:00,2021-08-11T03:53:00-05:00,2021-08-11T02:53:00,FM-15,0.0,0.0,0,,16.093,20.0,100.0,0.0
bergstrom,USW00013904,2021-08-11T09:33:00+00:00,2021-08-11T04:33:00-05:00,2021-08-11T03:33:00,FM-16,,,0,,14.484,20.6,100.0,0.0
bergstrom,USW00013904,2021-08-11T09:51:00+00:00,2021-08-11T04:51:00-05:00,2021-08-11T03:51:00,FM-16,,,0,,14.484,21.0,100.0,0.0
bergstrom,USW00013904,2021-08-11T09:53:00+00:00,2021-08-11T04:53:00-05:00,2021-08-11T03:53:00,FM-15,0.0,0.0,0,,14.484,21.7,100.0,0.0
bergstrom,USW00013904,2021-08-11T10:22:00+00:00,2021-08-11T05:22:00-05:00,2021-08-11T04:22:00,FM-16,,,0,,12.875,22.2,100.0,0.0
bergstrom,USW00013904,2021-08-11T10:51:00+00:00,2021-08-11T05:51:00-05:00,2021-08-11T04:51:00,FM-16,,,0,,0.402,22.0,100.0,0.0
bergstrom,USW00013904,2021-08-11T10:53:00+00:00,2021-08-11T05:53:00-05:00,2021-08-11T04:53:00,FM-15,0.0,0.0,0,BR:1 |BR s |,0.402,22.2,100.0,1.5
bergstrom,USW00013904,2021-08-11T11:01:00+00:00,2021-08-11T06:01:00-05:00,2021-08-11T05:01:00,FM-16,,,0,BR:1 |BR s |,0.402,22.8,100.0,1.5
bergstrom,USW00013904,2021-08-11T11:19:00+00:00,2021-08-11T06:19:00-05:00,2021-08-11T05:19:00,FM-16,,,0,BR:1 |BR s |,0.402,22.8,100.0,1.5
bergstrom,USW00013904,2021-08-11T11:32:00+00:00,2021-08-11T06:32:00-05:00,2021-08-11T05:32:00,FM-16,,,0,BR:1 |BR s |,0.402,22.8,100.0,0.0
bergstrom,USW00013904,2021-08-11T11:53:00+00:00,2021-08-11T06:53:00-05:00,2021-08-11T05:53:00,FM-15,0.0,0.0,0,BR:1 |BR s |,0.402,22.8,100.0,2.1
bergstrom,USW00013904,2021-08-11T12:24:00+00:00,2021-08-11T07:24:00-05:00,2021-08-11T06:24:00,FM-16,,,0,BR:1 |BR s |,0.402,22.8,100.0,1.5
bergstrom,USW00013904,2021-08-11T12:53:00+00:00,2021-08-11T07:53:00-05:00,2021-08-11T06:53:00,FM-15,0.0,0.0,0,BR:1 |BR s |,0.402,23.3,100.0,1.5
bergstrom,USW00013904,2021-08-11T13:13:00+00:00,2021-08-11T08:13:00-05:00,2021-08-11T07:13:00,FM-16,,,0,BR:1 |BR s |,0.805,23.9,100.0,2.6
bergstrom,USW00013904,2021-08-11T13:51:00+00:00,2021-08-11T08:51:00-05:00,2021-08-11T07:51:00,FM-16,,,0,BR:1 |BR |,8.047,24.0,100.0,2.6
bergstrom,USW00013904,2021-08-11T13:53:00+00:00,2021-08-11T08:53:00-05:00,2021-08-11T07:53:00,FM-15,0.0,0.0,0,BR:1 |BR |,8.047,24.4,100.0,2.6
bergstrom,USW00013904,2021-08-11T14:22:00+00:00,2021-08-11T09:22:00-05:00,2021-08-11T08:22:00,FM-16,,,0,BR:1 |BR |,9.656,25.0,100.0,4.1
bergstrom,USW00013904,2021-08-11T14:45:00+00:00,2021-08-11T09:45:00-05:00,2021-08-11T08:45:00,FM-16,,,0,,11.265,27.2,88.0,5.1
bergstrom,USW00013904,2021-08-11T14:53:00+00:00,2021-08-11T09:53:00-05:00,2021-08-11T08:53:00,FM-15,0.0,0.0,0,,11.265,26.7,90.0,3.6
bergstrom,USW00013904,2021-08-11T15:51:00+00:00,2021-08-11T10:51:00-05:00,2021-08-11T09:51:00,FM-16,,,0,,16.093,30.0,70.0,4.1
bergstrom,USW00013904,2021-08-11T15:53:00+00:00,2021-08-11T10:53:00-05:00,2021-08-11T09:53:00,FM-15,0.0,0.0,0,,16.093,30.0,72.0,4.6
bergstrom,USW00013904,2021-08-11T16:53:00+00:00,2021-08-11T11:53:00-05:00,2021-08-11T10:53:00,FM-15,0.0,0.0,0,,16.093,31.1,63.0,4.6
bergstrom,USW00013904,2021-08-11T17:53:00+00:00,2021-08-11T12:53:00-05:00,2021-08-11T11:53:00,FM-15,0.0,0.0,0,,16.093,32.2,58.0,6.7
bergstrom,USW00013904,2021-08-11T18:53:00+00:00,2021-08-11T13:53:00-05:00,2021-08-11T12:53:00,FM-15,0.0,0.0,0,,16.093,33.3,54.0,4.1
bergstrom,USW00013904,2021-08-11T19:53:00+00:00,2021-08-11T14:53:00-05:00,2021-08-11T13:53:00,FM-15,0.0,0.0,0,,16.093,33.9,50.0,7.2
bergstrom,USW00013904,2021-08-11T20:53:00+00:00,2021-08-11T15:53:00-05:00,2021-08-11T14:53:00,FM-15,0.0,0.0,0,,16.093,34.4,49.0,5.7
bergstrom,USW00013904,2021-08-11T21:53:00+00:00,2021-08-11T16:53:00-05:00,2021-08-11T15:53:00,FM-15,0.0,0.0,0,,16.093,34.4,49.0,5.7
bergstrom,USW00013904,2021-08-11T22:53:00+00:00,2021-08-11T17:53:00-05:00,2021-08-11T16:53:00,FM-15,0.0,0.0,0,,16.093,33.9,50.0,5.1
bergstrom,USW00013904,2021-08-11T23:53:00+00:00,2021-08-11T18:53:00-05:00,2021-08-11T17:53:00,FM-15,0.0,0.0,0,,16.093,33.9,50.0,7.2
bergstrom,USW00013904,2021-08-12T00:53:00+00:00,2021-08-11T19:53:00-05:00,2021-08-11T18:53:00,FM-15,0.0,0.0,0,,16.093,31.1,63.0,4.6
bergstrom,USW00013904,2021-08-12T01:53:00+00:00,2021-08-11T20:53:00-05:00,2021-08-11T19:53:00,FM-15,0.0,0.0,0,,16.093,30.0,65.0,4.1
bergstrom,USW00013904,2021-08-12T02:53:00+00:00,2021-08-11T21:53:00-05:00,2021-08-11T20:53:00,FM-15,0.0,0.0,0,,16.093,28.9,77.0,5.1
bergstrom,USW00013904,2021-08-12T03:53:00+00:00,2021-08-11T22:53:00-05:00,2021-08-11T21:53:00,FM-15,0.0,0.0,0,,16.093,27.8,82.0,5.7
bergstrom,USW00013904,2021-08-12T04:53:00+00:00,2021-08-11T23:53:00-05:00,2021-08-11T22:53:00,FM-15,0.0,0.0,0,,16.093,26.7,82.0,6.2
bergstrom,USW00013904,2021-08-12T05:53:00+00:00,2021-08-12T00:53:00-05:00,2021-08-11T23:53:00,FM-15,0.0,0.0,0,,16.093,25.6,87.0,3.6
bergstrom,USW00013904,2021-08-12T06:53:00+00:00,2021-08-12T01:53:00-05:00,2021-08-12T00:53:00,FM-15,0.0,0.0,0,,16.093,23.9,94.0,2.6
bergstrom,USW00013904,2021-08-12T07:53:00+00:00,2021-08-12T02:53:00-05:00,2021-08-12T01:53:00,FM-15,0.0,0.0,0,,16.093,23.3,97.0,1.5
bergstrom,USW00013904,2021-08-12T08:00:00+00:00,2021-08-12T03:00:00-05:00,2021-08-12T02:00:00,FM-16,,,0,,16.093,23.9,96.0,2.1
bergstrom,USW00013904,2021-08-12T08:31:00+00:00,2021-08-12T03:31:00-05:00,2021-08-12T02:31:00,FM-16,,,0,,16.093,23.9,96.0,2.1
bergstrom,USW00013904,2021-08-12T08:53:00+00:00,2021-08-12T03:53:00-05:00,2021-08-12T02:53:00,FM-15,0.0,0.0,0,,16.093,23.3,97.0,1.5
bergstrom,USW00013904,2021-08-12T09:53:00+00:00,2021-08-12T04:53:00-05:00,2021-08-12T03:53:00,FM-15,0.0,0.0,0,,16.093,22.8,100.0,0.0
bergstrom,USW00013904,2021-08-12T10:26:00+00:00,2021-08-12T05:26:00-05:00,2021-08-12T04:26:00,FM-16,,,0,,16.093,22.8,100.0,0.0
bergstrom,USW00013904,2021-08-12T10:40:00+00:00,2021-08-12T05:40:00-05:00,2021-08-12T04:40:00,FM-16,,,0,,16.093,22.8,100.0,0.0
bergstrom,USW00013904,2021-08-12T10:53:00+00:00,2021-08-12T05:53:00-05:00,2021-08-12T04:53:00,FM-15,0.0,0.0,0,,16.093,22.8,100.0,0.0
bergstrom,USW00013904,2021-08-12T11:21:00+00:00,2021-08-12T06:21:00-05:00,2021-08-12T05:21:00,FM-16,,,0,,16.093,23.3,97.0,1.5
bergstrom,USW00013904,2021-08-12T11:53:00+00:00,2021-08-12T06:53:00-05:00,2021-08-12T05:53:00,FM-15,0.0,0.0,0,,16.093,22.8,100.0,0.0
bergstrom,USW00013904,2021-08-12T12:53:00+00:00,2021-08-12T07:53:00-05:00,2021-08-12T06:53:00,FM-15,0.0,0.0,0,,16.093,24.4,97.0,0.0
bergstrom,USW00013904,2021-08-12T13:47:00+00:00,2021-08-12T08:47:00-05:00,2021-08-12T07:47:00,FM-16,,,0,,16.093,26.0,89.0,2.6
bergstrom,USW00013904,2021-08-12T13:53:00+00:00,2021-08-12T08:53:00-05:00,2021-08-12T07:53:00,FM-15,0.0,0.0,0,,16.093,26.1,90.0,3.6
bergstrom,USW00013904,2021-08-12T14:44:00+00:00,2021-08-12T09:44:00-05:00,2021-08-12T08:44:00,FM-16,,,0,,16.093,27.2,82.0,2.6
bergstrom,USW00013904,2021-08-12T14:53:00+00:00,2021-08-12T09:53:00-05:00,2021-08-12T08:53:00,FM-15,0.0,0.0,0,,16.093,27.2,79.0,5.1
bergstrom,USW00013904,2021-08-12T15:53:00+00:00,2021-08-12T10:53:00-05:00,2021-08-12T09:53:00,FM-15,0.0,0.0,0,,16.093,30.0,65.0,6.2
bergstrom,USW00013904,2021-08-12T16:53:00+00:00,2021-08-12T11:53:00-05:00,2021-08-12T10:53:00,FM-15,0.0,0.0,0,,16.093,30.6,63.0,4.6
bergstrom,USW00013904,2021-08-12T17:53:00+00:00,2021-08-12T12:53:00-05:00,2021-08-12T11:53:00,FM-15,0.0,0.0,0,,16.093,31.7,57.0,2.1
bergstrom,USW00013904,2021-08-12T18:53:00+00:00,2021-08-12T13:53:00-05:00,2021-08-12T12:53:00,FM-15,0.0,0.0,0,,16.093,32.8,54.0,3.6
bergstrom,USW00013904,2021-08-12T19:53:00+00:00,2021-08-12T14:53:00-05:00,2021-08-12T13:53:00,FM-15,0.0,0.0,0,,16.093,33.9,49.0,5.1
bergstrom,USW00013904,2021-08-12T20:53:00+00:00,2021-08-12T15:53:00-05:00,2021-08-12T14:53:00,FM-15,0.0,0.0,0,,16.093,33.9,49.0,4.1
bergstrom,USW00013904,2021-08-12T21:53:00+00:00,2021-08-12T16:53:00-05:00,2021-08-12T15:53:00,FM-15,0.0,0.0,0,,16.093,34.4,46.0,5.7
bergstrom,USW00013904,2021-08-12T22:53:00+00:00,2021-08-12T17:53:00-05:00,2021-08-12T16:53:00,FM-15,0.0,0.0,0,,16.093,34.4,48.0,4.6
bergstrom,USW00013904,2021-08-12T23:53:00+00:00,2021-08-12T18:53:00-05:00,2021-08-12T17:53:00,FM-15,0.0,0.0,0,,16.093,33.3,47.0,6.2
bergstrom,USW00013904,2021-08-13T00:53:00+00:00,2021-08-12T19:53:00-05:00,2021-08-12T18:53:00,FM-15,0.0,0.0,0,,16.093,31.1,57.0,6.7
bergstrom,USW00013904,2021-08-13T01:53:00+00:00,2021-08-12T20:53:00-05:00,2021-08-12T19:53:00,FM-15,0.0,0.0,0,,16.093,28.9,63.0,3.6
bergstrom,USW00013904,2021-08-13T02:53:00+00:00,2021-08-12T21:53:00-05:00,2021-08-12T20:53:00,FM-15,0.0,0.0,0,,16.093,28.3,72.0,4.1
bergstrom,USW00013904,2021-08-13T03:53:00+00:00,2021-08-12T22:53:00-05:00,2021-08-12T21:53:00,FM-15,0.0,0.0,0,,16.093,26.7,82.0,3.6
bergstrom,USW00013904,2021-08-13T04:53:00+00:00,2021-08-12T23:53:00-05:00,2021-08-12T22:53:00,FM-15,0.0,0.0,0,,16.093,25.6,87.0,3.1
bergstrom,USW00013904,2021-08-13T05:53:00+00:00,2021-08-13T00:53:00-05:00,2021-08-12T23:53:00,FM-15,0.0,0.0,0,,16.093,25.0,94.0,2.6
bergstrom,USW00013904,2021-08-13T06:53:00+00:00,2021-08-13T01:53:00-05:00,2021-08-13T00:53:00,FM-15,0.0,0.0,0,,16.093,23.9,96.0,0.0
bergstrom,USW00013904,2021-08-13T07:53:00+00:00,2021-08-13T02:53:00-05:00,2021-08-13T01:53:00,FM-15,0.0,0.0,0,,16.093,23.3,97.0,0.0
bergstrom,USW00013904,2021-08-13T08:53:00+00:00,2021-08-13T03:53:00-05:00,2021-08-13T02:53:00,FM-15,0.0,0.0,0,,16.093,23.3,97.0,1.5
bergstrom,USW00013904,2021-08-13T09:53:00+00:00,2021-08-13T04:53:00-05:00,2021-08-13T03:53:00,FM-15,0.0,0.0,0,,16.093,21.1,100.0,0.0
bergstrom,USW00013904,2021-08-13T10:53:00+00:00,2021-08-13T05:53:00-05:00,2021-08-13T04:53:00,FM-15,0.0,0.0,0,,16.093,22.2,100.0,0.0
bergstrom,USW00013904,2021-08-13T11:02:00+00:00,2021-08-13T06:02:00-05:00,2021-08-13T05:02:00,FM-16,,,0,MIFG:2 ||,14.484,21.7,100.0,0.0
bergstrom,USW00013904,2021-08-13T11:39:00+00:00,2021-08-13T06:39:00-05:00,2021-08-13T05:39:00,FM-16,,,0,MIFG:2 ||,14.484,22.8,100.0,0.0
bergstrom,USW00013904,2021-08-13T11:53:00+00:00,2021-08-13T06:53:00-05:00,2021-08-13T05:53:00,FM-15,0.0,0.0,0,MIFG:2 ||,14.484,23.3,100.0,1.5
bergstrom,USW00013904,2021-08-13T12:53:00+00:00,2021-08-13T07:53:00-05:00,2021-08-13T06:53:00,FM-15,0.0,0.0,0,BCFG:2 |FG |,14.484,23.9,96.0,2.6
bergstrom,USW00013904,2021-08-13T13:53:00+00:00,2021-08-13T08:53:00-05:00,2021-08-13T07:53:00,FM-15,0.0,0.0,0,,14.484,25.0,96.0,2.6
bergstrom,USW00013904,2021-08-13T14:42:00+00:00,2021-08-13T09:42:00-05:00,2021-08-13T08:42:00,FM-16,,,0,,14.484,27.2,85.0,3.6
bergstrom,USW00013904,2021-08-13T14:53:00+00:00,2021-08-13T09:53:00-05:00,2021-08-13T08:53:00,FM-15,0.0,0.0,0,,14.484,28.3,79.0,4.1
bergstrom,USW00013904,2021-08-13T15:28:00+00:00,2021-08-13T10:28:00-05:00,2021-08-13T09:28:00,FM-16,,,0,,16.093,28.9,72.0,4.6
bergstrom,USW00013904,2021-08-13T15:51:00+00:00,2021-08-13T10:51:00-05:00,2021-08-13T09:51:00,FM-16,,,0,,16.093,29.0,70.0,5.1
bergstrom,USW00013904,2021-08-13T15:53:00+00:00,2021-08-13T10:53:00-05:00,2021-08-13T09:53:00,FM-15,0.0,0.0,0,,16.093,29.4,68.0,4.1
bergstrom,USW00013904,2021-08-13T16:53:00+00:00,2021-08-13T11:53:00-05:00,2021-08-13T10:53:00,FM-15,0.0,0.0,0,,16.093,31.1,57.0,3.1
bergstrom,USW00013904,2021-08-13T17:53:00+00:00,2021-08-13T12:53:00-05:00,2021-08-13T11:53:00,FM-15,0.0,0.0,0,,16.093,31.7,55.0,2.1
bergstrom,USW00013904,2021-08-13T18:53:00+00:00,2021-08-13T13:53:00-05:00,2021-08-13T12:53:00,FM-15,0.0,0.0,0,,16.093,33.3,49.0,2.1
bergstrom,USW00013904,2021-08-13T19:53:00+00:00,2021-08-13T14:53:00-05:00,2021-08-13T13:53:00,FM-15,0.0,0.0,0,,16.093,33.9,47.0,2.1
bergstrom,USW00013904,2021-08-13T20:53:00+00:00,2021-08-13T15:53:00-05:00,2021-08-13T14:53:00,FM-15,0.0,0.0,0,,16.093,34.4,46.0,3.1
bergstrom,USW00013904,2021-08-13T21:53:00+00:00,2021-08-13T16:53:00-05:00,2021-08-13T15:53:00,FM-15,0.0,0.0,0,,16.093,33.3,47.0,2.1
bergstrom,USW00013904,2021-08-13T22:53:00+00:00,2021-08-13T17:53:00-05:00,2021-08-13T16:53:00,FM-15,0.0,0.0,0,,16.093,32.2,54.0,3.6
bergstrom,USW00013904,2021-08-13T23:53:00+00:00,2021-08-13T18:53:00-05:00,2021-08-13T17:53:00,FM-15,0.0,0.0,0,,16.093,31.7,57.0,6.2
bergstrom,USW00013904,2021-08-14T00:53:00+00:00,2021-08-13T19:53:00-05:00,2021-08-13T18:53:00,FM-15,0.0,0.0,0,,16.093,29.4,72.0,6.2
bergstrom,USW00013904,2021-08-14T01:53:00+00:00,2021-08-13T20:53:00-05:00,2021-08-13T19:53:00,FM-15,0.0,0.0,0,,16.093,28.3,74.0,3.6
bergstrom,USW00013904,2021-08-14T02:53:00+00:00,2021-08-13T21:53:00-05:00,2021-08-13T20:53:00,FM-15,0.0,0.0,0,,16.093,26.7,82.0,2.1
bergstrom,USW00013904,2021-08-14T03:53:00+00:00,2021-08-13T22:53:00-05:00,2021-08-13T21:53:00,FM-15,0.0,0.0,0,,16.093,25.0,90.0,0.0
bergstrom,USW00013904,2021-08-14T04:53:00+00:00,2021-08-13T23:53:00-05:00,2021-08-13T22:53:00,FM-15,0.0,0.0,0,,16.093,24.4,94.0,1.5
bergstrom,USW00013904,2021-08-14T05:53:00+00:00,2021-08-14T00:53:00-05:00,2021-08-13T23:53:00,FM-15,0.0,0.0,0,,16.093,23.9,94.0,1.5
bergstrom,USW00013904,2021-08-14T06:53:00+00:00,2021-08-14T01:53:00-05:00,2021-08-14T00:53:00,FM-15,0.0,0.0,0,,16.093,23.3,94.0,0.0
bergstrom,USW00013904,2021-08-14T07:53:00+00:00,2021-08-14T02:53:00-05:00,2021-08-14T01:53:00,FM-15,0.0,0.0,0,,16.093,22.8,100.0,0.0
bergstrom,USW00013904,2021-08-14T08:53:00+00:00,2021-08-14T03:53:00-05:00,2021-08-14T02:53:00,FM-15,0.0,0.0,0,,16.093,22.2,100.0,0.0
bergstrom,USW00013904,2021-08-14T09:53:00+00:00,2021-08-14T04:53:00-05:00,2021-08-14T03:53:00,FM-15,0.0,0.0,0,,16.093,22.2,97.0,0.0
bergstrom,USW00013904,2021-08-14T10:53:00+00:00,2021-08-14T05:53:00-05:00,2021-08-14T04:53:00,FM-15,0.0,0.0,0,,14.484,21.1,100.0,1.5
bergstrom,USW00013904,2021-08-14T11:53:00+00:00,2021-08-14T06:53:00-05:00,2021-08-14T05:53:00,FM-15,0.0,0.0,0,,16.093,22.2,100.0,0.0
bergstrom,USW00013904,2021-08-14T12:53:00+00:00,2021-08-14T07:53:00-05:00,2021-08-14T06:53:00,FM-15,0.0,0.0,0,,16.093,23.3,97.0,0.0
bergstrom,USW00013904,2021-08-14T13:53:00+00:00,2021-08-14T08:53:00-05:00,2021-08-14T07:53:00,FM-15,0.0,0.0,0,,16.093,25.6,90.0,0.0
bergstrom,USW00013904,2021-08-14T14:53:00+00:00,2021-08-14T09:53:00-05:00,2021-08-14T08:53:00,FM-15,0.0,0.0,0,,16.093,28.3,77.0,2.1
bergstrom,USW00013904,2021-08-14T15:53:00+00:00,2021-08-14T10:53:00-05:00,2021-08-14T09:53:00,FM-15,0.0,0.0,0,,16.093,30.0,65.0,0.0
bergstrom,USW00013904,2021-08-14T16:53:00+00:00,2021-08-14T11:53:00-05:00,2021-08-14T10:53:00,FM-15,0.0,0.0,0,,16.093,31.1,59.0,1.5
bergstrom,USW00013904,2021-08-14T17:53:00+00:00,2021-08-14T12:53:00-05:00,2021-08-14T11:53:00,FM-15,0.0,0.0,0,,16.093,32.2,52.0,1.5
bergstrom,USW00013904,2021-08-14T18:53:00+00:00,2021-08-14T13:53:00-05:00,2021-08-14T12:53:00,FM-15,0.0,0.0,0,,16.093,33.3,51.0,2.1
bergstrom,USW00013904,2021-08-14T19:53:00+00:00,2021-08-14T14:53:00-05:00,2021-08-14T13:53:00,FM-15,0.0,0.0,0,,16.093,33.3,51.0,1.5
bergstrom,USW00013904,2021-08-14T20:53:00+00:00,2021-08-14T15:53:00-05:00,2021-08-14T14:53:00,FM-15,0.0,0.0,0,,16.093,33.9,47.0,1.5
bergstrom,USW00013904,2021-08-14T21:53:00+00:00,2021-08-14T16:53:00-05:00,2021-08-14T15:53:00,FM-15,0.0,0.0,0,,16.093,33.9,47.0,1.5
bergstrom,USW00013904,2021-08-14T22:53:00+00:00,2021-08-14T17:53:00-05:00,2021-08-14T16:53:00,FM-15,0.0,0.0,0,,16.093,33.3,49.0,2.1
bergstrom,USW00013904,2021-08-14T23:53:00+00:00,2021-08-14T18:53:00-05:00,2021-08-14T17:53:00,FM-15,0.0,0.0,0,,16.093,32.8,52.0,2.6
bergstrom,USW00013904,2021-08-15T00:53:00+00:00,2021-08-14T19:53:00-05:00,2021-08-14T18:53:00,FM-15,0.0,0.0,0,,16.093,31.1,59.0,2.1
bergstrom,USW00013904,2021-08-15T01:53:00+00:00,2021-08-14T20:53:00-05:00,2021-08-14T19:53:00,FM-15,0.0,0.0,0,,16.093,26.7,82.0,0.0
bergstrom,USW00013904,2021-08-15T02:53:00+00:00,2021-08-14T21:53:00-05:00,2021-08-14T20:53:00,FM-15,0.0,0.0,0,,16.093,27.8,69.0,5.1
bergstrom,USW00013904,2021-08-15T03:53:00+00:00,2021-08-14T22:53:00-05:00,2021-08-14T21:53:00,FM-15,0.0,0.0,0,,16.093,26.7,74.0,3.6
bergstrom,USW00013904,2021-08-15T04:53:00+00:00,2021-08-14T23:53:00-05:00,2021-08-14T22:53:00,FM-15,0.0,0.0,0,,16.093,26.1,79.0,2.6
bergstrom,USW00013904,2021-08-15T05:53:00+00:00,2021-08-15T00:53:00-05:00,2021-08-14T23:53:00,FM-15,0.0,0.0,0,,16.093,23.9,90.0,2.1
bergstrom,USW00013904,2021-08-15T06:53:00+00:00,2021-08-15T01:53:00-05:00,2021-08-15T00:53:00,FM-15,0.0,0.0,0,,16.093,24.4,88.0,1.5
bergstrom,USW00013904,2021-08-15T07:53:00+00:00,2021-08-15T02:53:00-05:00,2021-08-15T01:53:00,FM-15,,T,1,,16.093,23.3,94.0,0.0
bergstrom,USW00013904,2021-08-15T08:53:00+00:00,2021-08-15T03:53:00-05:00,2021-08-15T02:53:00,FM-15,0.0,0.0,0,,16.093,22.8,96.0,0.0
bergstrom,USW00013904,2021-08-15T09:53:00+00:00,2021-08-15T04:53:00-05:00,2021-08-15T03:53:00,FM-15,0.0,0.0,0,,16.093,22.8,100.0,0.0
bergstrom,USW00013904,2021-08-15T10:53:00+00:00,2021-08-15T05:53:00-05:00,2021-08-15T04:53:00,FM-15,0.0,0.0,0,,16.093,22.8,96.0,0.0
bergstrom,USW00013904,2021-08-15T11:53:00+00:00,2021-08-15T06:53:00-05:00,2021-08-15T05:53:00,FM-15,0.0,0.0,0,,14.484,22.2,100.0,0.0
bergstrom,USW00013904,2021-08-15T12:53:00+00:00,2021-08-15T07:53:00-05:00,2021-08-15T06:53:00,FM-15,0.0,0.0,0,,16.093,23.9,96.0,0.0
bergstrom,USW00013904,2021-08-15T13:53:00+00:00,2021-08-15T08:53:00-05:00,2021-08-15T07:53:00,FM-15,0.0,0.0,0,,16.093,27.2,82.0,0.0
bergstrom,USW00013904,2021-08-15T14:53:00+00:00,2021-08-15T09:53:00-05:00,2021-08-15T08:53:00,FM-15,0.0,0.0,0,,16.093,28.9,72.0,2.1
bergstrom,USW00013904,2021-08-15T15:53:00+00:00,2021-08-15T10:53:00-05:00,2021-08-15T09:53:00,FM-15,0.0,0.0,0,,16.093,30.6,63.0,2.6
bergstrom,USW00013904,2021-08-15T16:53:00+00:00,2021-08-15T11:53:00-05:00,2021-08-15T10:53:00,FM-15,0.0,0.0,0,,16.093,31.7,55.0,2.1
bergstrom,USW00013904,2021-08-15T17:36:00+00:00,2021-08-15T12:36:00-05:00,2021-08-15T11:36:00,FM-16,,,0,,16.093,31.7,57.0,1.5
bergstrom,USW00013904,2021-08-15T17:53:00+00:00,2021-08-15T12:53:00-05:00,2021-08-15T11:53:00,FM-15,0.0,0.0,0,,16.093,32.2,56.0,0.0
bergstrom,USW00013904,2021-08-15T18:41:00+00:00,2021-08-15T13:41:00-05:00,2021-08-15T12:41:00,FM-16,,,1,TS RA:02 BR:1 |TS RA BR |RA,3.219,25.6,82.0,12.9
bergstrom,USW00013904,2021-08-15T18:49:00+00:00,2021-08-15T13:49:00-05:00,2021-08-15T12:49:00,FM-16,,,1,TS +RA:02 BR:1 |TS RA BR |RA,1.609,23.0,100.0,14.4
bergstrom,USW00013904,2021-08-15T18:50:00+00:00,2021-08-15T13:50:00-05:00,2021-08-15T12:50:00,FM-15,14.0,14.0,1,TS +RA:02 BR:1 |TS RA BR |RA,1.609,23.0,100.0,14.9
bergstrom,USW00013904,2021-08-15T18:55:00+00:00,2021-08-15T13:55:00-05:00,2021-08-15T12:55:00,FM-16,,,1,TS +RA:02 BR:1 |TS RA BR |RA,1.609,22.2,97.0,11.8
bergstrom,USW00013904,2021-08-15T19:01:00+00:00,2021-08-15T14:01:00-05:00,2021-08-15T13:01:00,FM-16,,,1,TS +RA:02 BR:1 |TS s RA s BR s |RA s,0.805,22.2,97.0,9.8
bergstrom,USW00013904,2021-08-15T19:17:00+00:00,2021-08-15T14:17:00-05:00,2021-08-15T13:17:00,FM-16,,,1,TS RA:02 BR:1 |TS RA BR |RA,2.414,22.8,100.0,4.6
bergstrom,USW00013904,2021-08-15T19:41:00+00:00,2021-08-15T14:41:00-05:00,2021-08-15T13:41:00,FM-16,,,1,TS -RA:02 BR:1 |TS RA BR |RA,8.047,22.8,100.0,2.6
bergstrom,USW00013904,2021-08-15T19:53:00+00:00,2021-08-15T14:53:00-05:00,2021-08-15T13:53:00,FM-15,19.0,19.0,1,TS -RA:02 BR:1 |TS RA BR |RA,9.656,22.8,100.0,2.1
bergstrom,USW00013904,2021-08-15T20:53:00+00:00,2021-08-15T15:53:00-05:00,2021-08-15T14:53:00,FM-15,2.5,2.5,1,TS -RA:02 BR:1 |TS RA BR |RA,6.437,23.3,97.0,1.5
bergstrom,USW00013904,2021-08-15T21:53:00+00:00,2021-08-15T16:53:00-05:00,2021-08-15T15:53:00,FM-15,2.3,2.3,1,-RA:02 BR:1 |RA BR |RA,9.656,22.8,96.0,1.5
bergstrom,USW00013904,2021-08-15T22:53:00+00:00,2021-08-15T17:53:00-05:00,2021-08-15T16:53:00,FM-15,0.3,0.3,1,-RA:02 BR:1 |RA BR |RA,9.656,23.3,97.0,4.1
bergstrom,USW00013904,2021-08-15T23:53:00+00:00,2021-08-15T18:53:00-05:00,2021-08-15T17:53:00,FM-15,,T,1,,16.093,23.3,94.0,0.0
bergstrom,USW00013904,2021-08-16T00:53:00+00:00,2021-08-15T19:53:00-05:00,2021-08-15T18:53:00,FM-15,0.0,0.0,0,,16.093,23.3,97.0,2.1
bergstrom,USW00013904,2021-08-16T01:53:00+00:00,2021-08-15T20:53:00-05:00,2021-08-15T19:53:00,FM-15,0.0,0.0,0,,16.093,22.8,100.0,1.5
bergstrom,USW00013904,2021-08-16T02:53:00+00:00,2021-08-15T21:53:00-05:00,2021-08-15T20:53:00,FM-15,0.0,0.0,0,,14.484,22.2,100.0,2.1
bergstrom,USW00013904,2021-08-16T03:53:00+00:00,2021-08-15T22:53:00-05:00,2021-08-15T21:53:00,FM-15,0.0,0.0,0,,16.093,21.7,100.0,0.0
bergstrom,USW00013904,2021-08-16T04:53:00+00:00,2021-08-15T23:53:00-05:00,2021-08-15T22:53:00,FM-15,0.0,0.0,0,,12.875,21.1,100.0,1.5
bergstrom,USW00013904,2021-08-16T05:53:00+00:00,2021-08-16T00:53:00-05:00,2021-08-15T23:53:00,FM-15,0.0,0.0,0,,16.093,22.2,100.0,3.1
bergstrom,USW00013904,2021-08-16T06:53:00+00:00,2021-08-16T01:53:00-05:00,2021-08-16T00:53:00,FM-15,0.0,0.0,0,,16.093,22.2,100.0,0.0
bergstrom,USW00013904,2021-08-16T07:53:00+00:00,2021-08-16T02:53:00-05:00,2021-08-16T01:53:00,FM-15,0.0,0.0,0,,16.093,21.7,100.0,0.0
bergstrom,USW00013904,2021-08-16T08:53:00+00:00,2021-08-16T03:53:00-05:00,2021-08-16T02:53:00,FM-15,0.0,0.0,0,,12.875,21.1,100.0,0.0
bergstrom,USW00013904,2021-08-16T09:53:00+00:00,2021-08-16T04:53:00-05:00,2021-08-16T03:53:00,FM-15,0.0,0.0,0,,12.875,21.1,100.0,0.0
bergstrom,USW00013904,2021-08-16T10:53:00+00:00,2021-08-16T05:53:00-05:00,2021-08-16T04:53:00,FM-15,0.0,0.0,0,,12.875,21.1,100.0,2.1
bergstrom,USW00013904,2021-08-16T11:53:00+00:00,2021-08-16T06:53:00-05:00,2021-08-16T05:53:00,FM-15,0.0,0.0,0,,16.093,21.1,100.0,1.5
bergstrom,USW00013904,2021-08-16T12:53:00+00:00,2021-08-16T07:53:00-05:00,2021-08-16T06:53:00,FM-15,0.0,0.0,0,,16.093,22.2,97.0,0.0
bergstrom,USW00013904,2021-08-16T13:53:00+00:00,2021-08-16T08:53:00-05:00,2021-08-16T07:53:00,FM-15,0.0,0.0,0,,16.093,23.9,90.0,1.5
bergstrom,USW00013904,2021-08-16T14:53:00+00:00,2021-08-16T09:53:00-05:00,2021-08-16T08:53:00,FM-15,0.0,0.0,0,,16.093,25.6,85.0,0.0
bergstrom,USW00013904,2021-08-16T15:53:00+00:00,2021-08-16T10:53:00-05:00,2021-08-16T09:53:00,FM-15,0.0,0.0,0,,16.093,27.8,72.0,0.0
bergstrom,USW00013904,2021-08-16T16:53:00+00:00,2021-08-16T11:53:00-05:00,2021-08-16T10:53:00,FM-15,0.0,0.0,0,,16.093,29.4,65.0,0.0
bergstrom,USW00013904,2021-08-16T17:53:00+00:00,2021-08-16T12:53:00-05:00,2021-08-16T11:53:00,FM-15,0.0,0.0,0,,16.093,30.0,61.0,2.1
bergstrom,USW00013904,2021-08-16T18:53:00+00:00,2021-08-16T13:53:00-05:00,2021-08-16T12:53:00,FM-15,0.0,0.0,0,,16.093,31.1,57.0,1.5
bergstrom,USW00013904,2021-08-16T19:53:00+00:00,2021-08-16T14:53:00-05:00,2021-08-16T13:53:00,FM-15,0.0,0.0,0,,16.093,32.2,52.0,1.5
bergstrom,USW00013904,2021-08-16T20:53:00+00:00,2021-08-16T15:53:00-05:00,2021-08-16T14:53:00,FM-15,0.0,0.0,0,,16.093,31.7,53.0,2.1
bergstrom,USW00013904,2021-08-16T21:53:00+00:00,2021-08-16T16:53:00-05:00,2021-08-16T15:53:00,FM-15,0.0,0.0,0,,16.093,32.8,50.0,2.1
bergstrom,USW00013904,2021-08-16T22:53:00+00:00,2021-08-16T17:53:00-05:00,2021-08-16T16:53:00,FM-15,0.0,0.0,0,,16.093,32.8,50.0,2.1
bergstrom,USW00013904,2021-08-16T23:53:00+00:00,2021-08-16T18:53:00-05:00,2021-08-16T17:53:00,FM-15,0.0,0.0,0,,16.093,32.8,50.0,3.6
bergstrom,USW00013904,2021-08-17T00:53:00+00:00,2021-08-16T19:53:00-05:00,2021-08-16T18:53:00,FM-15,0.0,0.0,0,,16.093,31.1,54.0,2.6
bergstrom,USW00013904,2021-08-17T01:53:00+00:00,2021-08-16T20:53:00-05:00,2021-08-16T19:53:00,FM-15,0.0,0.0,0,,16.093,27.2,74.0,2.6
bergstrom,USW00013904,2021-08-17T02:53:00+00:00,2021-08-16T21:53:00-05:00,2021-08-16T20:53:00,FM-15,0.0,0.0,0,,16.093,26.1,82.0,0.0
bergstrom,USW00013904,2021-08-17T03:53:00+00:00,2021-08-16T22:53:00-05:00,2021-08-16T21:53:00,FM-15,0.0,0.0,0,,16.093,26.7,79.0,3.6
bergstrom,USW00013904,2021-08-17T04:53:00+00:00,2021-08-16T23:53:00-05:00,2021-08-16T22:53:00,FM-15,0.0,0.0,0,,16.093,25.0,88.0,2.1
bergstrom,USW00013904,2021-08-17T05:53:00+00:00,2021-08-17T00:53:00-05:00,2021-08-16T23:53:00,FM-15,0.0,0.0,0,,16.093,23.9,94.0,2.1
bergstrom,USW00013904,2021-08-17T06:53:00+00:00,2021-08-17T01:53:00-05:00,2021-08-17T00:53:00,FM-15,0.0,0.0,0,,16.093,23.9,94.0,1.5
bergstrom,USW00013904,2021-08-17T07:53:00+00:00,2021-08-17T02:53:00-05:00,2021-08-17T01:53:00,FM-15,0.0,0.0,0,,16.093,23.3,97.0,1.5
bergstrom,USW00013904,2021-08-17T08:53:00+00:00,2021-08-17T03:53:00-05:00,2021-08-17T02:53:00,FM-15,0.0,0.0,0,,16.093,23.3,97.0,0.0
bergstrom,USW00013904,2021-08-17T09:53:00+00:00,2021-08-17T04:53:00-05:00,2021-08-17T03:53:00,FM-15,0.0,0.0,0,,16.093,22.8,96.0,0.0
bergstrom,USW00013904,2021-08-17T10:53:00+00:00,2021-08-17T05:53:00-05:00,2021-08-17T04:53:00,FM-15,0.0,0.0,0,,16.093,22.2,97.0,0.0
bergstrom,USW00013904,2021-08-17T11:53:00+00:00,2021-08-17T06:53:00-05:00,2021-08-17T05:53:00,FM-15,0.0,0.0,0,,16.093,22.8,96.0,1.5
bergstrom,USW00013904,2021-08-17T12:53:00+00:00,2021-08-17T07:53:00-05:00,2021-08-17T06:53:00,FM-15,0.0,0.0,0,,16.093,23.3,97.0,0.0
bergstrom,USW00013904,2021-08-17T13:53:00+00:00,2021-08-17T08:53:00-05:00,2021-08-17T07:53:00,FM-15,0.0,0.0,0,,16.093,25.6,90.0,2.1
bergstrom,USW00013904,2021-08-17T14:53:00+00:00,2021-08-17T09:53:00-05:00,2021-08-17T08:53:00,FM-15,0.0,0.0,0,,16.093,27.2,85.0,4.6
bergstrom,USW00013904,2021-08-17T15:00:00+00:00,2021-08-17T10:00:00-05:00,2021-08-17T09:00:00,FM-16,,,0,,16.093,27.8,82.0,4.1
bergstrom,USW00013904,2021-08-17T15:10:00+00:00,2021-08-17T10:10:00-05:00,2021-08-17T09:10:00,FM-16,,,0,,16.093,27.8,82.0,5.1
bergstrom,USW00013904,2021-08-17T15:53:00+00:00,2021-08-17T10:53:00-05:00,2021-08-17T09:53:00,FM-15,0.0,0.0,0,,16.093,28.3,74.0,3.6
bergstrom,USW00013904,2021-08-17T16:53:00+00:00,2021-08-17T11:53:00-05:00,2021-08-17T10:53:00,FM-15,0.0,0.0,0,,16.093,31.1,63.0,3.6
bergstrom,USW00013904,2021-08-17T17:53:00+00:00,2021-08-17T12:53:00-05:00,2021-08-17T11:53:00,FM-15,0.0,0.0,0,,16.093,31.7,55.0,4.1
bergstrom,USW00013904,2021-08-17T18:53:00+00:00,2021-08-17T13:53:00-05:00,2021-08-17T12:53:00,FM-15,0.0,0.0,0,,16.093,31.7,57.0,3.6
bergstrom,USW00013904,2021-08-17T19:53:00+00:00,2021-08-17T14:53:00-05:00,2021-08-17T13:53:00,FM-15,0.0,0.0,0,,16.093,32.8,54.0,4.6
bergstrom,USW00013904,2021-08-17T20:53:00+00:00,2021-08-17T15:53:00-05:00,2021-08-17T14:53:00,FM-15,0.0,0.0,0,,16.093,32.2,56.0,4.1
bergstrom,USW00013904,2021-08-17T21:53:00+00:00,2021-08-17T16:53:00-05:00,2021-08-17T15:53:00,FM-15,0.0,0.0,0,,16.093,32.2,56.0,3.6
bergstrom,USW00013904,2021-08-17T22:53:00+00:00,2021-08-17T17:53:00-05:00,2021-08-17T16:53:00,FM-15,0.0,0.0,0,,16.093,29.4,68.0,5.7
bergstrom,USW00013904,2021-08-17T23:53:00+00:00,2021-08-17T18:53:00-05:00,2021-08-17T17:53:00,FM-15,0.0,0.0,0,,16.093,28.9,70.0,2.1
bergstrom,USW00013904,2021-08-18T00:53:00+00:00,2021-08-17T19:53:00-05:00,2021-08-17T18:53:00,FM-15,6.6,6.6,1,||RA,11.265,26.1,85.0,2.1
bergstrom,USW00013904,2021-08-18T01:53:00+00:00,2021-08-17T20:53:00-05:00,2021-08-17T19:53:00,FM-15,,T,1,,16.093,25.6,97.0,0.0
bergstrom,USW00013904,2021-08-18T02:53:00+00:00,2021-08-17T21:53:00-05:00,2021-08-17T20:53:00,FM-15,0.0,0.0,0,,16.093,26.1,94.0,1.5
bergstrom,USW00013904,2021-08-18T03:53:00+00:00,2021-08-17T22:53:00-05:00,2021-08-17T21:53:00,FM-15,0.0,0.0,0,,16.093,25.6,90.0,2.6
bergstrom,USW00013904,2021-08-18T04:53:00+00:00,2021-08-17T23:53:00-05:00,2021-08-17T22:53:00,FM-15,0.0,0.0,0,,16.093,25.0,94.0,2.6
bergstrom,USW00013904,2021-08-18T05:53:00+00:00,2021-08-18T00:53:00-05:00,2021-08-17T23:53:00,FM-15,0.0,0.0,0,,16.093,25.0,94.0,2.6
bergstrom,USW00013904,2021-08-18T06:53:00+00:00,2021-08-18T01:53:00-05:00,2021-08-18T00:53:00,FM-15,0.0,0.0,0,,16.093,24.4,97.0,0.0
bergstrom,USW00013904,2021-08-18T07:53:00+00:00,2021-08-18T02:53:00-05:00,2021-08-18T01:53:00,FM-15,0.0,0.0,0,,16.093,24.4,97.0,1.5
bergstrom,USW00013904,2021-08-18T08:13:00+00:00,2021-08-18T03:13:00-05:00,2021-08-18T02:13:00,FM-16,,,0,,16.093,24.4,100.0,0.0
bergstrom,USW00013904,2021-08-18T08:51:00+00:00,2021-08-18T03:51:00-05:00,2021-08-18T02:51:00,FM-16,,,0,,16.093,25.0,94.0,1.5
bergstrom,USW00013904,2021-08-18T08:53:00+00:00,2021-08-18T03:53:00-05:00,2021-08-18T02:53:00,FM-15,0.0,0.0,0,,16.093,25.0,96.0,1.5
bergstrom,USW00013904,2021-08-18T09:15:00+00:00,2021-08-18T04:15:00-05:00,2021-08-18T03:15:00,FM-16,,,0,,16.093,25.0,96.0,0.0
bergstrom,USW00013904,2021-08-18T09:51:00+00:00,2021-08-18T04:51:00-05:00,2021-08-18T03:51:00,FM-16,,,0,,16.093,26.0,89.0,1.5
bergstrom,USW00013904,2021-08-18T09:53:00+00:00,2021-08-18T04:53:00-05:00,2021-08-18T03:53:00,FM-15,0.0,0.0,0,,16.093,25.0,96.0,1.5
bergstrom,USW00013904,2021-08-18T10:53:00+00:00,2021-08-18T05:53:00-05:00,2021-08-18T04:53:00,FM-15,0.0,0.0,0,,16.093,25.0,96.0,0.0
bergstrom,USW00013904,2021-08-18T11:24:00+00:00,2021-08-18T06:24:00-05:00,2021-08-18T05:24:00,FM-16,,,0,,16.093,25.0,96.0,2.1
bergstrom,USW00013904,2021-08-18T11:53:00+00:00,2021-08-18T06:53:00-05:00,2021-08-18T05:53:00,FM-15,0.0,0.0,0,,16.093,25.0,96.0,2.1
bergstrom,USW00013904,2021-08-18T12:21:00+00:00,2021-08-18T07:21:00-05:00,2021-08-18T06:21:00,FM-16,,,0,,16.093,25.0,96.0,2.1
bergstrom,USW00013904,2021-08-18T12:53:00+00:00,2021-08-18T07:53:00-05:00,2021-08-18T06:53:00,FM-15,0.0,0.0,0,,16.093,25.0,96.0,2.6
bergstrom,USW00013904,2021-08-18T13:41:00+00:00,2021-08-18T08:41:00-05:00,2021-08-18T07:41:00,FM-16,,,0,,16.093,26.1,94.0,3.6
bergstrom,USW00013904,2021-08-18T13:53:00+00:00,2021-08-18T08:53:00-05:00,2021-08-18T07:53:00,FM-15,0.0,0.0,0,,16.093,26.1,94.0,3.6
bergstrom,USW00013904,2021-08-18T14:22:00+00:00,2021-08-18T09:22:00-05:00,2021-08-18T08:22:00,FM-16,,,0,,16.093,26.7,94.0,2.6
bergstrom,USW00013904,2021-08-18T14:51:00+00:00,2021-08-18T09:51:00-05:00,2021-08-18T08:51:00,FM-16,,,0,,16.093,27.0,94.0,5.7
bergstrom,USW00013904,2021-08-18T14:53:00+00:00,2021-08-18T09:53:00-05:00,2021-08-18T08:53:00,FM-15,0.0,0.0,0,,16.093,27.2,91.0,5.1
bergstrom,USW00013904,2021-08-18T15:53:00+00:00,2021-08-18T10:53:00-05:00,2021-08-18T09:53:00,FM-15,0.0,0.0,0,,16.093,27.8,85.0,5.1
bergstrom,USW00013904,2021-08-18T16:53:00+00:00,2021-08-18T11:53:00-05:00,2021-08-18T10:53:00,FM-15,0.0,0.0,0,,16.093,29.4,77.0,3.6
bergstrom,USW00013904,2021-08-18T17:53:00+00:00,2021-08-18T12:53:00-05:00,2021-08-18T11:53:00,FM-15,0.0,0.0,0,,16.093,31.7,63.0,6.2
bergstrom,USW00013904,2021-08-18T18:53:00+00:00,2021-08-18T13:53:00-05:00,2021-08-18T12:53:00,FM-15,0.0,0.0,0,,16.093,32.8,59.0,4.6
bergstrom,USW00013904,2021-08-18T19:53:00+00:00,2021-08-18T14:53:00-05:00,2021-08-18T13:53:00,FM-15,0.0,0.0,0,,16.093,32.2,62.0,4.6
bergstrom,USW00013904,2021-08-18T20:53:00+00:00,2021-08-18T15:53:00-05:00,2021-08-18T14:53:00,FM-15,0.0,0.0,0,,16.093,30.6,70.0,7.7
bergstrom,USW00013904,2021-08-18T21:53:00+00:00,2021-08-18T16:53:00-05:00,2021-08-18T15:53:00,FM-15,0.0,0.0,0,,16.093,30.0,70.0,6.2
bergstrom,USW00013904,2021-08-18T22:53:00+00:00,2021-08-18T17:53:00-05:00,2021-08-18T16:53:00,FM-15,0.0,0.0,0,,16.093,30.0,77.0,6.2
bergstrom,USW00013904,2021-08-18T23:53:00+00:00,2021-08-18T18:53:00-05:00,2021-08-18T17:53:00,FM-15,0.0,0.0,0,,14.484,29.4,80.0,6.2
bergstrom,USW00013904,2021-08-19T00:53:00+00:00,2021-08-18T19:53:00-05:00,2021-08-18T18:53:00,FM-15,0.0,0.0,0,,16.093,28.9,82.0,5.1
bergstrom,USW00013904,2021-08-19T01:46:00+00:00,2021-08-18T20:46:00-05:00,2021-08-18T19:46:00,FM-16,,,1,TS |TS |,16.093,28.3,85.0,3.6
bergstrom,USW00013904,2021-08-19T01:53:00+00:00,2021-08-18T20:53:00-05:00,2021-08-18T19:53:00,FM-15,0.0,0.0,1,TS |TS |,16.093,28.3,85.0,3.1
bergstrom,USW00013904,2021-08-19T02:24:00+00:00,2021-08-18T21:24:00-05:00,2021-08-18T20:24:00,FM-16,,,0,,16.093,28.3,85.0,3.6
bergstrom,USW00013904,2021-08-19T02:53:00+00:00,2021-08-18T21:53:00-05:00,2021-08-18T20:53:00,FM-15,0.0,0.0,0,,16.093,27.8,88.0,3.1
bergstrom,USW00013904,2021-08-19T03:53:00+00:00,2021-08-18T22:53:00-05:00,2021-08-18T21:53:00,FM-15,0.0,0.0,0,,16.093,27.8,88.0,3.6
bergstrom,USW00013904,2021-08-19T04:34:00+00:00,2021-08-18T23:34:00-05:00,2021-08-18T22:34:00,FM-16,,,0,,14.484,27.2,91.0,4.6
bergstrom,USW00013904,2021-08-19T04:49:00+00:00,2021-08-18T23:49:00-05:00,2021-08-18T22:49:00,FM-16,,,0,,14.484,27.0,94.0,3.6
bergstrom,USW00013904,2021-08-19T04:53:00+00:00,2021-08-18T23:53:00-05:00,2021-08-18T22:53:00,FM-15,0.0,0.0,0,,14.484,27.2,91.0,3.6
bergstrom,USW00013904,2021-08-19T05:32:00+00:00,2021-08-19T00:32:00-05:00,2021-08-18T23:32:00,FM-16,,,1,-RA:02 |RA |RA,16.093,26.7,94.0,4.6
bergstrom,USW00013904,2021-08-19T05:53:00+00:00,2021-08-19T00:53:00-05:00,2021-08-18T23:53:00,FM-15,,T,1,,14.484,27.2,91.0,4.1
bergstrom,USW00013904,2021-08-19T06:53:00+00:00,2021-08-19T01:53:00-05:00,2021-08-19T00:53:00,FM-15,0.0,0.0,0,,16.093,26.7,94.0,3.6
bergstrom,USW00013904,2021-08-19T07:24:00+00:00,2021-08-19T02:24:00-05:00,2021-08-19T01:24:00,FM-16,,,0,,14.484,26.7,94.0,3.1
bergstrom,USW00013904,2021-08-19T07:53:00+00:00,2021-08-19T02:53:00-05:00,2021-08-19T01:53:00,FM-15,0.0,0.0,0,,14.484,26.7,94.0,2.6
bergstrom,USW00013904,2021-08-19T08:53:00+00:00,2021-08-19T03:53:00-05:00,2021-08-19T02:53:00,FM-15,0.0,0.0,0,,16.093,26.7,94.0,3.6
bergstrom,USW00013904,2021-08-19T09:19:00+00:00,2021-08-19T04:19:00-05:00,2021-08-19T03:19:00,FM-16,,,0,,16.093,26.1,94.0,4.1
bergstrom,USW00013904,2021-08-19T09:53:00+00:00,2021-08-19T04:53:00-05:00,2021-08-19T03:53:00,FM-15,0.0,0.0,0,,16.093,26.1,94.0,4.1
bergstrom,USW00013904,2021-08-19T10:53:00+00:00,2021-08-19T05:53:00-05:00,2021-08-19T04:53:00,FM-15,0.0,0.0,0,,16.093,26.1,94.0,4.6
bergstrom,USW00013904,2021-08-19T11:53:00+00:00,2021-08-19T06:53:00-05:00,2021-08-19T05:53:00,FM-15,0.0,0.0,0,,16.093,25.6,97.0,4.1
bergstrom,USW00013904,2021-08-19T12:53:00+00:00,2021-08-19T07:53:00-05:00,2021-08-19T06:53:00,FM-15,0.0,0.0,0,,16.093,25.6,97.0,4.6
bergstrom,USW00013904,2021-08-19T13:38:00+00:00,2021-08-19T08:38:00-05:00,2021-08-19T07:38:00,FM-16,,,0,,16.093,26.1,94.0,5.7
bergstrom,USW00013904,2021-08-19T13:53:00+00:00,2021-08-19T08:53:00-05:00,2021-08-19T07:53:00,FM-15,0.0,0.0,0,,16.093,26.7,90.0,4.6
bergstrom,USW00013904,2021-08-19T14:51:00+00:00,2021-08-19T09:51:00-05:00,2021-08-19T08:51:00,FM-16,,,0,,16.093,28.0,79.0,6.2
bergstrom,USW00013904,2021-08-19T14:53:00+00:00,2021-08-19T09:53:00-05:00,2021-08-19T08:53:00,FM-15,0.0,0.0,0,,16.093,27.8,77.0,6.7
bergstrom,USW00013904,2021-08-19T15:53:00+00:00,2021-08-19T10:53:00-05:00,2021-08-19T09:53:00,FM-15,0.0,0.0,0,,16.093,28.9,70.0,6.7
bergstrom,USW00013904,2021-08-19T16:53:00+00:00,2021-08-19T11:53:00-05:00,2021-08-19T10:53:00,FM-15,0.0,0.0,0,,16.093,31.7,57.0,7.2
bergstrom,USW00013904,2021-08-19T17:53:00+00:00,2021-08-19T12:53:00-05:00,2021-08-19T11:53:00,FM-15,0.0,0.0,0,,16.093,32.8,54.0,5.7
bergstrom,USW00013904,2021-08-19T18:53:00+00:00,2021-08-19T13:53:00-05:00,2021-08-19T12:53:00,FM-15,0.0,0.0,0,,16.093,33.3,52.0,6.2
bergstrom,USW00013904,2021-08-19T19:53:00+00:00,2021-08-19T14:53:00-05:00,2021-08-19T13:53:00,FM-15,0.0,0.0,0,,16.093,33.9,49.0,5.1
bergstrom,USW00013904,2021-08-19T20:53:00+00:00,2021-08-19T15:53:00-05:00,2021-08-19T14:53:00,FM-15,0.0,0.0,0,,16.093,33.9,49.0,5.7
bergstrom,USW00013904,2021-08-19T21:53:00+00:00,2021-08-19T16:53:00-05:00,2021-08-19T15:53:00,FM-15,0.0,0.0,0,,16.093,33.9,49.0,6.2
bergstrom,USW00013904,2021-08-19T22:53:00+00:00,2021-08-19T17:53:00-05:00,2021-08-19T16:53:00,FM-15,0.0,0.0,0,,16.093,33.9,49.0,6.2
bergstrom,USW00013904,2021-08-19T23:53:00+00:00,2021-08-19T18:53:00-05:00,2021-08-19T17:53:00,FM-15,0.0,0.0,0,,16.093,32.8,52.0,7.2
bergstrom,USW00013904,2021-08-20T00:53:00+00:00,2021-08-19T19:53:00-05:00,2021-08-19T18:53:00,FM-15,0.0,0.0,0,,16.093,31.1,57.0,4.6
bergstrom,USW00013904,2021-08-20T01:53:00+00:00,2021-08-19T20:53:00-05:00,2021-08-19T19:53:00,FM-15,0.0,0.0,0,,16.093,29.4,65.0,5.1
bergstrom,USW00013904,2021-08-20T02:53:00+00:00,2021-08-19T21:53:00-05:00,2021-08-19T20:53:00,FM-15,0.0,0.0,0,,16.093,28.3,67.0,4.6
bergstrom,USW00013904,2021-08-20T03:53:00+00:00,2021-08-19T22:53:00-05:00,2021-08-19T21:53:00,FM-15,0.0,0.0,0,,16.093,26.7,71.0,4.6
bergstrom,USW00013904,2021-08-20T04:53:00+00:00,2021-08-19T23:53:00-05:00,2021-08-19T22:53:00,FM-15,0.0,0.0,0,,16.093,25.0,82.0,2.6
bergstrom,USW00013904,2021-08-20T05:53:00+00:00,2021-08-20T00:53:00-05:00,2021-08-19T23:53:00,FM-15,0.0,0.0,0,,16.093,23.3,94.0,2.1
bergstrom,USW00013904,2021-08-20T06:53:00+00:00,2021-08-20T01:53:00-05:00,2021-08-20T00:53:00,FM-15,0.0,0.0,0,,16.093,22.8,96.0,2.6
bergstrom,USW00013904,2021-08-20T07:53:00+00:00,2021-08-20T02:53:00-05:00,2021-08-20T01:53:00,FM-15,0.0,0.0,0,,16.093,23.3,97.0,2.6
bergstrom,USW00013904,2021-08-20T08:53:00+00:00,2021-08-20T03:53:00-05:00,2021-08-20T02:53:00,FM-15,0.0,0.0,0,,16.093,22.8,100.0,2.1
bergstrom,USW00013904,2021-08-20T09:10:00+00:00,2021-08-20T04:10:00-05:00,2021-08-20T03:10:00,FM-16,,,0,,16.093,23.3,100.0,2.1
bergstrom,USW00013904,2021-08-20T09:45:00+00:00,2021-08-20T04:45:00-05:00,2021-08-20T03:45:00,FM-16,,,0,,16.093,23.3,100.0,2.1
bergstrom,USW00013904,2021-08-20T09:53:00+00:00,2021-08-20T04:53:00-05:00,2021-08-20T03:53:00,FM-15,0.0,0.0,0,,16.093,23.3,100.0,2.1
bergstrom,USW00013904,2021-08-20T10:51:00+00:00,2021-08-20T05:51:00-05:00,2021-08-20T04:51:00,FM-16,,,0,,14.484,23.0,100.0,2.6
bergstrom,USW00013904,2021-08-20T10:53:00+00:00,2021-08-20T05:53:00-05:00,2021-08-20T04:53:00,FM-15,0.0,0.0,0,,14.484,23.3,100.0,2.1
bergstrom,USW00013904,2021-08-20T11:53:00+00:00,2021-08-20T06:53:00-05:00,2021-08-20T05:53:00,FM-15,0.0,0.0,0,,16.093,24.4,97.0,2.6
bergstrom,USW00013904,2021-08-20T12:31:00+00:00,2021-08-20T07:31:00-05:00,2021-08-20T06:31:00,FM-16,,,0,,16.093,24.4,100.0,1.5
bergstrom,USW00013904,2021-08-20T12:53:00+00:00,2021-08-20T07:53:00-05:00,2021-08-20T06:53:00,FM-15,0.0,0.0,0,,16.093,25.0,96.0,2.1
bergstrom,USW00013904,2021-08-20T13:16:00+00:00,2021-08-20T08:16:00-05:00,2021-08-20T07:16:00,FM-16,,,0,,16.093,25.0,96.0,3.1
bergstrom,USW00013904,2021-08-20T13:51:00+00:00,2021-08-20T08:51:00-05:00,2021-08-20T07:51:00,FM-16,,,0,,16.093,26.0,94.0,3.6
bergstrom,USW00013904,2021-08-20T13:53:00+00:00,2021-08-20T08:53:00-05:00,2021-08-20T07:53:00,FM-15,0.0,0.0,0,,16.093,25.6,97.0,5.1
bergstrom,USW00013904,2021-08-20T14:53:00+00:00,2021-08-20T09:53:00-05:00,2021-08-20T08:53:00,FM-15,0.0,0.0,0,,16.093,27.8,79.0,5.1
bergstrom,USW00013904,2021-08-20T15:17:00+00:00,2021-08-20T10:17:00-05:00,2021-08-20T09:17:00,FM-16,,,0,,16.093,27.8,74.0,5.1
bergstrom,USW00013904,2021-08-20T15:24:00+00:00,2021-08-20T10:24:00-05:00,2021-08-20T09:24:00,FM-16,,,0,,16.093,27.8,74.0,5.1
bergstrom,USW00013904,2021-08-20T15:53:00+00:00,2021-08-20T10:53:00-05:00,2021-08-20T09:53:00,FM-15,0.0,0.0,0,,16.093,30.0,65.0,6.7
bergstrom,USW00013904,2021-08-20T16:53:00+00:00,2021-08-20T11:53:00-05:00,2021-08-20T10:53:00,FM-15,0.0,0.0,0,,16.093,31.1,61.0,5.7
bergstrom,USW00013904,2021-08-20T17:53:00+00:00,2021-08-20T12:53:00-05:00,2021-08-20T11:53:00,FM-15,0.0,0.0,0,,16.093,31.1,59.0,4.6
bergstrom,USW00013904,2021-08-20T18:53:00+00:00,2021-08-20T13:53:00-05:00,2021-08-20T12:53:00,FM-15,0.0,0.0,0,,16.093,32.2,54.0,5.7
bergstrom,USW00013904,2021-08-20T19:53:00+00:00,2021-08-20T14:53:00-05:00,2021-08-20T13:53:00,FM-15,0.0,0.0,0,,16.093,33.3,54.0,6.7
bergstrom,USW00013904,2021-08-20T20:53:00+00:00,2021-08-20T15:53:00-05:00,2021-08-20T14:53:00,FM-15,0.0,0.0,0,,16.093,33.9,47.0,6.2
bergstrom,USW00013904,2021-08-20T21:53:00+00:00,2021-08-20T16:53:00-05:00,2021-08-20T15:53:00,FM-15,0.0,0.0,0,,16.093,33.9,46.0,5.1
bergstrom,USW00013904,2021-08-20T22:53:00+00:00,2021-08-20T17:53:00-05:00,2021-08-20T16:53:00,FM-15,0.0,0.0,0,,16.093,33.3,46.0,4.6
bergstrom,USW00013904,2021-08-20T23:53:00+00:00,2021-08-20T18:53:00-05:00,2021-08-20T17:53:00,FM-15,0.0,0.0,0,,16.093,32.8,45.0,5.1
bergstrom,USW00013904,2021-08-21T00:53:00+00:00,2021-08-20T19:53:00-05:00,2021-08-20T18:53:00,FM-15,0.0,0.0,0,,16.093,31.1,55.0,4.1
bergstrom,USW00013904,2021-08-21T01:53:00+00:00,2021-08-20T20:53:00-05:00,2021-08-20T19:53:00,FM-15,0.0,0.0,0,,16.093,28.9,67.0,3.6
bergstrom,USW00013904,2021-08-21T02:53:00+00:00,2021-08-20T21:53:00-05:00,2021-08-20T20:53:00,FM-15,0.0,0.0,0,,16.093,27.8,72.0,4.6
bergstrom,USW00013904,2021-08-21T03:53:00+00:00,2021-08-20T22:53:00-05:00,2021-08-20T21:53:00,FM-15,0.0,0.0,0,,16.093,26.7,79.0,3.6
bergstrom,USW00013904,2021-08-21T04:53:00+00:00,2021-08-20T23:53:00-05:00,2021-08-20T22:53:00,FM-15,0.0,0.0,0,,16.093,25.0,88.0,3.1
bergstrom,USW00013904,2021-08-21T05:53:00+00:00,2021-08-21T00:53:00-05:00,2021-08-20T23:53:00,FM-15,0.0,0.0,0,,16.093,24.4,94.0,3.1
bergstrom,USW00013904,2021-08-21T06:53:00+00:00,2021-08-21T01:53:00-05:00,2021-08-21T00:53:00,FM-15,0.0,0.0,0,,16.093,24.4,94.0,3.1
bergstrom,USW00013904,2021-08-21T07:53:00+00:00,2021-08-21T02:53:00-05:00,2021-08-21T01:53:00,FM-15,0.0,0.0,0,,16.093,23.9,96.0,2.6
bergstrom,USW00013904,2021-08-21T08:53:00+00:00,2021-08-21T03:53:00-05:00,2021-08-21T02:53:00,FM-15,0.0,0.0,0,,16.093,23.3,97.0,1.5
bergstrom,USW00013904,2021-08-21T09:53:00+00:00,2021-08-21T04:53:00-05:00,2021-08-21T03:53:00,FM-15,0.0,0.0,0,,16.093,22.8,100.0,1.5
bergstrom,USW00013904,2021-08-21T10:15:00+00:00,2021-08-21T05:15:00-05:00,2021-08-21T04:15:00,FM-16,,,0,,16.093,23.3,97.0,2.1
bergstrom,USW00013904,2021-08-21T10:53:00+00:00,2021-08-21T05:53:00-05:00,2021-08-21T04:53:00,FM-15,0.0,0.0,0,,16.093,23.3,100.0,0.0
bergstrom,USW00013904,2021-08-21T11:53:00+00:00,2021-08-21T06:53:00-05:00,2021-08-21T05:53:00,FM-15,0.0,0.0,0,,12.875,22.8,100.0,0.0
bergstrom,USW00013904,2021-08-21T12:02:00+00:00,2021-08-21T07:02:00-05:00,2021-08-21T06:02:00,FM-16,,,0,,12.875,22.2,100.0,0.0
bergstrom,USW00013904,2021-08-21T12:53:00+00:00,2021-08-21T07:53:00-05:00,2021-08-21T06:53:00,FM-15,0.0,0.0,0,,11.265,24.4,97.0,0.0
bergstrom,USW00013904,2021-08-21T13:28:00+00:00,2021-08-21T08:28:00-05:00,2021-08-21T07:28:00,FM-16,,,0,BR:1 |BR |,16.093,24.4,100.0,3.1
bergstrom,USW00013904,2021-08-21T13:30:00+00:00,2021-08-21T08:30:00-05:00,2021-08-21T07:30:00,FM-16,,,0,BR:1 |BR |,8.047,25.0,96.0,3.1
bergstrom,USW00013904,2021-08-21T13:51:00+00:00,2021-08-21T08:51:00-05:00,2021-08-21T07:51:00,FM-16,,,0,BR:1 |BR |,8.047,26.0,94.0,2.6
bergstrom,USW00013904,2021-08-21T13:53:00+00:00,2021-08-21T08:53:00-05:00,2021-08-21T07:53:00,FM-15,0.0,0.0,0,,11.265,25.6,97.0,2.6
bergstrom,USW00013904,2021-08-21T14:51:00+00:00,2021-08-21T09:51:00-05:00,2021-08-21T08:51:00,FM-16,,,0,,16.093,28.0,84.0,4.1
bergstrom,USW00013904,2021-08-21T14:53:00+00:00,2021-08-21T09:53:00-05:00,2021-08-21T08:53:00,FM-15,0.0,0.0,0,,16.093,28.9,80.0,4.6
bergstrom,USW00013904,2021-08-21T15:02:00+00:00,2021-08-21T10:02:00-05:00,2021-08-21T09:02:00,FM-16,,,0,,16.093,28.3,79.0,4.1
bergstrom,USW00013904,2021-08-21T15:53:00+00:00,2021-08-21T10:53:00-05:00,2021-08-21T09:53:00,FM-15,0.0,0.0,0,,16.093,30.6,70.0,4.1
bergstrom,USW00013904,2021-08-21T16:16:00+00:00,2021-08-21T11:16:00-05:00,2021-08-21T10:16:00,FM-16,,,0,,16.093,30.0,67.0,4.1
bergstrom,USW00013904,2021-08-21T16:53:00+00:00,2021-08-21T11:53:00-05:00,2021-08-21T10:53:00,FM-15,0.0,0.0,0,,16.093,30.0,67.0,4.6
bergstrom,USW00013904,2021-08-21T17:53:00+00:00,2021-08-21T12:53:00-05:00,2021-08-21T11:53:00,FM-15,0.0,0.0,0,,16.093,32.8,56.0,5.1
bergstrom,USW00013904,2021-08-21T18:53:00+00:00,2021-08-21T13:53:00-05:00,2021-08-21T12:53:00,FM-15,0.0,0.0,0,,16.093,32.8,54.0,4.6
bergstrom,USW00013904,2021-08-21T19:53:00+00:00,2021-08-21T14:53:00-05:00,2021-08-21T13:53:00,FM-15,0.0,0.0,0,,16.093,34.4,51.0,5.1
bergstrom,USW00013904,2021-08-21T20:53:00+00:00,2021-08-21T15:53:00-05:00,2021-08-21T14:53:00,FM-15,0.0,0.0,0,,16.093,34.4,48.0,5.7
bergstrom,USW00013904,2021-08-21T21:53:00+00:00,2021-08-21T16:53:00-05:00,2021-08-21T15:53:00,FM-15,0.0,0.0,0,,16.093,34.4,49.0,6.2
bergstrom,USW00013904,2021-08-21T22:53:00+00:00,2021-08-21T17:53:00-05:00,2021-08-21T16:53:00,FM-15,0.0,0.0,0,,16.093,34.4,49.0,4.6
bergstrom,USW00013904,2021-08-21T23:53:00+00:00,2021-08-21T18:53:00-05:00,2021-08-21T17:53:00,FM-15,0.0,0.0,0,,16.093,32.8,49.0,4.6
bergstrom,USW00013904,2021-08-22T00:53:00+00:00,2021-08-21T19:53:00-05:00,2021-08-21T18:53:00,FM-15,0.0,0.0,0,,16.093,31.1,59.0,5.1
bergstrom,USW00013904,2021-08-22T01:53:00+00:00,2021-08-21T20:53:00-05:00,2021-08-21T19:53:00,FM-15,0.0,0.0,0,,16.093,30.0,63.0,5.1
bergstrom,USW00013904,2021-08-22T02:53:00+00:00,2021-08-21T21:53:00-05:00,2021-08-21T20:53:00,FM-15,0.0,0.0,0,,16.093,28.3,74.0,5.1
bergstrom,USW00013904,2021-08-22T03:53:00+00:00,2021-08-21T22:53:00-05:00,2021-08-21T21:53:00,FM-15,0.0,0.0,0,,16.093,26.1,82.0,3.1
bergstrom,USW00013904,2021-08-22T04:53:00+00:00,2021-08-21T23:53:00-05:00,2021-08-21T22:53:00,FM-15,0.0,0.0,0,,16.093,25.0,85.0,2.6
bergstrom,USW00013904,2021-08-22T05:53:00+00:00,2021-08-22T00:53:00-05:00,2021-08-21T23:53:00,FM-15,0.0,0.0,0,,16.093,23.3,94.0,1.5
bergstrom,USW00013904,2021-08-22T06:53:00+00:00,2021-08-22T01:53:00-05:00,2021-08-22T00:53:00,FM-15,0.0,0.0,0,,16.093,23.3,94.0,2.6
bergstrom,USW00013904,2021-08-22T07:53:00+00:00,2021-08-22T02:53:00-05:00,2021-08-22T01:53:00,FM-15,0.0,0.0,0,,16.093,22.2,97.0,0.0
bergstrom,USW00013904,2021-08-22T08:53:00+00:00,2021-08-22T03:53:00-05:00,2021-08-22T02:53:00,FM-15,0.0,0.0,0,,16.093,22.2,97.0,1.5
bergstrom,USW00013904,2021-08-22T09:11:00+00:00,2021-08-22T04:11:00-05:00,2021-08-22T03:11:00,FM-16,,,0,,16.093,21.7,96.0,0.0
bergstrom,USW00013904,2021-08-22T09:45:00+00:00,2021-08-22T04:45:00-05:00,2021-08-22T03:45:00,FM-16,,,0,,16.093,21.7,100.0,0.0
bergstrom,USW00013904,2021-08-22T09:53:00+00:00,2021-08-22T04:53:00-05:00,2021-08-22T03:53:00,FM-15,0.0,0.0,0,,16.093,21.1,100.0,0.0
bergstrom,USW00013904,2021-08-22T10:53:00+00:00,2021-08-22T05:53:00-05:00,2021-08-22T04:53:00,FM-15,0.0,0.0,0,,16.093,21.1,100.0,0.0
bergstrom,USW00013904,2021-08-22T11:53:00+00:00,2021-08-22T06:53:00-05:00,2021-08-22T05:53:00,FM-15,0.0,0.0,0,,16.093,21.1,100.0,0.0
bergstrom,USW00013904,2021-08-22T12:53:00+00:00,2021-08-22T07:53:00-05:00,2021-08-22T06:53:00,FM-15,0.0,0.0,0,,16.093,22.8,96.0,0.0
bergstrom,USW00013904,2021-08-22T13:53:00+00:00,2021-08-22T08:53:00-05:00,2021-08-22T07:53:00,FM-15,0.0,0.0,0,,16.093,25.0,96.0,2.6
bergstrom,USW00013904,2021-08-22T14:51:00+00:00,2021-08-22T09:51:00-05:00,2021-08-22T08:51:00,FM-16,,,0,,16.093,28.0,79.0,3.6
bergstrom,USW00013904,2021-08-22T14:53:00+00:00,2021-08-22T09:53:00-05:00,2021-08-22T08:53:00,FM-15,0.0,0.0,0,,16.093,27.8,82.0,4.1
bergstrom,USW00013904,2021-08-22T15:22:00+00:00,2021-08-22T10:22:00-05:00,2021-08-22T09:22:00,FM-16,,,0,,16.093,27.8,82.0,4.1
bergstrom,USW00013904,2021-08-22T15:51:00+00:00,2021-08-22T10:51:00-05:00,2021-08-22T09:51:00,FM-16,,,0,,16.093,29.0,74.0,3.6
bergstrom,USW00013904,2021-08-22T15:53:00+00:00,2021-08-22T10:53:00-05:00,2021-08-22T09:53:00,FM-15,0.0,0.0,0,,16.093,28.9,77.0,3.1
bergstrom,USW00013904,2021-08-22T16:53:00+00:00,2021-08-22T11:53:00-05:00,2021-08-22T10:53:00,FM-15,0.0,0.0,0,,16.093,30.6,65.0,3.6
bergstrom,USW00013904,2021-08-22T17:53:00+00:00,2021-08-22T12:53:00-05:00,2021-08-22T11:53:00,FM-15,0.0,0.0,0,,16.093,32.2,58.0,3.6
bergstrom,USW00013904,2021-08-22T18:53:00+00:00,2021-08-22T13:53:00-05:00,2021-08-22T12:53:00,FM-15,0.0,0.0,0,,16.093,32.8,54.0,4.1
bergstrom,USW00013904,2021-08-22T19:53:00+00:00,2021-08-22T14:53:00-05:00,2021-08-22T13:53:00,FM-15,0.0,0.0,0,,16.093,33.3,51.0,5.1
bergstrom,USW00013904,2021-08-22T20:53:00+00:00,2021-08-22T15:53:00-05:00,2021-08-22T14:53:00,FM-15,0.0,0.0,0,,16.093,34.4,46.0,3.6
bergstrom,USW00013904,2021-08-22T21:53:00+00:00,2021-08-22T16:53:00-05:00,2021-08-22T15:53:00,FM-15,0.0,0.0,0,,16.093,35.0,44.0,1.5
bergstrom,USW00013904,2021-08-22T22:53:00+00:00,2021-08-22T17:53:00-05:00,2021-08-22T16:53:00,FM-15,0.0,0.0,0,,16.093,33.9,44.0,3.6
bergstrom,USW00013904,2021-08-22T23:53:00+00:00,2021-08-22T18:53:00-05:00,2021-08-22T17:53:00,FM-15,0.0,0.0,0,,16.093,32.8,49.0,3.1
bergstrom,USW00013904,2021-08-23T00:53:00+00:00,2021-08-22T19:53:00-05:00,2021-08-22T18:53:00,FM-15,0.0,0.0,0,,16.093,28.9,65.0,2.6
bergstrom,USW00013904,2021-08-23T01:53:00+00:00,2021-08-22T20:53:00-05:00,2021-08-22T19:53:00,FM-15,0.0,0.0,0,,16.093,26.1,82.0,0.0
bergstrom,USW00013904,2021-08-23T02:53:00+00:00,2021-08-22T21:53:00-05:00,2021-08-22T20:53:00,FM-15,0.0,0.0,0,,16.093,27.8,69.0,3.6
bergstrom,USW00013904,2021-08-23T03:53:00+00:00,2021-08-22T22:53:00-05:00,2021-08-22T21:53:00,FM-15,0.0,0.0,0,,16.093,27.2,77.0,4.6
bergstrom,USW00013904,2021-08-23T04:53:00+00:00,2021-08-22T23:53:00-05:00,2021-08-22T22:53:00,FM-15,0.0,0.0,0,,16.093,26.1,79.0,3.6
bergstrom,USW00013904,2021-08-23T05:53:00+00:00,2021-08-23T00:53:00-05:00,2021-08-22T23:53:00,FM-15,0.0,0.0,0,,16.093,25.0,85.0,3.1
bergstrom,USW00013904,2021-08-23T06:53:00+00:00,2021-08-23T01:53:00-05:00,2021-08-23T00:53:00,FM-15,0.0,0.0,0,,16.093,23.9,90.0,2.1
bergstrom,USW00013904,2021-08-23T07:53:00+00:00,2021-08-23T02:53:00-05:00,2021-08-23T01:53:00,FM-15,0.0,0.0,0,,16.093,23.3,94.0,2.1
bergstrom,USW00013904,2021-08-23T08:53:00+00:00,2021-08-23T03:53:00-05:00,2021-08-23T02:53:00,FM-15,0.0,0.0,0,,16.093,22.8,96.0,2.1
bergstrom,USW00013904,2021-08-23T09:53:00+00:00,2021-08-23T04:53:00-05:00,2021-08-23T03:53:00,FM-15,0.0,0.0,0,,16.093,21.7,100.0,2.6
bergstrom,USW00013904,2021-08-23T10:41:00+00:00,2021-08-23T05:41:00-05:00,2021-08-23T04:41:00,FM-16,,,0,,16.093,21.7,100.0,1.5
bergstrom,USW00013904,2021-08-23T10:53:00+00:00,2021-08-23T05:53:00-05:00,2021-08-23T04:53:00,FM-15,0.0,0.0,0,,16.093,21.1,97.0,0.0
bergstrom,USW00013904,2021-08-23T11:11:00+00:00,2021-08-23T06:11:00-05:00,2021-08-23T05:11:00,FM-16,,,0,,14.484,20.6,96.0,0.0
bergstrom,USW00013904,2021-08-23T11:23:00+00:00,2021-08-23T06:23:00-05:00,2021-08-23T05:23:00,FM-16,,,0,BR:1 |BR |,4.023,21.1,97.0,0.0
bergstrom,USW00013904,2021-08-23T11:31:00+00:00,2021-08-23T06:31:00-05:00,2021-08-23T05:31:00,FM-16,,,0,BR:1 |BR |,8.047,21.1,100.0,0.0
bergstrom,USW00013904,2021-08-23T11:53:00+00:00,2021-08-23T06:53:00-05:00,2021-08-23T05:53:00,FM-15,0.0,0.0,0,BCFG:2 |FG |,12.875,21.1,100.0,1.5
bergstrom,USW00013904,2021-08-23T12:53:00+00:00,2021-08-23T07:53:00-05:00,2021-08-23T06:53:00,FM-15,0.0,0.0,0,,16.093,22.8,96.0,0.0
bergstrom,USW00013904,2021-08-23T13:53:00+00:00,2021-08-23T08:53:00-05:00,2021-08-23T07:53:00,FM-15,0.0,0.0,0,,16.093,26.1,82.0,0.0
bergstrom,USW00013904,2021-08-23T14:53:00+00:00,2021-08-23T09:53:00-05:00,2021-08-23T08:53:00,FM-15,0.0,0.0,0,,16.093,28.3,74.0,3.1
bergstrom,USW00013904,2021-08-23T15:53:00+00:00,2021-08-23T10:53:00-05:00,2021-08-23T09:53:00,FM-15,0.0,0.0,0,,16.093,28.9,70.0,3.1
bergstrom,USW00013904,2021-08-23T16:53:00+00:00,2021-08-23T11:53:00-05:00,2021-08-23T10:53:00,FM-15,0.0,0.0,0,,16.093,30.6,63.0,2.6
bergstrom,USW00013904,2021-08-23T17:53:00+00:00,2021-08-23T12:53:00-05:00,2021-08-23T11:53:00,FM-15,0.0,0.0,0,,16.093,31.7,57.0,3.1
bergstrom,USW00013904,2021-08-23T18:53:00+00:00,2021-08-23T13:53:00-05:00,2021-08-23T12:53:00,FM-15,0.0,0.0,0,,16.093,32.2,52.0,2.1
bergstrom,USW00013904,2021-08-23T19:53:00+00:00,2021-08-23T14:53:00-05:00,2021-08-23T13:53:00,FM-15,0.0,0.0,0,,16.093,33.9,47.0,3.6
bergstrom,USW00013904,2021-08-23T20:53:00+00:00,2021-08-23T15:53:00-05:00,2021-08-23T14:53:00,FM-15,0.0,0.0,0,,16.093,33.9,44.0,4.6
bergstrom,USW00013904,2021-08-23T21:53:00+00:00,2021-08-23T16:53:00-05:00,2021-08-23T15:53:00,FM-15,0.0,0.0,0,,16.093,33.9,44.0,3.1
bergstrom,USW00013904,2021-08-23T22:53:00+00:00,2021-08-23T17:53:00-05:00,2021-08-23T16:53:00,FM-15,0.0,0.0,0,,16.093,33.9,46.0,3.1
bergstrom,USW00013904,2021-08-23T23:53:00+00:00,2021-08-23T18:53:00-05:00,2021-08-23T17:53:00,FM-15,0.0,0.0,0,,16.093,32.8,47.0,4.1
bergstrom,USW00013904,2021-08-24T00:53:00+00:00,2021-08-23T19:53:00-05:00,2021-08-23T18:53:00,FM-15,0.0,0.0,0,,16.093,29.4,61.0,2.6
bergstrom,USW00013904,2021-08-24T01:53:00+00:00,2021-08-23T20:53:00-05:00,2021-08-23T19:53:00,FM-15,0.0,0.0,0,,16.093,26.7,74.0,1.5
bergstrom,USW00013904,2021-08-24T02:53:00+00:00,2021-08-23T21:53:00-05:00,2021-08-23T20:53:00,FM-15,0.0,0.0,0,,16.093,27.8,69.0,3.1
bergstrom,USW00013904,2021-08-24T03:53:00+00:00,2021-08-23T22:53:00-05:00,2021-08-23T21:53:00,FM-15,0.0,0.0,0,,16.093,26.7,79.0,3.1
bergstrom,USW00013904,2021-08-24T04:53:00+00:00,2021-08-23T23:53:00-05:00,2021-08-23T22:53:00,FM-15,0.0,0.0,0,,16.093,25.6,85.0,3.1
bergstrom,USW00013904,2021-08-24T05:53:00+00:00,2021-08-24T00:53:00-05:00,2021-08-23T23:53:00,FM-15,0.0,0.0,0,,16.093,25.6,82.0,3.6
bergstrom,USW00013904,2021-08-24T06:53:00+00:00,2021-08-24T01:53:00-05:00,2021-08-24T00:53:00,FM-15,0.0,0.0,0,,16.093,23.9,90.0,2.6
bergstrom,USW00013904,2021-08-24T07:53:00+00:00,2021-08-24T02:53:00-05:00,2021-08-24T01:53:00,FM-15,0.0,0.0,0,,16.093,23.9,90.0,3.1
bergstrom,USW00013904,2021-08-24T08:53:00+00:00,2021-08-24T03:53:00-05:00,2021-08-24T02:53:00,FM-15,0.0,0.0,0,,16.093,23.3,94.0,2.6
bergstrom,USW00013904,2021-08-24T09:51:00+00:00,2021-08-24T04:51:00-05:00,2021-08-24T03:51:00,FM-16,,,0,,16.093,23.0,94.0,1.5
bergstrom,USW00013904,2021-08-24T09:53:00+00:00,2021-08-24T04:53:00-05:00,2021-08-24T03:53:00,FM-15,0.0,0.0,0,,16.093,22.8,96.0,1.5
bergstrom,USW00013904,2021-08-24T10:01:00+00:00,2021-08-24T05:01:00-05:00,2021-08-24T04:01:00,FM-16,,,0,,16.093,22.8,96.0,1.5
bergstrom,USW00013904,2021-08-24T10:53:00+00:00,2021-08-24T05:53:00-05:00,2021-08-24T04:53:00,FM-15,0.0,0.0,0,,16.093,22.8,96.0,0.0
bergstrom,USW00013904,2021-08-24T11:53:00+00:00,2021-08-24T06:53:00-05:00,2021-08-24T05:53:00,FM-15,0.0,0.0,0,,16.093,21.7,100.0,0.0
bergstrom,USW00013904,2021-08-24T12:53:00+00:00,2021-08-24T07:53:00-05:00,2021-08-24T06:53:00,FM-15,0.0,0.0,0,,16.093,23.3,97.0,0.0
bergstrom,USW00013904,2021-08-24T13:53:00+00:00,2021-08-24T08:53:00-05:00,2021-08-24T07:53:00,FM-15,0.0,0.0,0,,16.093,26.7,85.0,2.1
bergstrom,USW00013904,2021-08-24T14:53:00+00:00,2021-08-24T09:53:00-05:00,2021-08-24T08:53:00,FM-15,0.0,0.0,0,,16.093,28.3,74.0,4.6
bergstrom,USW00013904,2021-08-24T15:53:00+00:00,2021-08-24T10:53:00-05:00,2021-08-24T09:53:00,FM-15,0.0,0.0,0,,16.093,30.6,61.0,3.6
bergstrom,USW00013904,2021-08-24T16:53:00+00:00,2021-08-24T11:53:00-05:00,2021-08-24T10:53:00,FM-15,0.0,0.0,0,,16.093,31.1,57.0,3.1
bergstrom,USW00013904,2021-08-24T17:53:00+00:00,2021-08-24T12:53:00-05:00,2021-08-24T11:53:00,FM-15,0.0,0.0,0,,16.093,32.2,56.0,3.1
bergstrom,USW00013904,2021-08-24T18:53:00+00:00,2021-08-24T13:53:00-05:00,2021-08-24T12:53:00,FM-15,0.0,0.0,0,,16.093,33.3,49.0,4.1
bergstrom,USW00013904,2021-08-24T19:53:00+00:00,2021-08-24T14:53:00-05:00,2021-08-24T13:53:00,FM-15,0.0,0.0,0,,16.093,34.4,44.0,4.6
bergstrom,USW00013904,2021-08-24T20:53:00+00:00,2021-08-24T15:53:00-05:00,2021-08-24T14:53:00,FM-15,0.0,0.0,0,,16.093,34.4,44.0,3.1
bergstrom,USW00013904,2021-08-24T21:53:00+00:00,2021-08-24T16:53:00-05:00,2021-08-24T15:53:00,FM-15,0.0,0.0,0,,16.093,34.4,43.0,4.6
bergstrom,USW00013904,2021-08-24T22:53:00+00:00,2021-08-24T17:53:00-05:00,2021-08-24T16:53:00,FM-15,0.0,0.0,0,,16.093,33.9,42.0,4.1
bergstrom,USW00013904,2021-08-24T23:53:00+00:00,2021-08-24T18:53:00-05:00,2021-08-24T17:53:00,FM-15,0.0,0.0,0,,16.093,33.3,44.0,4.1
bergstrom,USW00013904,2021-08-25T00:53:00+00:00,2021-08-24T19:53:00-05:00,2021-08-24T18:53:00,FM-15,0.0,0.0,0,,16.093,28.9,63.0,2.6
bergstrom,USW00013904,2021-08-25T01:53:00+00:00,2021-08-24T20:53:00-05:00,2021-08-24T19:53:00,FM-15,0.0,0.0,0,,16.093,27.2,72.0,1.5
bergstrom,USW00013904,2021-08-25T02:53:00+00:00,2021-08-24T21:53:00-05:00,2021-08-24T20:53:00,FM-15,0.0,0.0,0,,16.093,30.0,63.0,5.1
bergstrom,USW00013904,2021-08-25T03:53:00+00:00,2021-08-24T22:53:00-05:00,2021-08-24T21:53:00,FM-15,0.0,0.0,0,,16.093,29.4,70.0,3.6
bergstrom,USW00013904,2021-08-25T04:53:00+00:00,2021-08-24T23:53:00-05:00,2021-08-24T22:53:00,FM-15,0.0,0.0,0,,16.093,28.9,72.0,3.6
bergstrom,USW00013904,2021-08-25T05:53:00+00:00,2021-08-25T00:53:00-05:00,2021-08-24T23:53:00,FM-15,0.0,0.0,0,,16.093,27.8,77.0,3.1
bergstrom,USW00013904,2021-08-25T06:53:00+00:00,2021-08-25T01:53:00-05:00,2021-08-25T00:53:00,FM-15,0.0,0.0,0,,16.093,27.2,77.0,2.6
bergstrom,USW00013904,2021-08-25T07:53:00+00:00,2021-08-25T02:53:00-05:00,2021-08-25T01:53:00,FM-15,0.0,0.0,0,,16.093,26.1,82.0,2.1
bergstrom,USW00013904,2021-08-25T08:53:00+00:00,2021-08-25T03:53:00-05:00,2021-08-25T02:53:00,FM-15,0.0,0.0,0,,16.093,26.1,82.0,2.1
bergstrom,USW00013904,2021-08-25T09:53:00+00:00,2021-08-25T04:53:00-05:00,2021-08-25T03:53:00,FM-15,0.0,0.0,0,,16.093,26.1,82.0,0.0
bergstrom,USW00013904,2021-08-25T10:53:00+00:00,2021-08-25T05:53:00-05:00,2021-08-25T04:53:00,FM-15,0.0,0.0,0,,16.093,25.6,85.0,0.0
bergstrom,USW00013904,2021-08-25T11:53:00+00:00,2021-08-25T06:53:00-05:00,2021-08-25T05:53:00,FM-15,0.0,0.0,0,,16.093,25.6,85.0,0.0
bergstrom,USW00013904,2021-08-25T12:53:00+00:00,2021-08-25T07:53:00-05:00,2021-08-25T06:53:00,FM-15,0.0,0.0,0,,16.093,26.7,76.0,0.0
bergstrom,USW00013904,2021-08-25T13:53:00+00:00,2021-08-25T08:53:00-05:00,2021-08-25T07:53:00,FM-15,0.0,0.0,0,,16.093,27.8,77.0,0.0
bergstrom,USW00013904,2021-08-25T14:53:00+00:00,2021-08-25T09:53:00-05:00,2021-08-25T08:53:00,FM-15,0.0,0.0,0,,16.093,28.9,70.0,3.6
bergstrom,USW00013904,2021-08-25T15:53:00+00:00,2021-08-25T10:53:00-05:00,2021-08-25T09:53:00,FM-15,0.0,0.0,0,,16.093,30.0,70.0,0.0
bergstrom,USW00013904,2021-08-25T16:53:00+00:00,2021-08-25T11:53:00-05:00,2021-08-25T10:53:00,FM-15,0.0,0.0,0,,16.093,31.1,61.0,3.6
bergstrom,USW00013904,2021-08-25T17:53:00+00:00,2021-08-25T12:53:00-05:00,2021-08-25T11:53:00,FM-15,0.0,0.0,0,,16.093,31.1,57.0,3.6
bergstrom,USW00013904,2021-08-25T18:53:00+00:00,2021-08-25T13:53:00-05:00,2021-08-25T12:53:00,FM-15,0.0,0.0,0,,16.093,32.2,54.0,3.1
bergstrom,USW00013904,2021-08-25T19:53:00+00:00,2021-08-25T14:53:00-05:00,2021-08-25T13:53:00,FM-15,0.0,0.0,0,,16.093,30.6,59.0,2.6
bergstrom,USW00013904,2021-08-25T20:53:00+00:00,2021-08-25T15:53:00-05:00,2021-08-25T14:53:00,FM-15,0.0,0.0,0,,16.093,35.0,43.0,2.1
bergstrom,USW00013904,2021-08-25T21:53:00+00:00,2021-08-25T16:53:00-05:00,2021-08-25T15:53:00,FM-15,0.0,0.0,0,,16.093,33.3,49.0,2.1
bergstrom,USW00013904,2021-08-25T22:53:00+00:00,2021-08-25T17:53:00-05:00,2021-08-25T16:53:00,FM-15,0.0,0.0,0,,16.093,34.4,44.0,1.5
bergstrom,USW00013904,2021-08-25T23:53:00+00:00,2021-08-25T18:53:00-05:00,2021-08-25T17:53:00,FM-15,0.0,0.0,0,,16.093,33.3,49.0,2.6
bergstrom,USW00013904,2021-08-26T00:53:00+00:00,2021-08-25T19:53:00-05:00,2021-08-25T18:53:00,FM-15,0.0,0.0,0,,16.093,29.4,61.0,2.1
bergstrom,USW00013904,2021-08-26T01:53:00+00:00,2021-08-25T20:53:00-05:00,2021-08-25T19:53:00,FM-15,0.0,0.0,0,,16.093,24.4,94.0,2.1
bergstrom,USW00013904,2021-08-26T02:53:00+00:00,2021-08-25T21:53:00-05:00,2021-08-25T20:53:00,FM-15,0.0,0.0,0,,16.093,24.4,94.0,1.5
bergstrom,USW00013904,2021-08-26T03:53:00+00:00,2021-08-25T22:53:00-05:00,2021-08-25T21:53:00,FM-15,0.0,0.0,0,,16.093,28.9,70.0,2.6
bergstrom,USW00013904,2021-08-26T04:53:00+00:00,2021-08-25T23:53:00-05:00,2021-08-25T22:53:00,FM-15,0.0,0.0,0,,16.093,28.3,72.0,0.0
bergstrom,USW00013904,2021-08-26T05:53:00+00:00,2021-08-26T00:53:00-05:00,2021-08-25T23:53:00,FM-15,0.0,0.0,0,,16.093,28.3,74.0,0.0
bergstrom,USW00013904,2021-08-26T06:53:00+00:00,2021-08-26T01:53:00-05:00,2021-08-26T00:53:00,FM-15,0.0,0.0,0,,16.093,28.3,74.0,0.0
bergstrom,USW00013904,2021-08-26T07:53:00+00:00,2021-08-26T02:53:00-05:00,2021-08-26T01:53:00,FM-15,0.0,0.0,0,,16.093,27.2,79.0,1.5
bergstrom,USW00013904,2021-08-26T08:53:00+00:00,2021-08-26T03:53:00-05:00,2021-08-26T02:53:00,FM-15,0.0,0.0,0,,16.093,27.2,77.0,0.0
bergstrom,USW00013904,2021-08-26T09:53:00+00:00,2021-08-26T04:53:00-05:00,2021-08-26T03:53:00,FM-15,0.0,0.0,0,,16.093,26.1,85.0,0.0
bergstrom,USW00013904,2021-08-26T10:53:00+00:00,2021-08-26T05:53:00-05:00,2021-08-26T04:53:00,FM-15,0.0,0.0,0,,16.093,26.7,76.0,1.5
bergstrom,USW00013904,2021-08-26T11:53:00+00:00,2021-08-26T06:53:00-05:00,2021-08-26T05:53:00,FM-15,0.0,0.0,0,,16.093,26.7,76.0,0.0
bergstrom,USW00013904,2021-08-26T12:53:00+00:00,2021-08-26T07:53:00-05:00,2021-08-26T06:53:00,FM-15,0.0,0.0,0,,16.093,26.1,82.0,1.5
bergstrom,USW00013904,2021-08-26T13:53:00+00:00,2021-08-26T08:53:00-05:00,2021-08-26T07:53:00,FM-15,0.0,0.0,0,,16.093,28.9,74.0,0.0
bergstrom,USW00013904,2021-08-26T14:53:00+00:00,2021-08-26T09:53:00-05:00,2021-08-26T08:53:00,FM-15,0.0,0.0,0,,16.093,30.0,70.0,2.1
bergstrom,USW00013904,2021-08-26T15:32:00+00:00,2021-08-26T10:32:00-05:00,2021-08-26T09:32:00,FM-16,,,0,,16.093,31.1,59.0,1.5
bergstrom,USW00013904,2021-08-26T15:53:00+00:00,2021-08-26T10:53:00-05:00,2021-08-26T09:53:00,FM-15,0.0,0.0,0,,16.093,33.3,52.0,1.5
bergstrom,USW00013904,2021-08-26T16:53:00+00:00,2021-08-26T11:53:00-05:00,2021-08-26T10:53:00,FM-15,0.0,0.0,0,,16.093,32.8,56.0,2.1
bergstrom,USW00013904,2021-08-26T17:53:00+00:00,2021-08-26T12:53:00-05:00,2021-08-26T11:53:00,FM-15,0.0,0.0,0,,16.093,33.3,56.0,2.1
bergstrom,USW00013904,2021-08-26T18:53:00+00:00,2021-08-26T13:53:00-05:00,2021-08-26T12:53:00,FM-15,0.0,0.0,0,,16.093,35.0,49.0,2.6
bergstrom,USW00013904,2021-08-26T19:53:00+00:00,2021-08-26T14:53:00-05:00,2021-08-26T13:53:00,FM-15,0.0,0.0,0,,16.093,35.6,47.0,2.6
bergstrom,USW00013904,2021-08-26T20:53:00+00:00,2021-08-26T15:53:00-05:00,2021-08-26T14:53:00,FM-15,0.0,0.0,0,,16.093,36.1,42.0,3.1
bergstrom,USW00013904,2021-08-26T21:39:00+00:00,2021-08-26T16:39:00-05:00,2021-08-26T15:39:00,FM-16,,,1,TS +RA:02 |TS RA |RA,16.093,30.0,70.0,3.6
bergstrom,USW00013904,2021-08-26T21:53:00+00:00,2021-08-26T16:53:00-05:00,2021-08-26T15:53:00,FM-15,,T,1,TS RA:02 |TS RA |RA,16.093,28.3,72.0,5.1
bergstrom,USW00013904,2021-08-26T22:34:00+00:00,2021-08-26T17:34:00-05:00,2021-08-26T16:34:00,FM-16,,,0,,16.093,30.6,65.0,2.6
bergstrom,USW00013904,2021-08-26T22:53:00+00:00,2021-08-26T17:53:00-05:00,2021-08-26T16:53:00,FM-15,,,0,,16.093,30.6,65.0,2.1
bergstrom,USW00013904,2021-08-26T23:53:00+00:00,2021-08-26T18:53:00-05:00,2021-08-26T17:53:00,FM-15,,,0,,16.093,30.6,70.0,2.1
bergstrom,USW00013904,2021-08-27T00:53:00+00:00,2021-08-26T19:53:00-05:00,2021-08-26T18:53:00,FM-15,,,0,,16.093,27.8,72.0,5.1
bergstrom,USW00013904,2021-08-27T01:53:00+00:00,2021-08-26T20:53:00-05:00,2021-08-26T19:53:00,FM-15,,,0,,16.093,26.7,79.0,2.6
bergstrom,USW00013904,2021-08-27T02:53:00+00:00,2021-08-26T21:53:00-05:00,2021-08-26T20:53:00,FM-15,,,0,,16.093,25.0,88.0,2.1
bergstrom,USW00013904,2021-08-27T03:53:00+00:00,2021-08-26T22:53:00-05:00,2021-08-26T21:53:00,FM-15,,,0,,16.093,25.0,90.0,1.5
bergstrom,USW00013904,2021-08-27T04:53:00+00:00,2021-08-26T23:53:00-05:00,2021-08-26T22:53:00,FM-15,,,0,,16.093,23.3,100.0,0.0
bergstrom,USW00013904,2021-08-27T05:53:00+00:00,2021-08-27T00:53:00-05:00,2021-08-26T23:53:00,FM-15,,,0,,16.093,23.9,96.0,0.0
bergstrom,USW00013904,2021-08-27T06:53:00+00:00,2021-08-27T01:53:00-05:00,2021-08-27T00:53:00,FM-15,,,0,,16.093,22.8,100.0,0.0
bergstrom,USW00013904,2021-08-27T07:53:00+00:00,2021-08-27T02:53:00-05:00,2021-08-27T01:53:00,FM-15,,,0,,16.093,23.3,100.0,0.0
bergstrom,USW00013904,2021-08-27T08:53:00+00:00,2021-08-27T03:53:00-05:00,2021-08-27T02:53:00,FM-15,,,0,,16.093,22.8,100.0,1.5
bergstrom,USW00013904,2021-08-27T09:53:00+00:00,2021-08-27T04:53:00-05:00,2021-08-27T03:53:00,FM-15,,,0,,16.093,22.8,100.0,0.0
bergstrom,USW00013904,2021-08-27T10:53:00+00:00,2021-08-27T05:53:00-05:00,2021-08-27T04:53:00,FM-15,,,0,,16.093,23.3,100.0,1.5
bergstrom,USW00013904,2021-08-27T11:53:00+00:00,2021-08-27T06:53:00-05:00,2021-08-27T05:53:00,FM-15,,,0,,16.093,22.8,100.0,0.0
bergstrom,USW00013904,2021-08-27T12:53:00+00:00,2021-08-27T07:53:00-05:00,2021-08-27T06:53:00,FM-15,,,0,,16.093,23.9,100.0,0.0
bergstrom,USW00013904,2021-08-27T13:45:00+00:00,2021-08-27T08:45:00-05:00,2021-08-27T07:45:00,FM-16,,,0,,12.875,24.4,100.0,2.6
bergstrom,USW00013904,2021-08-27T13:53:00+00:00,2021-08-27T08:53:00-05:00,2021-08-27T07:53:00,FM-15,0.0,0.0,0,,12.875,25.0,100.0,1.5
bergstrom,USW00013904,2021-08-27T14:03:00+00:00,2021-08-27T09:03:00-05:00,2021-08-27T08:03:00,FM-16,,,0,,12.875,25.0,100.0,0.0
bergstrom,USW00013904,2021-08-27T14:53:00+00:00,2021-08-27T09:53:00-05:00,2021-08-27T08:53:00,FM-15,0.0,0.0,0,,16.093,26.1,94.0,0.0
bergstrom,USW00013904,2021-08-27T15:53:00+00:00,2021-08-27T10:53:00-05:00,2021-08-27T09:53:00,FM-15,0.0,0.0,0,,16.093,28.9,80.0,2.1
bergstrom,USW00013904,2021-08-27T16:46:00+00:00,2021-08-27T11:46:00-05:00,2021-08-27T10:46:00,FM-16,,,1,TS |TS |,16.093,30.0,72.0,3.1
bergstrom,USW00013904,2021-08-27T16:53:00+00:00,2021-08-27T11:53:00-05:00,2021-08-27T10:53:00,FM-15,,T,1,TS -RA:02 |TS RA |RA,16.093,29.4,75.0,4.1
bergstrom,USW00013904,2021-08-27T17:20:00+00:00,2021-08-27T12:20:00-05:00,2021-08-27T11:20:00,FM-16,,,1,TS RA:02 BR:1 |TS RA BR |RA,4.828,27.2,94.0,5.7
bergstrom,USW00013904,2021-08-27T17:53:00+00:00,2021-08-27T12:53:00-05:00,2021-08-27T11:53:00,FM-15,0.3,0.3,1,TS -RA:02 BR:1 |TS RA BR |RA,9.656,26.7,97.0,3.1
bergstrom,USW00013904,2021-08-27T18:08:00+00:00,2021-08-27T13:08:00-05:00,2021-08-27T12:08:00,FM-16,,,1,-RA:02 BR:1 |RA BR |RA,9.656,26.7,97.0,2.6
bergstrom,USW00013904,2021-08-27T18:53:00+00:00,2021-08-27T13:53:00-05:00,2021-08-27T12:53:00,FM-15,,T,1,,16.093,27.2,91.0,0.0
bergstrom,USW00013904,2021-08-27T19:53:00+00:00,2021-08-27T14:53:00-05:00,2021-08-27T13:53:00,FM-15,0.0,0.0,0,,16.093,31.1,68.0,4.1
bergstrom,USW00013904,2021-08-27T20:53:00+00:00,2021-08-27T15:53:00-05:00,2021-08-27T14:53:00,FM-15,0.0,0.0,0,,16.093,31.1,63.0,3.6
bergstrom,USW00013904,2021-08-27T21:06:00+00:00,2021-08-27T16:06:00-05:00,2021-08-27T15:06:00,FM-16,,,1,TS |TS |,16.093,31.1,63.0,3.6
bergstrom,USW00013904,2021-08-27T21:51:00+00:00,2021-08-27T16:51:00-05:00,2021-08-27T15:51:00,FM-16,,,0,,16.093,29.0,70.0,7.2
bergstrom,USW00013904,2021-08-27T21:53:00+00:00,2021-08-27T16:53:00-05:00,2021-08-27T15:53:00,FM-15,0.0,0.0,0,,16.093,28.3,72.0,6.2
bergstrom,USW00013904,2021-08-27T22:53:00+00:00,2021-08-27T17:53:00-05:00,2021-08-27T16:53:00,FM-15,0.0,0.0,0,,16.093,27.8,77.0,1.5
bergstrom,USW00013904,2021-08-27T23:53:00+00:00,2021-08-27T18:53:00-05:00,2021-08-27T17:53:00,FM-15,0.0,0.0,0,,16.093,27.8,79.0,3.6
bergstrom,USW00013904,2021-08-28T00:53:00+00:00,2021-08-27T19:53:00-05:00,2021-08-27T18:53:00,FM-15,0.0,0.0,0,,16.093,25.6,97.0,1.5
bergstrom,USW00013904,2021-08-28T01:53:00+00:00,2021-08-27T20:53:00-05:00,2021-08-27T19:53:00,FM-15,0.0,0.0,0,,16.093,25.6,97.0,1.5
bergstrom,USW00013904,2021-08-28T02:53:00+00:00,2021-08-27T21:53:00-05:00,2021-08-27T20:53:00,FM-15,0.0,0.0,0,,16.093,23.9,100.0,1.5
bergstrom,USW00013904,2021-08-28T03:53:00+00:00,2021-08-27T22:53:00-05:00,2021-08-27T21:53:00,FM-15,0.0,0.0,0,,16.093,24.4,94.0,0.0
bergstrom,USW00013904,2021-08-28T04:53:00+00:00,2021-08-27T23:53:00-05:00,2021-08-27T22:53:00,FM-15,0.0,0.0,0,,16.093,23.3,100.0,0.0
bergstrom,USW00013904,2021-08-28T05:53:00+00:00,2021-08-28T00:53:00-05:00,2021-08-27T23:53:00,FM-15,0.0,0.0,0,,16.093,22.2,100.0,0.0
bergstrom,USW00013904,2021-08-28T06:53:00+00:00,2021-08-28T01:53:00-05:00,2021-08-28T00:53:00,FM-15,0.0,0.0,0,,16.093,22.8,100.0,0.0
bergstrom,USW00013904,2021-08-28T07:53:00+00:00,2021-08-28T02:53:00-05:00,2021-08-28T01:53:00,FM-15,0.0,0.0,0,,16.093,23.3,100.0,0.0
bergstrom,USW00013904,2021-08-28T08:53:00+00:00,2021-08-28T03:53:00-05:00,2021-08-28T02:53:00,FM-15,0.0,0.0,0,,16.093,22.8,100.0,0.0
bergstrom,USW00013904,2021-08-28T09:53:00+00:00,2021-08-28T04:53:00-05:00,2021-08-28T03:53:00,FM-15,0.0,0.0,0,,16.093,22.2,100.0,0.0
bergstrom,USW00013904,2021-08-28T10:53:00+00:00,2021-08-28T05:53:00-05:00,2021-08-28T04:53:00,FM-15,0.0,0.0,0,,16.093,22.8,100.0,0.0
bergstrom,USW00013904,2021-08-28T11:53:00+00:00,2021-08-28T06:53:00-05:00,2021-08-28T05:53:00,FM-15,0.0,0.0,0,,16.093,23.3,100.0,0.0
bergstrom,USW00013904,2021-08-28T12:53:00+00:00,2021-08-28T07:53:00-05:00,2021-08-28T06:53:00,FM-15,0.0,0.0,0,,16.093,23.9,100.0,0.0
bergstrom,USW00013904,2021-08-28T13:53:00+00:00,2021-08-28T08:53:00-05:00,2021-08-28T07:53:00,FM-15,0.0,0.0,0,,16.093,25.6,97.0,1.5
bergstrom,USW00013904,2021-08-28T14:53:00+00:00,2021-08-28T09:53:00-05:00,2021-08-28T08:53:00,FM-15,0.0,0.0,0,,16.093,27.8,79.0,1.5
bergstrom,USW00013904,2021-08-28T15:51:00+00:00,2021-08-28T10:51:00-05:00,2021-08-28T09:51:00,FM-16,,,0,,16.093,29.0,70.0,2.1
bergstrom,USW00013904,2021-08-28T15:53:00+00:00,2021-08-28T10:53:00-05:00,2021-08-28T09:53:00,FM-15,0.0,0.0,0,,16.093,28.9,72.0,0.0
bergstrom,USW00013904,2021-08-28T16:51:00+00:00,2021-08-28T11:51:00-05:00,2021-08-28T10:51:00,FM-16,,,0,,16.093,30.0,66.0,1.5
bergstrom,USW00013904,2021-08-28T16:53:00+00:00,2021-08-28T11:53:00-05:00,2021-08-28T10:53:00,FM-15,0.0,0.0,0,,16.093,30.0,65.0,2.6
bergstrom,USW00013904,2021-08-28T17:53:00+00:00,2021-08-28T12:53:00-05:00,2021-08-28T11:53:00,FM-15,0.0,0.0,0,,16.093,30.6,61.0,2.1
bergstrom,USW00013904,2021-08-28T18:53:00+00:00,2021-08-28T13:53:00-05:00,2021-08-28T12:53:00,FM-15,0.0,0.0,0,,16.093,33.3,51.0,5.1
bergstrom,USW00013904,2021-08-28T19:53:00+00:00,2021-08-28T14:53:00-05:00,2021-08-28T13:53:00,FM-15,0.0,0.0,0,,16.093,32.2,56.0,0.0
bergstrom,USW00013904,2021-08-28T20:53:00+00:00,2021-08-28T15:53:00-05:00,2021-08-28T14:53:00,FM-15,0.0,0.0,0,,16.093,32.2,54.0,3.6
bergstrom,USW00013904,2021-08-28T21:53:00+00:00,2021-08-28T16:53:00-05:00,2021-08-28T15:53:00,FM-15,0.0,0.0,0,,16.093,31.1,57.0,4.1
bergstrom,USW00013904,2021-08-28T22:53:00+00:00,2021-08-28T17:53:00-05:00,2021-08-28T16:53:00,FM-15,0.0,0.0,0,,16.093,33.3,52.0,5.1
bergstrom,USW00013904,2021-08-28T23:53:00+00:00,2021-08-28T18:53:00-05:00,2021-08-28T17:53:00,FM-15,0.0,0.0,0,,16.093,32.2,54.0,6.7
bergstrom,USW00013904,2021-08-29T00:17:00+00:00,2021-08-28T19:17:00-05:00,2021-08-28T18:17:00,FM-16,,,0,,16.093,31.1,57.0,9.3
bergstrom,USW00013904,2021-08-29T00:28:00+00:00,2021-08-28T19:28:00-05:00,2021-08-28T18:28:00,FM-16,,,0,,16.093,28.9,70.0,7.2
bergstrom,USW00013904,2021-08-29T00:42:00+00:00,2021-08-28T19:42:00-05:00,2021-08-28T18:42:00,FM-16,,,1,TS |TS |,16.093,27.8,72.0,6.2
bergstrom,USW00013904,2021-08-29T00:53:00+00:00,2021-08-28T19:53:00-05:00,2021-08-28T18:53:00,FM-15,0.0,0.0,1,TS |TS |,16.093,27.8,72.0,6.2
bergstrom,USW00013904,2021-08-29T01:19:00+00:00,2021-08-28T20:19:00-05:00,2021-08-28T19:19:00,FM-16,,,0,,16.093,26.7,79.0,3.1
bergstrom,USW00013904,2021-08-29T01:53:00+00:00,2021-08-28T20:53:00-05:00,2021-08-28T19:53:00,FM-15,0.0,0.0,0,,16.093,26.1,85.0,2.1
bergstrom,USW00013904,2021-08-29T02:53:00+00:00,2021-08-28T21:53:00-05:00,2021-08-28T20:53:00,FM-15,0.0,0.0,0,,16.093,25.0,90.0,1.5
bergstrom,USW00013904,2021-08-29T03:53:00+00:00,2021-08-28T22:53:00-05:00,2021-08-28T21:53:00,FM-15,0.0,0.0,0,,16.093,23.9,100.0,0.0
bergstrom,USW00013904,2021-08-29T04:53:00+00:00,2021-08-28T23:53:00-05:00,2021-08-28T22:53:00,FM-15,0.0,0.0,0,,16.093,23.9,100.0,0.0
bergstrom,USW00013904,2021-08-29T05:53:00+00:00,2021-08-29T00:53:00-05:00,2021-08-28T23:53:00,FM-15,0.0,0.0,0,,16.093,22.8,100.0,1.5
bergstrom,USW00013904,2021-08-29T06:53:00+00:00,2021-08-29T01:53:00-05:00,2021-08-29T00:53:00,FM-15,0.0,0.0,0,,16.093,22.8,100.0,0.0
bergstrom,USW00013904,2021-08-29T07:53:00+00:00,2021-08-29T02:53:00-05:00,2021-08-29T01:53:00,FM-15,0.0,0.0,0,,16.093,23.3,100.0,0.0
bergstrom,USW00013904,2021-08-29T08:53:00+00:00,2021-08-29T03:53:00-05:00,2021-08-29T02:53:00,FM-15,0.0,0.0,0,,16.093,22.2,100.0,0.0
bergstrom,USW00013904,2021-08-29T09:42:00+00:00,2021-08-29T04:42:00-05:00,2021-08-29T03:42:00,FM-16,,,0,,16.093,22.2,100.0,0.0
bergstrom,USW00013904,2021-08-29T09:53:00+00:00,2021-08-29T04:53:00-05:00,2021-08-29T03:53:00,FM-15,0.0,0.0,0,,16.093,22.2,100.0,0.0
bergstrom,USW00013904,2021-08-29T10:53:00+00:00,2021-08-29T05:53:00-05:00,2021-08-29T04:53:00,FM-15,0.0,0.0,0,,16.093,22.2,100.0,0.0
bergstrom,USW00013904,2021-08-29T11:11:00+00:00,2021-08-29T06:11:00-05:00,2021-08-29T05:11:00,FM-16,,,0,,16.093,22.8,100.0,0.0
bergstrom,USW00013904,2021-08-29T11:26:00+00:00,2021-08-29T06:26:00-05:00,2021-08-29T05:26:00,FM-16,,,0,,16.093,22.8,100.0,0.0
bergstrom,USW00013904,2021-08-29T11:53:00+00:00,2021-08-29T06:53:00-05:00,2021-08-29T05:53:00,FM-15,0.0,0.0,0,,14.484,23.3,100.0,1.5
bergstrom,USW00013904,2021-08-29T12:53:00+00:00,2021-08-29T07:53:00-05:00,2021-08-29T06:53:00,FM-15,0.0,0.0,0,,11.265,23.9,100.0,2.6
bergstrom,USW00013904,2021-08-29T13:14:00+00:00,2021-08-29T08:14:00-05:00,2021-08-29T07:14:00,FM-16,,,0,BR:1 |BR |,6.437,23.9,100.0,2.6
bergstrom,USW00013904,2021-08-29T13:53:00+00:00,2021-08-29T08:53:00-05:00,2021-08-29T07:53:00,FM-15,0.0,0.0,0,BR:1 |BR |,6.437,23.9,100.0,2.6
bergstrom,USW00013904,2021-08-29T14:35:00+00:00,2021-08-29T09:35:00-05:00,2021-08-29T08:35:00,FM-16,,,0,BR:1 |BR |,8.047,25.0,100.0,0.0
bergstrom,USW00013904,2021-08-29T14:53:00+00:00,2021-08-29T09:53:00-05:00,2021-08-29T08:53:00,FM-15,0.0,0.0,0,BR:1 |BR |,9.656,25.6,97.0,2.1
bergstrom,USW00013904,2021-08-29T15:38:00+00:00,2021-08-29T10:38:00-05:00,2021-08-29T09:38:00,FM-16,,,0,,16.093,27.2,88.0,2.1
bergstrom,USW00013904,2021-08-29T15:40:00+00:00,2021-08-29T10:40:00-05:00,2021-08-29T09:40:00,FM-16,,,0,,14.484,27.8,85.0,2.1
bergstrom,USW00013904,2021-08-29T15:53:00+00:00,2021-08-29T10:53:00-05:00,2021-08-29T09:53:00,FM-15,0.0,0.0,0,,16.093,28.3,82.0,2.1
bergstrom,USW00013904,2021-08-29T16:53:00+00:00,2021-08-29T11:53:00-05:00,2021-08-29T10:53:00,FM-15,0.0,0.0,0,,16.093,30.0,67.0,2.1
bergstrom,USW00013904,2021-08-29T17:53:00+00:00,2021-08-29T12:53:00-05:00,2021-08-29T11:53:00,FM-15,0.0,0.0,0,,16.093,31.1,63.0,3.1
bergstrom,USW00013904,2021-08-29T18:53:00+00:00,2021-08-29T13:53:00-05:00,2021-08-29T12:53:00,FM-15,0.0,0.0,0,,16.093,31.7,57.0,3.1
bergstrom,USW00013904,2021-08-29T19:53:00+00:00,2021-08-29T14:53:00-05:00,2021-08-29T13:53:00,FM-15,0.0,0.0,0,,16.093,33.3,49.0,3.6
bergstrom,USW00013904,2021-08-29T20:53:00+00:00,2021-08-29T15:53:00-05:00,2021-08-29T14:53:00,FM-15,0.0,0.0,0,,16.093,34.4,48.0,2.6
bergstrom,USW00013904,2021-08-29T21:53:00+00:00,2021-08-29T16:53:00-05:00,2021-08-29T15:53:00,FM-15,0.0,0.0,0,,16.093,33.3,51.0,2.1
bergstrom,USW00013904,2021-08-29T22:53:00+00:00,2021-08-29T17:53:00-05:00,2021-08-29T16:53:00,FM-15,0.0,0.0,0,,16.093,33.3,51.0,1.5
bergstrom,USW00013904,2021-08-29T23:53:00+00:00,2021-08-29T18:53:00-05:00,2021-08-29T17:53:00,FM-15,0.0,0.0,0,,16.093,32.8,54.0,5.7
bergstrom,USW00013904,2021-08-30T00:53:00+00:00,2021-08-29T19:53:00-05:00,2021-08-29T18:53:00,FM-15,0.0,0.0,0,,16.093,30.0,65.0,2.6
bergstrom,USW00013904,2021-08-30T01:53:00+00:00,2021-08-29T20:53:00-05:00,2021-08-29T19:53:00,FM-15,0.0,0.0,0,,16.093,29.4,68.0,2.1
bergstrom,USW00013904,2021-08-30T02:53:00+00:00,2021-08-29T21:53:00-05:00,2021-08-29T20:53:00,FM-15,0.0,0.0,0,,16.093,28.9,72.0,1.5
bergstrom,USW00013904,2021-08-30T03:53:00+00:00,2021-08-29T22:53:00-05:00,2021-08-29T21:53:00,FM-15,0.0,0.0,0,,16.093,26.1,88.0,0.0
bergstrom,USW00013904,2021-08-30T04:53:00+00:00,2021-08-29T23:53:00-05:00,2021-08-29T22:53:00,FM-15,0.0,0.0,0,,16.093,27.8,77.0,4.1
bergstrom,USW00013904,2021-08-30T05:53:00+00:00,2021-08-30T00:53:00-05:00,2021-08-29T23:53:00,FM-15,0.0,0.0,0,,16.093,26.7,85.0,2.1
bergstrom,USW00013904,2021-08-30T06:53:00+00:00,2021-08-30T01:53:00-05:00,2021-08-30T00:53:00,FM-15,0.0,0.0,0,,16.093,24.4,97.0,0.0
bergstrom,USW00013904,2021-08-30T07:53:00+00:00,2021-08-30T02:53:00-05:00,2021-08-30T01:53:00,FM-15,0.0,0.0,0,,16.093,23.9,96.0,0.0
bergstrom,USW00013904,2021-08-30T08:53:00+00:00,2021-08-30T03:53:00-05:00,2021-08-30T02:53:00,FM-15,0.0,0.0,0,,16.093,23.3,100.0,0.0
bergstrom,USW00013904,2021-08-30T09:53:00+00:00,2021-08-30T04:53:00-05:00,2021-08-30T03:53:00,FM-15,0.0,0.0,0,,16.093,23.3,100.0,0.0
bergstrom,USW00013904,2021-08-30T10:53:00+00:00,2021-08-30T05:53:00-05:00,2021-08-30T04:53:00,FM-15,0.0,0.0,0,,16.093,23.3,100.0,2.6
bergstrom,USW00013904,2021-08-30T11:53:00+00:00,2021-08-30T06:53:00-05:00,2021-08-30T05:53:00,FM-15,0.0,0.0,0,,16.093,23.3,100.0,0.0
bergstrom,USW00013904,2021-08-30T12:53:00+00:00,2021-08-30T07:53:00-05:00,2021-08-30T06:53:00,FM-15,0.0,0.0,0,,16.093,23.9,100.0,0.0
bergstrom,USW00013904,2021-08-30T13:53:00+00:00,2021-08-30T08:53:00-05:00,2021-08-30T07:53:00,FM-15,0.0,0.0,0,,16.093,27.8,79.0,2.6
bergstrom,USW00013904,2021-08-30T14:53:00+00:00,2021-08-30T09:53:00-05:00,2021-08-30T08:53:00,FM-15,0.0,0.0,0,,16.093,28.9,74.0,3.1
bergstrom,USW00013904,2021-08-30T15:53:00+00:00,2021-08-30T10:53:00-05:00,2021-08-30T09:53:00,FM-15,0.0,0.0,0,,16.093,30.6,65.0,0.0
bergstrom,USW00013904,2021-08-30T16:53:00+00:00,2021-08-30T11:53:00-05:00,2021-08-30T10:53:00,FM-15,0.0,0.0,0,,16.093,31.7,59.0,0.0
bergstrom,USW00013904,2021-08-30T17:53:00+00:00,2021-08-30T12:53:00-05:00,2021-08-30T11:53:00,FM-15,,T,1,,16.093,32.8,56.0,1.5
bergstrom,USW00013904,2021-08-30T18:53:00+00:00,2021-08-30T13:53:00-05:00,2021-08-30T12:53:00,FM-15,,T,1,-RA:02 |RA |RA,16.093,30.6,63.0,8.8
bergstrom,USW00013904,2021-08-30T19:53:00+00:00,2021-08-30T14:53:00-05:00,2021-08-30T13:53:00,FM-15,,T,1,,16.093,32.2,58.0,1.5
bergstrom,USW00013904,2021-08-30T20:53:00+00:00,2021-08-30T15:53:00-05:00,2021-08-30T14:53:00,FM-15,0.0,0.0,0,,16.093,31.1,63.0,4.6
bergstrom,USW00013904,2021-08-30T21:53:00+00:00,2021-08-30T16:53:00-05:00,2021-08-30T15:53:00,FM-15,0.0,0.0,0,,16.093,32.2,62.0,2.6
bergstrom,USW00013904,2021-08-30T22:53:00+00:00,2021-08-30T17:53:00-05:00,2021-08-30T16:53:00,FM-15,0.0,0.0,0,,16.093,32.8,56.0,1.5
bergstrom,USW00013904,2021-08-30T23:53:00+00:00,2021-08-30T18:53:00-05:00,2021-08-30T17:53:00,FM-15,0.0,0.0,0,,16.093,32.2,58.0,2.1
bergstrom,USW00013904,2021-08-31T00:53:00+00:00,2021-08-30T19:53:00-05:00,2021-08-30T18:53:00,FM-15,0.0,0.0,0,,16.093,29.4,75.0,0.0
bergstrom,USW00013904,2021-08-31T01:53:00+00:00,2021-08-30T20:53:00-05:00,2021-08-30T19:53:00,FM-15,0.0,0.0,0,,16.093,27.2,88.0,0.0
bergstrom,USW00013904,2021-08-31T02:53:00+00:00,2021-08-30T21:53:00-05:00,2021-08-30T20:53:00,FM-15,0.0,0.0,0,,16.093,26.1,90.0,0.0
bergstrom,USW00013904,2021-08-31T03:53:00+00:00,2021-08-30T22:53:00-05:00,2021-08-30T21:53:00,FM-15,0.0,0.0,0,,16.093,25.6,97.0,1.5
bergstrom,USW00013904,2021-08-31T04:53:00+00:00,2021-08-30T23:53:00-05:00,2021-08-30T22:53:00,FM-15,0.0,0.0,0,,16.093,25.0,96.0,0.0
bergstrom,USW00013904,2021-08-31T05:53:00+00:00,2021-08-31T00:53:00-05:00,2021-08-30T23:53:00,FM-15,0.0,0.0,0,,16.093,23.9,100.0,0.0
bergstrom,USW00013904,2021-08-31T06:53:00+00:00,2021-08-31T01:53:00-05:00,2021-08-31T00:53:00,FM-15,0.0,0.0,0,,16.093,23.9,100.0,1.5
bergstrom,USW00013904,2021-08-31T07:53:00+00:00,2021-08-31T02:53:00-05:00,2021-08-31T01:53:00,FM-15,0.0,0.0,0,,16.093,24.4,100.0,0.0
bergstrom,USW00013904,2021-08-31T08:53:00+00:00,2021-08-31T03:53:00-05:00,2021-08-31T02:53:00,FM-15,0.0,0.0,0,,16.093,23.3,100.0,0.0
bergstrom,USW00013904,2021-08-31T09:53:00+00:00,2021-08-31T04:53:00-05:00,2021-08-31T03:53:00,FM-15,0.0,0.0,0,,16.093,23.3,100.0,0.0
bergstrom,USW00013904,2021-08-31T10:53:00+00:00,2021-08-31T05:53:00-05:00,2021-08-31T04:53:00,FM-15,0.0,0.0,0,,16.093,22.8,100.0,1.5
bergstrom,USW00013904,2021-08-31T11:53:00+00:00,2021-08-31T06:53:00-05:00,2021-08-31T05:53:00,FM-15,0.0,0.0,0,,16.093,22.2,100.0,0.0
bergstrom,USW00013904,2021-08-31T12:53:00+00:00,2021-08-31T07:53:00-05:00,2021-08-31T06:53:00,FM-15,0.0,0.0,0,,16.093,23.9,96.0,0.0
bergstrom,USW00013904,2021-08-31T13:53:00+00:00,2021-08-31T08:53:00-05:00,2021-08-31T07:53:00,FM-15,0.0,0.0,0,,16.093,25.0,90.0,0.0
bergstrom,USW00013904,2021-08-31T14:53:00+00:00,2021-08-31T09:53:00-05:00,2021-08-31T08:53:00,FM-15,0.0,0.0,0,,16.093,28.9,70.0,0.0
bergstrom,USW00013904,2021-08-31T15:53:00+00:00,2021-08-31T10:53:00-05:00,2021-08-31T09:53:00,FM-15,0.0,0.0,0,,16.093,31.7,50.0,3.1
bergstrom,USW00013904,2021-08-31T16:53:00+00:00,2021-08-31T11:53:00-05:00,2021-08-31T10:53:00,FM-15,0.0,0.0,0,,16.093,33.3,47.0,2.1
bergstrom,USW00013904,2021-08-31T17:53:00+00:00,2021-08-31T12:53:00-05:00,2021-08-31T11:53:00,FM-15,0.0,0.0,0,,16.093,34.4,48.0,4.1
bergstrom,USW00013904,2021-08-31T18:53:00+00:00,2021-08-31T13:53:00-05:00,2021-08-31T12:53:00,FM-15,0.0,0.0,0,,16.093,35.0,43.0,0.0
bergstrom,USW00013904,2021-08-31T19:53:00+00:00,2021-08-31T14:53:00-05:00,2021-08-31T13:53:00,FM-15,0.0,0.0,0,,16.093,35.0,44.0,2.6
bergstrom,USW00013904,2021-08-31T20:53:00+00:00,2021-08-31T15:53:00-05:00,2021-08-31T14:53:00,FM-15,0.0,0.0,0,,16.093,35.6,41.0,0.0
bergstrom,USW00013904,2021-08-31T21:53:00+00:00,2021-08-31T16:53:00-05:00,2021-08-31T15:53:00,FM-15,0.0,0.0,0,,16.093,35.6,43.0,2.6
bergstrom,USW00013904,2021-08-31T22:53:00+00:00,2021-08-31T17:53:00-05:00,2021-08-31T16:53:00,FM-15,0.0,0.0,0,,16.093,35.6,43.0,3.6
bergstrom,USW00013904,2021-08-31T23:53:00+00:00,2021-08-31T18:53:00-05:00,2021-08-31T17:53:00,FM-15,0.0,0.0,0,,16.093,34.4,44.0,5.1
bergstrom,USW00013904,2021-09-01T00:53:00+00:00,2021-08-31T19:53:00-05:00,2021-08-31T18:53:00,FM-15,0.0,0.0,0,,16.093,31.7,55.0,2.6
bergstrom,USW00013904,2021-09-01T01:53:00+00:00,2021-08-31T20:53:00-05:00,2021-08-31T19:53:00,FM-15,0.0,0.0,0,,16.093,30.6,61.0,3.6
bergstrom,USW00013904,2021-09-01T02:53:00+00:00,2021-08-31T21:53:00-05:00,2021-08-31T20:53:00,FM-15,0.0,0.0,0,,16.093,29.4,68.0,3.6
bergstrom,USW00013904,2021-09-01T03:53:00+00:00,2021-08-31T22:53:00-05:00,2021-08-31T21:53:00,FM-15,0.0,0.0,0,,16.093,28.3,74.0,3.1
bergstrom,USW00013904,2021-09-01T04:53:00+00:00,2021-08-31T23:53:00-05:00,2021-08-31T22:53:00,FM-15,0.0,0.0,0,,16.093,27.2,79.0,4.1
bergstrom,USW00013904,2021-09-01T05:53:00+00:00,2021-09-01T00:53:00-05:00,2021-08-31T23:53:00,FM-15,0.0,0.0,0,,16.093,26.7,87.0,4.1
bergstrom,USW00013904,2021-09-01T06:53:00+00:00,2021-09-01T01:53:00-05:00,2021-09-01T00:53:00,FM-15,0.0,0.0,0,,14.484,25.6,97.0,4.1
bergstrom,USW00013904,2021-09-01T07:53:00+00:00,2021-09-01T02:53:00-05:00,2021-09-01T01:53:00,FM-15,0.0,0.0,0,,14.484,24.4,100.0,2.6
bergstrom,USW00013904,2021-09-01T08:42:00+00:00,2021-09-01T03:42:00-05:00,2021-09-01T02:42:00,FM-16,,,0,,14.484,25.0,100.0,2.1
bergstrom,USW00013904,2021-09-01T08:53:00+00:00,2021-09-01T03:53:00-05:00,2021-09-01T02:53:00,FM-15,0.0,0.0,0,,14.484,24.4,100.0,1.5
bergstrom,USW00013904,2021-09-01T09:02:00+00:00,2021-09-01T04:02:00-05:00,2021-09-01T03:02:00,FM-16,,,0,,12.875,24.4,100.0,1.5
bergstrom,USW00013904,2021-09-01T09:53:00+00:00,2021-09-01T04:53:00-05:00,2021-09-01T03:53:00,FM-15,0.0,0.0,0,,11.265,23.9,100.0,0.0
bergstrom,USW00013904,2021-09-01T10:53:00+00:00,2021-09-01T05:53:00-05:00,2021-09-01T04:53:00,FM-15,0.0,0.0,0,BR:1 |BR |,9.656,22.8,100.0,0.0
bergstrom,USW00013904,2021-09-01T11:53:00+00:00,2021-09-01T06:53:00-05:00,2021-09-01T05:53:00,FM-15,0.0,0.0,0,BR:1 |BR |,9.656,23.3,100.0,0.0
bergstrom,USW00013904,2021-09-01T12:10:00+00:00,2021-09-01T07:10:00-05:00,2021-09-01T06:10:00,FM-16,,,0,BR:1 |BR |,3.219,23.3,100.0,0.0
bergstrom,USW00013904,2021-09-01T12:53:00+00:00,2021-09-01T07:53:00-05:00,2021-09-01T06:53:00,FM-15,0.0,0.0,0,BR:1 |BR |,3.219,24.4,100.0,2.1
bergstrom,USW00013904,2021-09-01T13:53:00+00:00,2021-09-01T08:53:00-05:00,2021-09-01T07:53:00,FM-15,0.0,0.0,0,,3.219,26.1,100.0,1.5
bergstrom,USW00013904,2021-09-01T14:07:00+00:00,2021-09-01T09:07:00-05:00,2021-09-01T08:07:00,FM-16,,,0,,16.093,26.7,97.0,2.6
bergstrom,USW00013904,2021-09-01T14:51:00+00:00,2021-09-01T09:51:00-05:00,2021-09-01T08:51:00,FM-16,,,0,,16.093,29.0,84.0,3.6
bergstrom,USW00013904,2021-09-01T14:53:00+00:00,2021-09-01T09:53:00-05:00,2021-09-01T08:53:00,FM-15,0.0,0.0,0,,16.093,28.9,82.0,5.1
bergstrom,USW00013904,2021-09-01T15:17:00+00:00,2021-09-01T10:17:00-05:00,2021-09-01T09:17:00,FM-16,,,0,,16.093,28.9,80.0,5.1
bergstrom,USW00013904,2021-09-01T15:53:00+00:00,2021-09-01T10:53:00-05:00,2021-09-01T09:53:00,FM-15,0.0,0.0,0,,16.093,31.1,73.0,4.1
bergstrom,USW00013904,2021-09-01T16:53:00+00:00,2021-09-01T11:53:00-05:00,2021-09-01T10:53:00,FM-15,0.0,0.0,0,,16.093,32.2,63.0,5.7
bergstrom,USW00013904,2021-09-01T17:53:00+00:00,2021-09-01T12:53:00-05:00,2021-09-01T11:53:00,FM-15,0.0,0.0,0,,16.093,32.8,59.0,2.1
bergstrom,USW00013904,2021-09-01T18:53:00+00:00,2021-09-01T13:53:00-05:00,2021-09-01T12:53:00,FM-15,0.0,0.0,0,,16.093,33.9,54.0,2.6
bergstrom,USW00013904,2021-09-01T19:53:00+00:00,2021-09-01T14:53:00-05:00,2021-09-01T13:53:00,FM-15,0.0,0.0,0,,16.093,33.9,50.0,1.5
bergstrom,USW00013904,2021-09-01T20:53:00+00:00,2021-09-01T15:53:00-05:00,2021-09-01T14:53:00,FM-15,0.0,0.0,0,,16.093,35.6,46.0,3.6
bergstrom,USW00013904,2021-09-01T21:53:00+00:00,2021-09-01T16:53:00-05:00,2021-09-01T15:53:00,FM-15,0.0,0.0,0,,16.093,36.1,42.0,4.6
bergstrom,USW00013904,2021-09-01T22:53:00+00:00,2021-09-01T17:53:00-05:00,2021-09-01T16:53:00,FM-15,0.0,0.0,0,,16.093,35.6,43.0,3.1
bergstrom,USW00013904,2021-09-01T23:53:00+00:00,2021-09-01T18:53:00-05:00,2021-09-01T17:53:00,FM-15,0.0,0.0,0,,16.093,34.4,46.0,4.1
bergstrom,USW00013904,2021-09-02T00:53:00+00:00,2021-09-01T19:53:00-05:00,2021-09-01T18:53:00,FM-15,0.0,0.0,0,,16.093,31.7,61.0,7.2
bergstrom,USW00013904,2021-09-02T01:53:00+00:00,2021-09-01T20:53:00-05:00,2021-09-01T19:53:00,FM-15,0.0,0.0,0,,16.093,30.0,72.0,4.6
bergstrom,USW00013904,2021-09-02T02:53:00+00:00,2021-09-01T21:53:00-05:00,2021-09-01T20:53:00,FM-15,0.0,0.0,0,,16.093,27.2,88.0,4.6
bergstrom,USW00013904,2021-09-02T03:53:00+00:00,2021-09-01T22:53:00-05:00,2021-09-01T21:53:00,FM-15,0.0,0.0,0,,16.093,27.8,85.0,2.6
bergstrom,USW00013904,2021-09-02T04:53:00+00:00,2021-09-01T23:53:00-05:00,2021-09-01T22:53:00,FM-15,0.0,0.0,0,,16.093,26.7,90.0,1.5
bergstrom,USW00013904,2021-09-02T05:53:00+00:00,2021-09-02T00:53:00-05:00,2021-09-01T23:53:00,FM-15,0.0,0.0,0,,16.093,26.1,97.0,2.6
bergstrom,USW00013904,2021-09-02T06:53:00+00:00,2021-09-02T01:53:00-05:00,2021-09-02T00:53:00,FM-15,0.0,0.0,0,,12.875,25.6,100.0,0.0
bergstrom,USW00013904,2021-09-02T07:53:00+00:00,2021-09-02T02:53:00-05:00,2021-09-02T01:53:00,FM-15,0.0,0.0,0,,12.875,24.4,100.0,0.0
bergstrom,USW00013904,2021-09-02T08:53:00+00:00,2021-09-02T03:53:00-05:00,2021-09-02T02:53:00,FM-15,0.0,0.0,0,,11.265,24.4,100.0,0.0
bergstrom,USW00013904,2021-09-02T09:02:00+00:00,2021-09-02T04:02:00-05:00,2021-09-02T03:02:00,FM-16,,,0,,11.265,25.6,100.0,0.0
bergstrom,USW00013904,2021-09-02T09:53:00+00:00,2021-09-02T04:53:00-05:00,2021-09-02T03:53:00,FM-15,0.0,0.0,0,,11.265,25.0,100.0,2.1
bergstrom,USW00013904,2021-09-02T10:51:00+00:00,2021-09-02T05:51:00-05:00,2021-09-02T04:51:00,FM-16,,,0,,11.265,24.0,100.0,0.0
bergstrom,USW00013904,2021-09-02T10:53:00+00:00,2021-09-02T05:53:00-05:00,2021-09-02T04:53:00,FM-15,0.0,0.0,0,,11.265,24.4,100.0,0.0
bergstrom,USW00013904,2021-09-02T11:51:00+00:00,2021-09-02T06:51:00-05:00,2021-09-02T05:51:00,FM-16,,,0,,12.875,24.0,100.0,1.5
bergstrom,USW00013904,2021-09-02T11:53:00+00:00,2021-09-02T06:53:00-05:00,2021-09-02T05:53:00,FM-15,0.0,0.0,0,,12.875,24.4,100.0,1.5
bergstrom,USW00013904,2021-09-02T12:26:00+00:00,2021-09-02T07:26:00-05:00,2021-09-02T06:26:00,FM-16,,,0,,3.219,25.0,100.0,1.5
bergstrom,USW00013904,2021-09-02T12:53:00+00:00,2021-09-02T07:53:00-05:00,2021-09-02T06:53:00,FM-15,0.0,0.0,0,BR:1 |BR |,3.219,25.0,100.0,2.1
bergstrom,USW00013904,2021-09-02T12:57:00+00:00,2021-09-02T07:57:00-05:00,2021-09-02T06:57:00,FM-16,,,0,BR:1 |BR s |,0.805,25.0,100.0,2.1
bergstrom,USW00013904,2021-09-02T13:17:00+00:00,2021-09-02T08:17:00-05:00,2021-09-02T07:17:00,FM-16,,,0,BR:1 |BR |,2.414,25.0,100.0,1.5
bergstrom,USW00013904,2021-09-02T13:50:00+00:00,2021-09-02T08:50:00-05:00,2021-09-02T07:50:00,FM-16,,,0,BR:1 |BR |,8.047,26.0,100.0,0.0
bergstrom,USW00013904,2021-09-02T13:53:00+00:00,2021-09-02T08:53:00-05:00,2021-09-02T07:53:00,FM-15,0.0,0.0,0,,11.265,25.6,100.0,0.0
bergstrom,USW00013904,2021-09-02T14:19:00+00:00,2021-09-02T09:19:00-05:00,2021-09-02T08:19:00,FM-16,,,0,,16.093,26.1,100.0,3.1
bergstrom,USW00013904,2021-09-02T14:53:00+00:00,2021-09-02T09:53:00-05:00,2021-09-02T08:53:00,FM-15,0.0,0.0,0,,16.093,27.8,90.0,2.6
bergstrom,USW00013904,2021-09-02T15:13:00+00:00,2021-09-02T10:13:00-05:00,2021-09-02T09:13:00,FM-16,,,0,,16.093,29.4,72.0,5.7
bergstrom,USW00013904,2021-09-02T15:53:00+00:00,2021-09-02T10:53:00-05:00,2021-09-02T09:53:00,FM-15,0.0,0.0,0,,16.093,31.1,63.0,4.6
bergstrom,USW00013904,2021-09-02T16:53:00+00:00,2021-09-02T11:53:00-05:00,2021-09-02T10:53:00,FM-15,0.0,0.0,0,,16.093,32.2,56.0,6.2
bergstrom,USW00013904,2021-09-02T17:53:00+00:00,2021-09-02T12:53:00-05:00,2021-09-02T11:53:00,FM-15,0.0,0.0,0,,16.093,33.9,50.0,1.5
bergstrom,USW00013904,2021-09-02T18:53:00+00:00,2021-09-02T13:53:00-05:00,2021-09-02T12:53:00,FM-15,0.0,0.0,0,,16.093,34.4,48.0,4.6
bergstrom,USW00013904,2021-09-02T19:53:00+00:00,2021-09-02T14:53:00-05:00,2021-09-02T13:53:00,FM-15,0.0,0.0,0,,16.093,35.0,43.0,2.6
bergstrom,USW00013904,2021-09-02T20:53:00+00:00,2021-09-02T15:53:00-05:00,2021-09-02T14:53:00,FM-15,0.0,0.0,0,,16.093,35.0,43.0,4.1
bergstrom,USW00013904,2021-09-02T21:53:00+00:00,2021-09-02T16:53:00-05:00,2021-09-02T15:53:00,FM-15,0.0,0.0,0,,16.093,36.1,40.0,4.6
bergstrom,USW00013904,2021-09-02T22:38:00+00:00,2021-09-02T17:38:00-05:00,2021-09-02T16:38:00,FM-16,,,0,,16.093,34.4,51.0,9.3
bergstrom,USW00013904,2021-09-02T22:53:00+00:00,2021-09-02T17:53:00-05:00,2021-09-02T16:53:00,FM-15,0.0,0.0,0,,16.093,32.8,56.0,6.2
bergstrom,USW00013904,2021-09-02T23:53:00+00:00,2021-09-02T18:53:00-05:00,2021-09-02T17:53:00,FM-15,0.0,0.0,0,,16.093,33.3,49.0,6.7
bergstrom,USW00013904,2021-09-03T00:53:00+00:00,2021-09-02T19:53:00-05:00,2021-09-02T18:53:00,FM-15,0.0,0.0,0,,16.093,31.1,57.0,4.1
bergstrom,USW00013904,2021-09-03T01:53:00+00:00,2021-09-02T20:53:00-05:00,2021-09-02T19:53:00,FM-15,0.0,0.0,0,,16.093,30.0,63.0,3.6
bergstrom,USW00013904,2021-09-03T02:53:00+00:00,2021-09-02T21:53:00-05:00,2021-09-02T20:53:00,FM-15,0.0,0.0,0,,16.093,28.9,72.0,3.6
bergstrom,USW00013904,2021-09-03T03:53:00+00:00,2021-09-02T22:53:00-05:00,2021-09-02T21:53:00,FM-15,0.0,0.0,0,,16.093,26.7,82.0,1.5
bergstrom,USW00013904,2021-09-03T04:53:00+00:00,2021-09-02T23:53:00-05:00,2021-09-02T22:53:00,FM-15,0.0,0.0,0,,16.093,25.0,88.0,0.0
bergstrom,USW00013904,2021-09-03T05:53:00+00:00,2021-09-03T00:53:00-05:00,2021-09-02T23:53:00,FM-15,0.0,0.0,0,,16.093,24.4,91.0,1.5
bergstrom,USW00013904,2021-09-03T06:53:00+00:00,2021-09-03T01:53:00-05:00,2021-09-03T00:53:00,FM-15,0.0,0.0,0,,16.093,23.9,94.0,0.0
bergstrom,USW00013904,2021-09-03T07:53:00+00:00,2021-09-03T02:53:00-05:00,2021-09-03T01:53:00,FM-15,0.0,0.0,0,,16.093,22.8,96.0,0.0
bergstrom,USW00013904,2021-09-03T08:53:00+00:00,2021-09-03T03:53:00-05:00,2021-09-03T02:53:00,FM-15,0.0,0.0,0,,16.093,23.3,97.0,0.0
bergstrom,USW00013904,2021-09-03T09:53:00+00:00,2021-09-03T04:53:00-05:00,2021-09-03T03:53:00,FM-15,0.0,0.0,0,,16.093,22.8,96.0,0.0
bergstrom,USW00013904,2021-09-03T10:28:00+00:00,2021-09-03T05:28:00-05:00,2021-09-03T04:28:00,FM-16,,,0,,16.093,22.8,96.0,0.0
bergstrom,USW00013904,2021-09-03T10:49:00+00:00,2021-09-03T05:49:00-05:00,2021-09-03T04:49:00,FM-16,,,0,,16.093,23.0,100.0,0.0
bergstrom,USW00013904,2021-09-03T10:53:00+00:00,2021-09-03T05:53:00-05:00,2021-09-03T04:53:00,FM-15,0.0,0.0,0,,16.093,22.8,100.0,0.0
bergstrom,USW00013904,2021-09-03T11:05:00+00:00,2021-09-03T06:05:00-05:00,2021-09-03T05:05:00,FM-16,,,0,,16.093,23.9,94.0,0.0
bergstrom,USW00013904,2021-09-03T11:37:00+00:00,2021-09-03T06:37:00-05:00,2021-09-03T05:37:00,FM-16,,,0,,16.093,23.9,94.0,0.0
bergstrom,USW00013904,2021-09-03T11:53:00+00:00,2021-09-03T06:53:00-05:00,2021-09-03T05:53:00,FM-15,0.0,0.0,0,,16.093,23.3,97.0,0.0
bergstrom,USW00013904,2021-09-03T12:53:00+00:00,2021-09-03T07:53:00-05:00,2021-09-03T06:53:00,FM-15,0.0,0.0,0,,16.093,25.0,94.0,0.0
bergstrom,USW00013904,2021-09-03T13:53:00+00:00,2021-09-03T08:53:00-05:00,2021-09-03T07:53:00,FM-15,0.0,0.0,0,,16.093,25.6,93.0,1.5
bergstrom,USW00013904,2021-09-03T14:53:00+00:00,2021-09-03T09:53:00-05:00,2021-09-03T08:53:00,FM-15,0.0,0.0,0,,16.093,28.3,82.0,2.6
bergstrom,USW00013904,2021-09-03T15:53:00+00:00,2021-09-03T10:53:00-05:00,2021-09-03T09:53:00,FM-15,0.0,0.0,0,,16.093,30.6,65.0,3.1
bergstrom,USW00013904,2021-09-03T16:53:00+00:00,2021-09-03T11:53:00-05:00,2021-09-03T10:53:00,FM-15,0.0,0.0,0,,16.093,31.1,59.0,2.6
bergstrom,USW00013904,2021-09-03T17:53:00+00:00,2021-09-03T12:53:00-05:00,2021-09-03T11:53:00,FM-15,0.0,0.0,0,,16.093,33.3,49.0,4.1
bergstrom,USW00013904,2021-09-03T18:53:00+00:00,2021-09-03T13:53:00-05:00,2021-09-03T12:53:00,FM-15,0.0,0.0,0,,16.093,35.0,44.0,5.7
bergstrom,USW00013904,2021-09-03T19:53:00+00:00,2021-09-03T14:53:00-05:00,2021-09-03T13:53:00,FM-15,0.0,0.0,0,,16.093,35.0,41.0,2.6
bergstrom,USW00013904,2021-09-03T20:53:00+00:00,2021-09-03T15:53:00-05:00,2021-09-03T14:53:00,FM-15,0.0,0.0,0,,16.093,35.6,40.0,2.6
bergstrom,USW00013904,2021-09-03T21:53:00+00:00,2021-09-03T16:53:00-05:00,2021-09-03T15:53:00,FM-15,0.3,0.3,1,-RA:02 |RA |RA,12.875,28.9,77.0,5.1
bergstrom,USW00013904,2021-09-03T22:08:00+00:00,2021-09-03T17:08:00-05:00,2021-09-03T16:08:00,FM-16,,,1,-RA:02 |RA |RA,16.093,31.1,73.0,4.1
bergstrom,USW00013904,2021-09-03T22:53:00+00:00,2021-09-03T17:53:00-05:00,2021-09-03T16:53:00,FM-15,,T,1,,16.093,31.7,63.0,3.1
bergstrom,USW00013904,2021-09-03T23:53:00+00:00,2021-09-03T18:53:00-05:00,2021-09-03T17:53:00,FM-15,0.0,0.0,0,,16.093,32.2,56.0,5.7
bergstrom,USW00013904,2021-09-04T00:53:00+00:00,2021-09-03T19:53:00-05:00,2021-09-03T18:53:00,FM-15,0.0,0.0,0,,16.093,30.6,55.0,4.6
bergstrom,USW00013904,2021-09-04T01:53:00+00:00,2021-09-03T20:53:00-05:00,2021-09-03T19:53:00,FM-15,0.0,0.0,0,,16.093,28.9,61.0,3.1
bergstrom,USW00013904,2021-09-04T02:53:00+00:00,2021-09-03T21:53:00-05:00,2021-09-03T20:53:00,FM-15,0.0,0.0,0,,16.093,26.1,74.0,3.1
bergstrom,USW00013904,2021-09-04T03:53:00+00:00,2021-09-03T22:53:00-05:00,2021-09-03T21:53:00,FM-15,0.0,0.0,0,,16.093,25.0,79.0,1.5
bergstrom,USW00013904,2021-09-04T04:53:00+00:00,2021-09-03T23:53:00-05:00,2021-09-03T22:53:00,FM-15,0.0,0.0,0,,16.093,25.0,82.0,3.1
bergstrom,USW00013904,2021-09-04T05:53:00+00:00,2021-09-04T00:53:00-05:00,2021-09-03T23:53:00,FM-15,0.0,0.0,0,,16.093,23.9,88.0,1.5
bergstrom,USW00013904,2021-09-04T06:53:00+00:00,2021-09-04T01:53:00-05:00,2021-09-04T00:53:00,FM-15,0.0,0.0,0,,16.093,23.3,94.0,2.1
bergstrom,USW00013904,2021-09-04T07:53:00+00:00,2021-09-04T02:53:00-05:00,2021-09-04T01:53:00,FM-15,0.0,0.0,0,,16.093,23.3,94.0,0.0
bergstrom,USW00013904,2021-09-04T08:53:00+00:00,2021-09-04T03:53:00-05:00,2021-09-04T02:53:00,FM-15,0.0,0.0,0,,16.093,22.8,96.0,0.0
bergstrom,USW00013904,2021-09-04T09:53:00+00:00,2021-09-04T04:53:00-05:00,2021-09-04T03:53:00,FM-15,0.0,0.0,0,,16.093,22.8,96.0,0.0
bergstrom,USW00013904,2021-09-04T10:53:00+00:00,2021-09-04T05:53:00-05:00,2021-09-04T04:53:00,FM-15,0.0,0.0,0,,12.875,22.2,97.0,2.1
bergstrom,USW00013904,2021-09-04T11:53:00+00:00,2021-09-04T06:53:00-05:00,2021-09-04T05:53:00,FM-15,0.0,0.0,0,,11.265,22.8,100.0,1.5
bergstrom,USW00013904,2021-09-04T12:53:00+00:00,2021-09-04T07:53:00-05:00,2021-09-04T06:53:00,FM-15,0.0,0.0,0,,12.875,23.3,97.0,0.0
bergstrom,USW00013904,2021-09-04T13:53:00+00:00,2021-09-04T08:53:00-05:00,2021-09-04T07:53:00,FM-15,0.0,0.0,0,,12.875,25.6,93.0,2.1
bergstrom,USW00013904,2021-09-04T14:53:00+00:00,2021-09-04T09:53:00-05:00,2021-09-04T08:53:00,FM-15,0.0,0.0,0,,14.484,28.9,72.0,4.6
bergstrom,USW00013904,2021-09-04T15:53:00+00:00,2021-09-04T10:53:00-05:00,2021-09-04T09:53:00,FM-15,0.0,0.0,0,,16.093,30.6,61.0,4.1
bergstrom,USW00013904,2021-09-04T16:53:00+00:00,2021-09-04T11:53:00-05:00,2021-09-04T10:53:00,FM-15,0.0,0.0,0,,16.093,32.2,54.0,4.6
bergstrom,USW00013904,2021-09-04T17:53:00+00:00,2021-09-04T12:53:00-05:00,2021-09-04T11:53:00,FM-15,0.0,0.0,0,,16.093,33.3,47.0,4.6
bergstrom,USW00013904,2021-09-04T18:53:00+00:00,2021-09-04T13:53:00-05:00,2021-09-04T12:53:00,FM-15,0.0,0.0,0,,16.093,34.4,43.0,4.6
bergstrom,USW00013904,2021-09-04T19:53:00+00:00,2021-09-04T14:53:00-05:00,2021-09-04T13:53:00,FM-15,0.0,0.0,0,,16.093,35.0,41.0,4.6
bergstrom,USW00013904,2021-09-04T20:53:00+00:00,2021-09-04T15:53:00-05:00,2021-09-04T14:53:00,FM-15,0.0,0.0,0,,16.093,35.0,37.0,3.1
bergstrom,USW00013904,2021-09-04T21:53:00+00:00,2021-09-04T16:53:00-05:00,2021-09-04T15:53:00,FM-15,0.0,0.0,0,,16.093,35.0,37.0,5.1
bergstrom,USW00013904,2021-09-04T22:53:00+00:00,2021-09-04T17:53:00-05:00,2021-09-04T16:53:00,FM-15,0.0,0.0,0,,16.093,35.0,37.0,3.1
bergstrom,USW00013904,2021-09-04T23:53:00+00:00,2021-09-04T18:53:00-05:00,2021-09-04T17:53:00,FM-15,0.0,0.0,0,,16.093,33.9,41.0,3.1
bergstrom,USW00013904,2021-09-05T00:53:00+00:00,2021-09-04T19:53:00-05:00,2021-09-04T18:53:00,FM-15,0.0,0.0,0,,16.093,31.1,50.0,2.6
bergstrom,USW00013904,2021-09-05T01:53:00+00:00,2021-09-04T20:53:00-05:00,2021-09-04T19:53:00,FM-15,0.0,0.0,0,,16.093,29.4,57.0,3.1
bergstrom,USW00013904,2021-09-05T02:53:00+00:00,2021-09-04T21:53:00-05:00,2021-09-04T20:53:00,FM-15,0.0,0.0,0,,16.093,28.9,63.0,4.1
bergstrom,USW00013904,2021-09-05T03:53:00+00:00,2021-09-04T22:53:00-05:00,2021-09-04T21:53:00,FM-15,0.0,0.0,0,,16.093,28.3,72.0,6.2
bergstrom,USW00013904,2021-09-05T04:53:00+00:00,2021-09-04T23:53:00-05:00,2021-09-04T22:53:00,FM-15,0.0,0.0,0,,16.093,27.2,74.0,3.6
bergstrom,USW00013904,2021-09-05T05:53:00+00:00,2021-09-05T00:53:00-05:00,2021-09-04T23:53:00,FM-15,0.0,0.0,0,,16.093,26.1,77.0,3.6
bergstrom,USW00013904,2021-09-05T06:53:00+00:00,2021-09-05T01:53:00-05:00,2021-09-05T00:53:00,FM-15,0.0,0.0,0,,16.093,25.0,82.0,2.1
bergstrom,USW00013904,2021-09-05T07:53:00+00:00,2021-09-05T02:53:00-05:00,2021-09-05T01:53:00,FM-15,0.0,0.0,0,,16.093,22.8,90.0,0.0
bergstrom,USW00013904,2021-09-05T08:53:00+00:00,2021-09-05T03:53:00-05:00,2021-09-05T02:53:00,FM-15,0.0,0.0,0,,16.093,23.3,91.0,2.1
bergstrom,USW00013904,2021-09-05T09:53:00+00:00,2021-09-05T04:53:00-05:00,2021-09-05T03:53:00,FM-15,0.0,0.0,0,,16.093,22.8,94.0,0.0
bergstrom,USW00013904,2021-09-05T10:53:00+00:00,2021-09-05T05:53:00-05:00,2021-09-05T04:53:00,FM-15,0.0,0.0,0,,16.093,22.2,94.0,0.0
bergstrom,USW00013904,2021-09-05T11:53:00+00:00,2021-09-05T06:53:00-05:00,2021-09-05T05:53:00,FM-15,0.0,0.0,0,,16.093,21.1,100.0,1.5
bergstrom,USW00013904,2021-09-05T12:53:00+00:00,2021-09-05T07:53:00-05:00,2021-09-05T06:53:00,FM-15,0.0,0.0,0,,14.484,22.8,96.0,0.0
bergstrom,USW00013904,2021-09-05T13:53:00+00:00,2021-09-05T08:53:00-05:00,2021-09-05T07:53:00,FM-15,0.0,0.0,0,,14.484,25.0,88.0,2.1
bergstrom,USW00013904,2021-09-05T14:53:00+00:00,2021-09-05T09:53:00-05:00,2021-09-05T08:53:00,FM-15,0.0,0.0,0,,16.093,28.9,65.0,4.6
bergstrom,USW00013904,2021-09-05T15:53:00+00:00,2021-09-05T10:53:00-05:00,2021-09-05T09:53:00,FM-15,0.0,0.0,0,,16.093,31.1,55.0,2.6
bergstrom,USW00013904,2021-09-05T16:53:00+00:00,2021-09-05T11:53:00-05:00,2021-09-05T10:53:00,FM-15,0.0,0.0,0,,16.093,33.3,46.0,5.1
bergstrom,USW00013904,2021-09-05T17:53:00+00:00,2021-09-05T12:53:00-05:00,2021-09-05T11:53:00,FM-15,0.0,0.0,0,,16.093,34.4,40.0,2.1
bergstrom,USW00013904,2021-09-05T18:53:00+00:00,2021-09-05T13:53:00-05:00,2021-09-05T12:53:00,FM-15,0.0,0.0,0,,16.093,36.1,36.0,3.1
bergstrom,USW00013904,2021-09-05T19:53:00+00:00,2021-09-05T14:53:00-05:00,2021-09-05T13:53:00,FM-15,0.0,0.0,0,,16.093,36.7,34.0,2.6
bergstrom,USW00013904,2021-09-05T20:53:00+00:00,2021-09-05T15:53:00-05:00,2021-09-05T14:53:00,FM-15,0.0,0.0,0,,16.093,37.2,34.0,2.6
bergstrom,USW00013904,2021-09-05T21:53:00+00:00,2021-09-05T16:53:00-05:00,2021-09-05T15:53:00,FM-15,0.0,0.0,0,,16.093,36.7,32.0,4.1
bergstrom,USW00013904,2021-09-05T22:53:00+00:00,2021-09-05T17:53:00-05:00,2021-09-05T16:53:00,FM-15,0.0,0.0,0,,16.093,36.7,31.0,3.1
bergstrom,USW00013904,2021-09-05T23:53:00+00:00,2021-09-05T18:53:00-05:00,2021-09-05T17:53:00,FM-15,0.0,0.0,0,,16.093,35.0,35.0,4.6
bergstrom,USW00013904,2021-09-06T00:53:00+00:00,2021-09-05T19:53:00-05:00,2021-09-05T18:53:00,FM-15,0.0,0.0,0,,16.093,30.6,50.0,1.5
bergstrom,USW00013904,2021-09-06T01:53:00+00:00,2021-09-05T20:53:00-05:00,2021-09-05T19:53:00,FM-15,0.0,0.0,0,,16.093,30.6,51.0,9.3
bergstrom,USW00013904,2021-09-06T02:05:00+00:00,2021-09-05T21:05:00-05:00,2021-09-05T20:05:00,FM-16,,,0,,16.093,29.4,55.0,10.8
bergstrom,USW00013904,2021-09-06T02:53:00+00:00,2021-09-05T21:53:00-05:00,2021-09-05T20:53:00,FM-15,0.0,0.0,0,,16.093,29.4,48.0,4.6
bergstrom,USW00013904,2021-09-06T03:53:00+00:00,2021-09-05T22:53:00-05:00,2021-09-05T21:53:00,FM-15,0.0,0.0,0,,16.093,27.8,55.0,2.6
bergstrom,USW00013904,2021-09-06T04:53:00+00:00,2021-09-05T23:53:00-05:00,2021-09-05T22:53:00,FM-15,0.0,0.0,0,,16.093,25.0,69.0,0.0
bergstrom,USW00013904,2021-09-06T05:53:00+00:00,2021-09-06T00:53:00-05:00,2021-09-05T23:53:00,FM-15,0.0,0.0,0,,16.093,23.9,76.0,1.5
bergstrom,USW00013904,2021-09-06T06:53:00+00:00,2021-09-06T01:53:00-05:00,2021-09-06T00:53:00,FM-15,0.0,0.0,0,,16.093,25.0,71.0,0.0
bergstrom,USW00013904,2021-09-06T07:53:00+00:00,2021-09-06T02:53:00-05:00,2021-09-06T01:53:00,FM-15,0.0,0.0,0,,16.093,25.0,74.0,0.0
bergstrom,USW00013904,2021-09-06T08:53:00+00:00,2021-09-06T03:53:00-05:00,2021-09-06T02:53:00,FM-15,0.0,0.0,0,,16.093,25.0,77.0,2.1
bergstrom,USW00013904,2021-09-06T09:53:00+00:00,2021-09-06T04:53:00-05:00,2021-09-06T03:53:00,FM-15,0.0,0.0,0,,16.093,24.4,82.0,0.0
bergstrom,USW00013904,2021-09-06T10:53:00+00:00,2021-09-06T05:53:00-05:00,2021-09-06T04:53:00,FM-15,0.0,0.0,0,,16.093,24.4,82.0,2.1
bergstrom,USW00013904,2021-09-06T11:53:00+00:00,2021-09-06T06:53:00-05:00,2021-09-06T05:53:00,FM-15,0.0,0.0,0,,16.093,24.4,82.0,2.1
bergstrom,USW00013904,2021-09-06T12:53:00+00:00,2021-09-06T07:53:00-05:00,2021-09-06T06:53:00,FM-15,0.0,0.0,0,,16.093,25.0,82.0,2.1
bergstrom,USW00013904,2021-09-06T13:53:00+00:00,2021-09-06T08:53:00-05:00,2021-09-06T07:53:00,FM-15,0.0,0.0,0,,16.093,28.3,70.0,1.5
bergstrom,USW00013904,2021-09-06T14:53:00+00:00,2021-09-06T09:53:00-05:00,2021-09-06T08:53:00,FM-15,0.0,0.0,0,,16.093,30.6,59.0,0.0
bergstrom,USW00013904,2021-09-06T15:53:00+00:00,2021-09-06T10:53:00-05:00,2021-09-06T09:53:00,FM-15,0.0,0.0,0,,16.093,31.7,53.0,1.5
bergstrom,USW00013904,2021-09-06T16:53:00+00:00,2021-09-06T11:53:00-05:00,2021-09-06T10:53:00,FM-15,0.0,0.0,0,,16.093,32.8,52.0,2.6
bergstrom,USW00013904,2021-09-06T17:53:00+00:00,2021-09-06T12:53:00-05:00,2021-09-06T11:53:00,FM-15,0.0,0.0,0,,16.093,34.4,46.0,3.1
bergstrom,USW00013904,2021-09-06T18:53:00+00:00,2021-09-06T13:53:00-05:00,2021-09-06T12:53:00,FM-15,0.0,0.0,0,,16.093,34.4,46.0,2.6
bergstrom,USW00013904,2021-09-06T19:53:00+00:00,2021-09-06T14:53:00-05:00,2021-09-06T13:53:00,FM-15,0.0,0.0,0,,16.093,36.1,43.0,3.6
bergstrom,USW00013904,2021-09-06T20:23:00+00:00,2021-09-06T15:23:00-05:00,2021-09-06T14:23:00,FM-16,,,1,TS |TS |,16.093,36.7,40.0,7.7
bergstrom,USW00013904,2021-09-06T20:53:00+00:00,2021-09-06T15:53:00-05:00,2021-09-06T14:53:00,FM-15,2.8,2.8,1,-TS RA:02 BR:1 ||,9.654,24.4,91.0,7.2
bergstrom,USW00013904,2021-09-06T21:44:00+00:00,2021-09-06T16:44:00-05:00,2021-09-06T15:44:00,FM-16,,,0,,16.093,23.9,90.0,3.1
bergstrom,USW00013904,2021-09-06T21:51:00+00:00,2021-09-06T16:51:00-05:00,2021-09-06T15:51:00,FM-16,,,0,,16.093,24.0,89.0,3.6
bergstrom,USW00013904,2021-09-06T21:53:00+00:00,2021-09-06T16:53:00-05:00,2021-09-06T15:53:00,FM-15,,T,1,,16.093,23.9,88.0,3.6
bergstrom,USW00013904,2021-09-06T22:53:00+00:00,2021-09-06T17:53:00-05:00,2021-09-06T16:53:00,FM-15,0.0,0.0,0,,16.093,25.0,77.0,2.6
bergstrom,USW00013904,2021-09-06T23:53:00+00:00,2021-09-06T18:53:00-05:00,2021-09-06T17:53:00,FM-15,0.0,0.0,0,,16.093,25.0,77.0,3.6
bergstrom,USW00013904,2021-09-07T00:53:00+00:00,2021-09-06T19:53:00-05:00,2021-09-06T18:53:00,FM-15,0.0,0.0,0,,16.093,25.0,77.0,2.6
bergstrom,USW00013904,2021-09-07T01:53:00+00:00,2021-09-06T20:53:00-05:00,2021-09-06T19:53:00,FM-15,0.0,0.0,0,,16.093,26.7,67.0,0.0
bergstrom,USW00013904,2021-09-07T02:53:00+00:00,2021-09-06T21:53:00-05:00,2021-09-06T20:53:00,FM-15,0.0,0.0,0,,16.093,25.6,79.0,0.0
bergstrom,USW00013904,2021-09-07T03:53:00+00:00,2021-09-06T22:53:00-05:00,2021-09-06T21:53:00,FM-15,0.0,0.0,0,,16.093,25.0,85.0,2.1
bergstrom,USW00013904,2021-09-07T04:53:00+00:00,2021-09-06T23:53:00-05:00,2021-09-06T22:53:00,FM-15,0.0,0.0,0,,16.093,24.4,85.0,2.1
bergstrom,USW00013904,2021-09-07T05:53:00+00:00,2021-09-07T00:53:00-05:00,2021-09-06T23:53:00,FM-15,0.0,0.0,0,,16.093,24.4,82.0,0.0
bergstrom,USW00013904,2021-09-07T06:53:00+00:00,2021-09-07T01:53:00-05:00,2021-09-07T00:53:00,FM-15,0.0,0.0,0,,16.093,22.2,94.0,0.0
bergstrom,USW00013904,2021-09-07T07:53:00+00:00,2021-09-07T02:53:00-05:00,2021-09-07T01:53:00,FM-15,0.0,0.0,0,,16.093,22.2,91.0,1.5
bergstrom,USW00013904,2021-09-07T08:53:00+00:00,2021-09-07T03:53:00-05:00,2021-09-07T02:53:00,FM-15,0.0,0.0,0,,16.093,22.2,94.0,2.1
bergstrom,USW00013904,2021-09-07T09:53:00+00:00,2021-09-07T04:53:00-05:00,2021-09-07T03:53:00,FM-15,0.0,0.0,0,,16.093,21.7,94.0,0.0
bergstrom,USW00013904,2021-09-07T10:53:00+00:00,2021-09-07T05:53:00-05:00,2021-09-07T04:53:00,FM-15,0.0,0.0,0,,16.093,21.7,94.0,0.0
bergstrom,USW00013904,2021-09-07T11:53:00+00:00,2021-09-07T06:53:00-05:00,2021-09-07T05:53:00,FM-15,0.0,0.0,0,,16.093,21.7,94.0,0.0
bergstrom,USW00013904,2021-09-07T12:53:00+00:00,2021-09-07T07:53:00-05:00,2021-09-07T06:53:00,FM-15,0.0,0.0,0,,16.093,22.2,94.0,0.0
bergstrom,USW00013904,2021-09-07T13:53:00+00:00,2021-09-07T08:53:00-05:00,2021-09-07T07:53:00,FM-15,0.0,0.0,0,,16.093,23.9,88.0,0.0
bergstrom,USW00013904,2021-09-07T14:53:00+00:00,2021-09-07T09:53:00-05:00,2021-09-07T08:53:00,FM-15,0.0,0.0,0,,16.093,25.6,82.0,2.1
bergstrom,USW00013904,2021-09-07T15:53:00+00:00,2021-09-07T10:53:00-05:00,2021-09-07T09:53:00,FM-15,0.0,0.0,0,,16.093,27.8,72.0,1.5
bergstrom,USW00013904,2021-09-07T16:53:00+00:00,2021-09-07T11:53:00-05:00,2021-09-07T10:53:00,FM-15,0.0,0.0,0,,16.093,30.0,61.0,2.1
bergstrom,USW00013904,2021-09-07T17:53:00+00:00,2021-09-07T12:53:00-05:00,2021-09-07T11:53:00,FM-15,0.0,0.0,0,,16.093,32.2,50.0,2.6
bergstrom,USW00013904,2021-09-07T18:53:00+00:00,2021-09-07T13:53:00-05:00,2021-09-07T12:53:00,FM-15,0.0,0.0,0,,16.093,32.2,47.0,2.6
bergstrom,USW00013904,2021-09-07T19:53:00+00:00,2021-09-07T14:53:00-05:00,2021-09-07T13:53:00,FM-15,0.0,0.0,0,,16.093,33.9,46.0,2.6
bergstrom,USW00013904,2021-09-07T20:53:00+00:00,2021-09-07T15:53:00-05:00,2021-09-07T14:53:00,FM-15,0.0,0.0,0,,16.093,33.9,44.0,3.1
bergstrom,USW00013904,2021-09-07T21:53:00+00:00,2021-09-07T16:53:00-05:00,2021-09-07T15:53:00,FM-15,0.0,0.0,0,,16.093,35.0,37.0,3.6
bergstrom,USW00013904,2021-09-07T22:53:00+00:00,2021-09-07T17:53:00-05:00,2021-09-07T16:53:00,FM-15,0.0,0.0,0,,16.093,34.4,37.0,4.6
bergstrom,USW00013904,2021-09-07T23:53:00+00:00,2021-09-07T18:53:00-05:00,2021-09-07T17:53:00,FM-15,0.0,0.0,0,,16.093,33.3,41.0,3.1
bergstrom,USW00013904,2021-09-08T00:53:00+00:00,2021-09-07T19:53:00-05:00,2021-09-07T18:53:00,FM-15,0.0,0.0,0,,16.093,30.6,53.0,2.6
bergstrom,USW00013904,2021-09-08T01:53:00+00:00,2021-09-07T20:53:00-05:00,2021-09-07T19:53:00,FM-15,0.0,0.0,0,,16.093,28.3,63.0,3.1
bergstrom,USW00013904,2021-09-08T02:53:00+00:00,2021-09-07T21:53:00-05:00,2021-09-07T20:53:00,FM-15,0.0,0.0,0,,16.093,27.8,63.0,3.1
bergstrom,USW00013904,2021-09-08T03:53:00+00:00,2021-09-07T22:53:00-05:00,2021-09-07T21:53:00,FM-15,0.0,0.0,0,,16.093,24.4,74.0,0.0
bergstrom,USW00013904,2021-09-08T04:53:00+00:00,2021-09-07T23:53:00-05:00,2021-09-07T22:53:00,FM-15,0.0,0.0,0,,16.093,21.7,84.0,0.0
bergstrom,USW00013904,2021-09-08T05:53:00+00:00,2021-09-08T00:53:00-05:00,2021-09-07T23:53:00,FM-15,0.0,0.0,0,,16.093,21.1,87.0,0.0
bergstrom,USW00013904,2021-09-08T06:53:00+00:00,2021-09-08T01:53:00-05:00,2021-09-08T00:53:00,FM-15,0.0,0.0,0,,16.093,20.0,93.0,0.0
bergstrom,USW00013904,2021-09-08T07:53:00+00:00,2021-09-08T02:53:00-05:00,2021-09-08T01:53:00,FM-15,0.0,0.0,0,,16.093,20.0,93.0,0.0
bergstrom,USW00013904,2021-09-08T08:53:00+00:00,2021-09-08T03:53:00-05:00,2021-09-08T02:53:00,FM-15,0.0,0.0,0,,16.093,20.6,90.0,0.0
bergstrom,USW00013904,2021-09-08T09:53:00+00:00,2021-09-08T04:53:00-05:00,2021-09-08T03:53:00,FM-15,0.0,0.0,0,,16.093,19.4,97.0,0.0
bergstrom,USW00013904,2021-09-08T10:53:00+00:00,2021-09-08T05:53:00-05:00,2021-09-08T04:53:00,FM-15,0.0,0.0,0,,14.484,19.4,93.0,0.0
bergstrom,USW00013904,2021-09-08T11:53:00+00:00,2021-09-08T06:53:00-05:00,2021-09-08T05:53:00,FM-15,0.0,0.0,0,,12.875,17.8,100.0,0.0
bergstrom,USW00013904,2021-09-08T12:53:00+00:00,2021-09-08T07:53:00-05:00,2021-09-08T06:53:00,FM-15,0.0,0.0,0,,12.875,20.6,93.0,0.0
bergstrom,USW00013904,2021-09-08T13:53:00+00:00,2021-09-08T08:53:00-05:00,2021-09-08T07:53:00,FM-15,0.0,0.0,0,,16.093,23.9,84.0,0.0
bergstrom,USW00013904,2021-09-08T14:53:00+00:00,2021-09-08T09:53:00-05:00,2021-09-08T08:53:00,FM-15,0.0,0.0,0,,16.093,26.7,71.0,1.5
bergstrom,USW00013904,2021-09-08T15:53:00+00:00,2021-09-08T10:53:00-05:00,2021-09-08T09:53:00,FM-15,0.0,0.0,0,,16.093,30.6,57.0,4.1
bergstrom,USW00013904,2021-09-08T16:53:00+00:00,2021-09-08T11:53:00-05:00,2021-09-08T10:53:00,FM-15,0.0,0.0,0,,16.093,32.8,45.0,3.6
bergstrom,USW00013904,2021-09-08T17:53:00+00:00,2021-09-08T12:53:00-05:00,2021-09-08T11:53:00,FM-15,0.0,0.0,0,,16.093,34.4,31.0,5.1
bergstrom,USW00013904,2021-09-08T18:53:00+00:00,2021-09-08T13:53:00-05:00,2021-09-08T12:53:00,FM-15,0.0,0.0,0,,16.093,35.0,31.0,3.1
bergstrom,USW00013904,2021-09-08T19:53:00+00:00,2021-09-08T14:53:00-05:00,2021-09-08T13:53:00,FM-15,0.0,0.0,0,,16.093,35.6,25.0,4.1
bergstrom,USW00013904,2021-09-08T20:53:00+00:00,2021-09-08T15:53:00-05:00,2021-09-08T14:53:00,FM-15,0.0,0.0,0,,16.093,36.7,23.0,7.7
bergstrom,USW00013904,2021-09-08T21:53:00+00:00,2021-09-08T16:53:00-05:00,2021-09-08T15:53:00,FM-15,0.0,0.0,0,,16.093,34.4,25.0,7.7
bergstrom,USW00013904,2021-09-08T22:53:00+00:00,2021-09-08T17:53:00-05:00,2021-09-08T16:53:00,FM-15,0.0,0.0,0,,16.093,34.4,25.0,5.7
bergstrom,USW00013904,2021-09-08T23:53:00+00:00,2021-09-08T18:53:00-05:00,2021-09-08T17:53:00,FM-15,0.0,0.0,0,,16.093,32.2,29.0,3.6
bergstrom,USW00013904,2021-09-09T00:53:00+00:00,2021-09-08T19:53:00-05:00,2021-09-08T18:53:00,FM-15,0.0,0.0,0,,16.093,28.9,38.0,3.1
bergstrom,USW00013904,2021-09-09T01:53:00+00:00,2021-09-08T20:53:00-05:00,2021-09-08T19:53:00,FM-15,0.0,0.0,0,,16.093,27.2,38.0,2.6
bergstrom,USW00013904,2021-09-09T02:53:00+00:00,2021-09-08T21:53:00-05:00,2021-09-08T20:53:00,FM-15,0.0,0.0,0,,16.093,23.3,56.0,2.1
bergstrom,USW00013904,2021-09-09T03:53:00+00:00,2021-09-08T22:53:00-05:00,2021-09-08T21:53:00,FM-15,0.0,0.0,0,,16.093,21.1,68.0,0.0
bergstrom,USW00013904,2021-09-09T04:53:00+00:00,2021-09-08T23:53:00-05:00,2021-09-08T22:53:00,FM-15,0.0,0.0,0,,16.093,20.6,73.0,0.0
bergstrom,USW00013904,2021-09-09T05:53:00+00:00,2021-09-09T00:53:00-05:00,2021-09-08T23:53:00,FM-15,0.0,0.0,0,,16.093,20.0,78.0,0.0
bergstrom,USW00013904,2021-09-09T06:53:00+00:00,2021-09-09T01:53:00-05:00,2021-09-09T00:53:00,FM-15,0.0,0.0,0,,16.093,20.6,76.0,1.5
bergstrom,USW00013904,2021-09-09T07:53:00+00:00,2021-09-09T02:53:00-05:00,2021-09-09T01:53:00,FM-15,0.0,0.0,0,,16.093,19.4,81.0,0.0
bergstrom,USW00013904,2021-09-09T08:53:00+00:00,2021-09-09T03:53:00-05:00,2021-09-09T02:53:00,FM-15,0.0,0.0,0,,16.093,18.3,87.0,0.0
bergstrom,USW00013904,2021-09-09T09:53:00+00:00,2021-09-09T04:53:00-05:00,2021-09-09T03:53:00,FM-15,0.0,0.0,0,,16.093,18.3,87.0,0.0
bergstrom,USW00013904,2021-09-09T10:53:00+00:00,2021-09-09T05:53:00-05:00,2021-09-09T04:53:00,FM-15,0.0,0.0,0,,16.093,17.2,93.0,0.0
bergstrom,USW00013904,2021-09-09T11:53:00+00:00,2021-09-09T06:53:00-05:00,2021-09-09T05:53:00,FM-15,0.0,0.0,0,,16.093,16.7,93.0,0.0
bergstrom,USW00013904,2021-09-09T12:53:00+00:00,2021-09-09T07:53:00-05:00,2021-09-09T06:53:00,FM-15,0.0,0.0,0,,16.093,18.9,87.0,0.0
bergstrom,USW00013904,2021-09-09T13:53:00+00:00,2021-09-09T08:53:00-05:00,2021-09-09T07:53:00,FM-15,0.0,0.0,0,,16.093,24.4,56.0,5.7
bergstrom,USW00013904,2021-09-09T14:53:00+00:00,2021-09-09T09:53:00-05:00,2021-09-09T08:53:00,FM-15,0.0,0.0,0,,16.093,27.8,44.0,5.1
bergstrom,USW00013904,2021-09-09T15:53:00+00:00,2021-09-09T10:53:00-05:00,2021-09-09T09:53:00,FM-15,0.0,0.0,0,,16.093,30.6,37.0,3.6
bergstrom,USW00013904,2021-09-09T16:53:00+00:00,2021-09-09T11:53:00-05:00,2021-09-09T10:53:00,FM-15,0.0,0.0,0,,16.093,31.7,39.0,6.2
bergstrom,USW00013904,2021-09-09T17:53:00+00:00,2021-09-09T12:53:00-05:00,2021-09-09T11:53:00,FM-15,0.0,0.0,0,,16.093,32.2,35.0,3.6
bergstrom,USW00013904,2021-09-09T18:53:00+00:00,2021-09-09T13:53:00-05:00,2021-09-09T12:53:00,FM-15,0.0,0.0,0,,16.093,33.9,32.0,5.1
bergstrom,USW00013904,2021-09-09T19:53:00+00:00,2021-09-09T14:53:00-05:00,2021-09-09T13:53:00,FM-15,0.0,0.0,0,,16.093,34.4,30.0,6.7
bergstrom,USW00013904,2021-09-09T20:53:00+00:00,2021-09-09T15:53:00-05:00,2021-09-09T14:53:00,FM-15,0.0,0.0,0,,16.093,34.4,28.0,5.1
bergstrom,USW00013904,2021-09-09T21:53:00+00:00,2021-09-09T16:53:00-05:00,2021-09-09T15:53:00,FM-15,0.0,0.0,0,,16.093,34.4,28.0,6.2
bergstrom,USW00013904,2021-09-09T22:53:00+00:00,2021-09-09T17:53:00-05:00,2021-09-09T16:53:00,FM-15,0.0,0.0,0,,16.093,33.9,31.0,6.7
bergstrom,USW00013904,2021-09-09T23:53:00+00:00,2021-09-09T18:53:00-05:00,2021-09-09T17:53:00,FM-15,0.0,0.0,0,,16.093,32.2,31.0,5.1
bergstrom,USW00013904,2021-09-10T00:53:00+00:00,2021-09-09T19:53:00-05:00,2021-09-09T18:53:00,FM-15,0.0,0.0,0,,16.093,30.0,36.0,4.1
bergstrom,USW00013904,2021-09-10T01:53:00+00:00,2021-09-09T20:53:00-05:00,2021-09-09T19:53:00,FM-15,0.0,0.0,0,,16.093,27.8,40.0,4.1
bergstrom,USW00013904,2021-09-10T02:53:00+00:00,2021-09-09T21:53:00-05:00,2021-09-09T20:53:00,FM-15,0.0,0.0,0,,16.093,26.7,37.0,3.6
bergstrom,USW00013904,2021-09-10T03:53:00+00:00,2021-09-09T22:53:00-05:00,2021-09-09T21:53:00,FM-15,0.0,0.0,0,,16.093,21.1,55.0,2.1
bergstrom,USW00013904,2021-09-10T04:53:00+00:00,2021-09-09T23:53:00-05:00,2021-09-09T22:53:00,FM-15,0.0,0.0,0,,16.093,19.4,66.0,0.0
bergstrom,USW00013904,2021-09-10T05:53:00+00:00,2021-09-10T00:53:00-05:00,2021-09-09T23:53:00,FM-15,0.0,0.0,0,,16.093,17.8,75.0,0.0
bergstrom,USW00013904,2021-09-10T06:53:00+00:00,2021-09-10T01:53:00-05:00,2021-09-10T00:53:00,FM-15,0.0,0.0,0,,16.093,17.2,76.0,1.5
bergstrom,USW00013904,2021-09-10T07:53:00+00:00,2021-09-10T02:53:00-05:00,2021-09-10T01:53:00,FM-15,0.0,0.0,0,,16.093,17.8,70.0,2.1
bergstrom,USW00013904,2021-09-10T08:53:00+00:00,2021-09-10T03:53:00-05:00,2021-09-10T02:53:00,FM-15,0.0,0.0,0,,16.093,17.8,68.0,3.1
bergstrom,USW00013904,2021-09-10T09:53:00+00:00,2021-09-10T04:53:00-05:00,2021-09-10T03:53:00,FM-15,0.0,0.0,0,,16.093,17.2,73.0,2.1
bergstrom,USW00013904,2021-09-10T10:53:00+00:00,2021-09-10T05:53:00-05:00,2021-09-10T04:53:00,FM-15,0.0,0.0,0,,16.093,17.8,70.0,0.0
bergstrom,USW00013904,2021-09-10T11:53:00+00:00,2021-09-10T06:53:00-05:00,2021-09-10T05:53:00,FM-15,0.0,0.0,0,,16.093,16.7,80.0,0.0
bergstrom,USW00013904,2021-09-10T12:53:00+00:00,2021-09-10T07:53:00-05:00,2021-09-10T06:53:00,FM-15,0.0,0.0,0,,16.093,17.8,81.0,0.0
bergstrom,USW00013904,2021-09-10T13:53:00+00:00,2021-09-10T08:53:00-05:00,2021-09-10T07:53:00,FM-15,0.0,0.0,0,,16.093,22.8,57.0,1.5
bergstrom,USW00013904,2021-09-10T14:53:00+00:00,2021-09-10T09:53:00-05:00,2021-09-10T08:53:00,FM-15,0.0,0.0,0,,16.093,25.0,47.0,0.0
bergstrom,USW00013904,2021-09-10T15:53:00+00:00,2021-09-10T10:53:00-05:00,2021-09-10T09:53:00,FM-15,0.0,0.0,0,,14.484,27.2,49.0,1.5
bergstrom,USW00013904,2021-09-10T16:53:00+00:00,2021-09-10T11:53:00-05:00,2021-09-10T10:53:00,FM-15,0.0,0.0,0,,14.484,28.9,59.0,1.5
bergstrom,USW00013904,2021-09-10T17:53:00+00:00,2021-09-10T12:53:00-05:00,2021-09-10T11:53:00,FM-15,0.0,0.0,0,,16.093,31.1,50.0,2.1
bergstrom,USW00013904,2021-09-10T18:53:00+00:00,2021-09-10T13:53:00-05:00,2021-09-10T12:53:00,FM-15,0.0,0.0,0,,16.093,31.7,42.0,1.5
bergstrom,USW00013904,2021-09-10T19:53:00+00:00,2021-09-10T14:53:00-05:00,2021-09-10T13:53:00,FM-15,0.0,0.0,0,,16.093,32.2,39.0,2.6
bergstrom,USW00013904,2021-09-10T20:53:00+00:00,2021-09-10T15:53:00-05:00,2021-09-10T14:53:00,FM-15,0.0,0.0,0,,16.093,32.8,31.0,0.0
bergstrom,USW00013904,2021-09-10T21:53:00+00:00,2021-09-10T16:53:00-05:00,2021-09-10T15:53:00,FM-15,0.0,0.0,0,,16.093,33.3,27.0,4.6
bergstrom,USW00013904,2021-09-10T22:53:00+00:00,2021-09-10T17:53:00-05:00,2021-09-10T16:53:00,FM-15,0.0,0.0,0,,16.093,32.8,27.0,3.6
bergstrom,USW00013904,2021-09-10T23:53:00+00:00,2021-09-10T18:53:00-05:00,2021-09-10T17:53:00,FM-15,0.0,0.0,0,,16.093,31.1,31.0,3.1
bergstrom,USW00013904,2021-09-11T00:53:00+00:00,2021-09-10T19:53:00-05:00,2021-09-10T18:53:00,FM-15,0.0,0.0,0,,16.093,28.3,37.0,3.6
bergstrom,USW00013904,2021-09-11T01:53:00+00:00,2021-09-10T20:53:00-05:00,2021-09-10T19:53:00,FM-15,0.0,0.0,0,,16.093,22.2,61.0,1.5
bergstrom,USW00013904,2021-09-11T02:53:00+00:00,2021-09-10T21:53:00-05:00,2021-09-10T20:53:00,FM-15,0.0,0.0,0,,16.093,21.7,63.0,1.5
bergstrom,USW00013904,2021-09-11T03:53:00+00:00,2021-09-10T22:53:00-05:00,2021-09-10T21:53:00,FM-15,0.0,0.0,0,,16.093,20.6,70.0,0.0
bergstrom,USW00013904,2021-09-11T04:53:00+00:00,2021-09-10T23:53:00-05:00,2021-09-10T22:53:00,FM-15,0.0,0.0,0,,16.093,18.9,78.0,0.0
bergstrom,USW00013904,2021-09-11T05:53:00+00:00,2021-09-11T00:53:00-05:00,2021-09-10T23:53:00,FM-15,0.0,0.0,0,,16.093,17.8,84.0,0.0
bergstrom,USW00013904,2021-09-11T06:53:00+00:00,2021-09-11T01:53:00-05:00,2021-09-11T00:53:00,FM-15,0.0,0.0,0,,16.093,17.2,84.0,0.0
bergstrom,USW00013904,2021-09-11T07:53:00+00:00,2021-09-11T02:53:00-05:00,2021-09-11T01:53:00,FM-15,0.0,0.0,0,,16.093,17.2,87.0,0.0
bergstrom,USW00013904,2021-09-11T08:53:00+00:00,2021-09-11T03:53:00-05:00,2021-09-11T02:53:00,FM-15,0.0,0.0,0,,16.093,16.1,90.0,0.0
bergstrom,USW00013904,2021-09-11T09:53:00+00:00,2021-09-11T04:53:00-05:00,2021-09-11T03:53:00,FM-15,0.0,0.0,0,,16.093,15.0,90.0,0.0
bergstrom,USW00013904,2021-09-11T10:53:00+00:00,2021-09-11T05:53:00-05:00,2021-09-11T04:53:00,FM-15,0.0,0.0,0,MIFG:2 ||,16.093,14.4,93.0,0.0
bergstrom,USW00013904,2021-09-11T11:53:00+00:00,2021-09-11T06:53:00-05:00,2021-09-11T05:53:00,FM-15,0.0,0.0,0,MIFG:2 ||,16.093,13.3,97.0,0.0
bergstrom,USW00013904,2021-09-11T12:53:00+00:00,2021-09-11T07:53:00-05:00,2021-09-11T06:53:00,FM-15,0.0,0.0,0,,16.093,16.1,93.0,0.0
bergstrom,USW00013904,2021-09-11T13:53:00+00:00,2021-09-11T08:53:00-05:00,2021-09-11T07:53:00,FM-15,0.0,0.0,0,,16.093,21.7,79.0,0.0
bergstrom,USW00013904,2021-09-11T14:53:00+00:00,2021-09-11T09:53:00-05:00,2021-09-11T08:53:00,FM-15,0.0,0.0,0,,16.093,26.1,54.0,0.0
bergstrom,USW00013904,2021-09-11T15:53:00+00:00,2021-09-11T10:53:00-05:00,2021-09-11T09:53:00,FM-15,0.0,0.0,0,,16.093,27.8,40.0,2.1
bergstrom,USW00013904,2021-09-11T16:53:00+00:00,2021-09-11T11:53:00-05:00,2021-09-11T10:53:00,FM-15,0.0,0.0,0,,16.093,29.4,36.0,4.1
bergstrom,USW00013904,2021-09-11T17:53:00+00:00,2021-09-11T12:53:00-05:00,2021-09-11T11:53:00,FM-15,0.0,0.0,0,,16.093,30.0,35.0,4.1
bergstrom,USW00013904,2021-09-11T18:53:00+00:00,2021-09-11T13:53:00-05:00,2021-09-11T12:53:00,FM-15,0.0,0.0,0,,16.093,31.7,29.0,4.1
bergstrom,USW00013904,2021-09-11T19:53:00+00:00,2021-09-11T14:53:00-05:00,2021-09-11T13:53:00,FM-15,0.0,0.0,0,,16.093,32.2,28.0,1.5
bergstrom,USW00013904,2021-09-11T20:53:00+00:00,2021-09-11T15:53:00-05:00,2021-09-11T14:53:00,FM-15,0.0,0.0,0,,16.093,32.2,27.0,3.6
bergstrom,USW00013904,2021-09-11T21:53:00+00:00,2021-09-11T16:53:00-05:00,2021-09-11T15:53:00,FM-15,0.0,0.0,0,,16.093,32.2,24.0,3.6
bergstrom,USW00013904,2021-09-11T22:53:00+00:00,2021-09-11T17:53:00-05:00,2021-09-11T16:53:00,FM-15,0.0,0.0,0,,16.093,31.7,23.0,3.1
bergstrom,USW00013904,2021-09-11T23:53:00+00:00,2021-09-11T18:53:00-05:00,2021-09-11T17:53:00,FM-15,0.0,0.0,0,,16.093,30.6,27.0,2.6
bergstrom,USW00013904,2021-09-12T00:53:00+00:00,2021-09-11T19:53:00-05:00,2021-09-11T18:53:00,FM-15,0.0,0.0,0,,16.093,27.2,39.0,2.1
bergstrom,USW00013904,2021-09-12T01:53:00+00:00,2021-09-11T20:53:00-05:00,2021-09-11T19:53:00,FM-15,0.0,0.0,0,,16.093,21.1,64.0,0.0
bergstrom,USW00013904,2021-09-12T02:53:00+00:00,2021-09-11T21:53:00-05:00,2021-09-11T20:53:00,FM-15,0.0,0.0,0,,16.093,21.7,66.0,0.0
bergstrom,USW00013904,2021-09-12T03:53:00+00:00,2021-09-11T22:53:00-05:00,2021-09-11T21:53:00,FM-15,0.0,0.0,0,,16.093,24.4,64.0,2.6
bergstrom,USW00013904,2021-09-12T04:53:00+00:00,2021-09-11T23:53:00-05:00,2021-09-11T22:53:00,FM-15,0.0,0.0,0,,16.093,22.2,76.0,0.0
bergstrom,USW00013904,2021-09-12T05:53:00+00:00,2021-09-12T00:53:00-05:00,2021-09-11T23:53:00,FM-15,0.0,0.0,0,,16.093,20.0,87.0,0.0
bergstrom,USW00013904,2021-09-12T06:53:00+00:00,2021-09-12T01:53:00-05:00,2021-09-12T00:53:00,FM-15,0.0,0.0,0,,16.093,19.4,91.0,0.0
bergstrom,USW00013904,2021-09-12T07:53:00+00:00,2021-09-12T02:53:00-05:00,2021-09-12T01:53:00,FM-15,0.0,0.0,0,,16.093,18.9,93.0,0.0
bergstrom,USW00013904,2021-09-12T08:53:00+00:00,2021-09-12T03:53:00-05:00,2021-09-12T02:53:00,FM-15,0.0,0.0,0,,16.093,17.8,96.0,0.0
bergstrom,USW00013904,2021-09-12T09:53:00+00:00,2021-09-12T04:53:00-05:00,2021-09-12T03:53:00,FM-15,0.0,0.0,0,,16.093,17.8,96.0,0.0
bergstrom,USW00013904,2021-09-12T10:53:00+00:00,2021-09-12T05:53:00-05:00,2021-09-12T04:53:00,FM-15,0.0,0.0,0,,16.093,18.3,93.0,0.0
bergstrom,USW00013904,2021-09-12T11:53:00+00:00,2021-09-12T06:53:00-05:00,2021-09-12T05:53:00,FM-15,0.0,0.0,0,,16.093,17.8,96.0,0.0
bergstrom,USW00013904,2021-09-12T12:53:00+00:00,2021-09-12T07:53:00-05:00,2021-09-12T06:53:00,FM-15,0.0,0.0,0,,16.093,19.4,93.0,0.0
bergstrom,USW00013904,2021-09-12T13:53:00+00:00,2021-09-12T08:53:00-05:00,2021-09-12T07:53:00,FM-15,0.0,0.0,0,,16.093,23.9,82.0,3.1
bergstrom,USW00013904,2021-09-12T14:53:00+00:00,2021-09-12T09:53:00-05:00,2021-09-12T08:53:00,FM-15,0.0,0.0,0,,16.093,25.0,74.0,2.1
bergstrom,USW00013904,2021-09-12T15:53:00+00:00,2021-09-12T10:53:00-05:00,2021-09-12T09:53:00,FM-15,0.0,0.0,0,,16.093,26.1,72.0,1.5
bergstrom,USW00013904,2021-09-12T16:53:00+00:00,2021-09-12T11:53:00-05:00,2021-09-12T10:53:00,FM-15,0.0,0.0,0,,16.093,29.4,61.0,3.6
bergstrom,USW00013904,2021-09-12T17:53:00+00:00,2021-09-12T12:53:00-05:00,2021-09-12T11:53:00,FM-15,0.0,0.0,0,,16.093,30.0,57.0,3.6
bergstrom,USW00013904,2021-09-12T18:53:00+00:00,2021-09-12T13:53:00-05:00,2021-09-12T12:53:00,FM-15,0.0,0.0,0,,16.093,31.1,50.0,0.0
bergstrom,USW00013904,2021-09-12T19:53:00+00:00,2021-09-12T14:53:00-05:00,2021-09-12T13:53:00,FM-15,0.0,0.0,0,,16.093,32.2,47.0,1.5
bergstrom,USW00013904,2021-09-12T20:53:00+00:00,2021-09-12T15:53:00-05:00,2021-09-12T14:53:00,FM-15,0.0,0.0,0,,16.093,32.2,45.0,2.1
bergstrom,USW00013904,2021-09-12T21:53:00+00:00,2021-09-12T16:53:00-05:00,2021-09-12T15:53:00,FM-15,0.0,0.0,0,,16.093,32.2,44.0,4.1
bergstrom,USW00013904,2021-09-12T22:53:00+00:00,2021-09-12T17:53:00-05:00,2021-09-12T16:53:00,FM-15,0.0,0.0,0,,16.093,32.8,39.0,4.1
bergstrom,USW00013904,2021-09-12T23:53:00+00:00,2021-09-12T18:53:00-05:00,2021-09-12T17:53:00,FM-15,0.0,0.0,0,,16.093,31.1,43.0,3.1
bergstrom,USW00013904,2021-09-13T00:53:00+00:00,2021-09-12T19:53:00-05:00,2021-09-12T18:53:00,FM-15,0.0,0.0,0,,16.093,29.4,48.0,4.1
bergstrom,USW00013904,2021-09-13T01:53:00+00:00,2021-09-12T20:53:00-05:00,2021-09-12T19:53:00,FM-15,0.0,0.0,0,,16.093,28.3,55.0,2.6
bergstrom,USW00013904,2021-09-13T02:53:00+00:00,2021-09-12T21:53:00-05:00,2021-09-12T20:53:00,FM-15,0.0,0.0,0,,16.093,25.6,67.0,2.1
bergstrom,USW00013904,2021-09-13T03:53:00+00:00,2021-09-12T22:53:00-05:00,2021-09-12T21:53:00,FM-15,0.0,0.0,0,,16.093,25.0,69.0,2.1
bergstrom,USW00013904,2021-09-13T04:53:00+00:00,2021-09-12T23:53:00-05:00,2021-09-12T22:53:00,FM-15,0.0,0.0,0,,16.093,24.4,72.0,0.0
bergstrom,USW00013904,2021-09-13T05:53:00+00:00,2021-09-13T00:53:00-05:00,2021-09-12T23:53:00,FM-15,0.0,0.0,0,,16.093,22.2,84.0,0.0
bergstrom,USW00013904,2021-09-13T06:53:00+00:00,2021-09-13T01:53:00-05:00,2021-09-13T00:53:00,FM-15,0.0,0.0,0,,16.093,22.8,81.0,1.5
bergstrom,USW00013904,2021-09-13T07:53:00+00:00,2021-09-13T02:53:00-05:00,2021-09-13T01:53:00,FM-15,0.0,0.0,0,,16.093,21.7,87.0,0.0
bergstrom,USW00013904,2021-09-13T08:32:00+00:00,2021-09-13T03:32:00-05:00,2021-09-13T02:32:00,FM-16,,,0,,16.093,22.2,87.0,0.0
bergstrom,USW00013904,2021-09-13T08:53:00+00:00,2021-09-13T03:53:00-05:00,2021-09-13T02:53:00,FM-15,0.0,0.0,0,,16.093,22.2,87.0,0.0
bergstrom,USW00013904,2021-09-13T09:51:00+00:00,2021-09-13T04:51:00-05:00,2021-09-13T03:51:00,FM-16,,,0,,16.093,23.0,83.0,1.5
bergstrom,USW00013904,2021-09-13T09:53:00+00:00,2021-09-13T04:53:00-05:00,2021-09-13T03:53:00,FM-15,0.0,0.0,0,,16.093,22.8,84.0,0.0
bergstrom,USW00013904,2021-09-13T10:16:00+00:00,2021-09-13T05:16:00-05:00,2021-09-13T04:16:00,FM-16,,,0,,16.093,22.8,87.0,1.5
bergstrom,USW00013904,2021-09-13T10:53:00+00:00,2021-09-13T05:53:00-05:00,2021-09-13T04:53:00,FM-15,0.0,0.0,0,,16.093,22.2,91.0,0.0
bergstrom,USW00013904,2021-09-13T11:53:00+00:00,2021-09-13T06:53:00-05:00,2021-09-13T05:53:00,FM-15,0.0,0.0,0,,16.093,23.3,88.0,1.5
bergstrom,USW00013904,2021-09-13T12:53:00+00:00,2021-09-13T07:53:00-05:00,2021-09-13T06:53:00,FM-15,0.0,0.0,0,,16.093,23.3,91.0,1.5
bergstrom,USW00013904,2021-09-13T13:53:00+00:00,2021-09-13T08:53:00-05:00,2021-09-13T07:53:00,FM-15,,T,1,,16.093,23.9,88.0,2.6
bergstrom,USW00013904,2021-09-13T14:53:00+00:00,2021-09-13T09:53:00-05:00,2021-09-13T08:53:00,FM-15,,T,1,,16.093,25.0,82.0,3.6
bergstrom,USW00013904,2021-09-13T15:53:00+00:00,2021-09-13T10:53:00-05:00,2021-09-13T09:53:00,FM-15,0.0,0.0,0,,16.093,27.8,69.0,5.1
bergstrom,USW00013904,2021-09-13T16:53:00+00:00,2021-09-13T11:53:00-05:00,2021-09-13T10:53:00,FM-15,0.0,0.0,0,,16.093,28.3,65.0,9.3
bergstrom,USW00013904,2021-09-13T17:53:00+00:00,2021-09-13T12:53:00-05:00,2021-09-13T11:53:00,FM-15,0.0,0.0,0,,16.093,28.3,63.0,5.1
bergstrom,USW00013904,2021-09-13T18:53:00+00:00,2021-09-13T13:53:00-05:00,2021-09-13T12:53:00,FM-15,0.0,0.0,0,,16.093,30.0,51.0,5.7
bergstrom,USW00013904,2021-09-13T19:53:00+00:00,2021-09-13T14:53:00-05:00,2021-09-13T13:53:00,FM-15,0.0,0.0,0,,16.093,30.0,46.0,7.2
bergstrom,USW00013904,2021-09-13T20:53:00+00:00,2021-09-13T15:53:00-05:00,2021-09-13T14:53:00,FM-15,0.0,0.0,0,,16.093,30.6,48.0,5.7
bergstrom,USW00013904,2021-09-13T21:53:00+00:00,2021-09-13T16:53:00-05:00,2021-09-13T15:53:00,FM-15,0.0,0.0,0,,16.093,29.4,53.0,5.1
bergstrom,USW00013904,2021-09-13T22:53:00+00:00,2021-09-13T17:53:00-05:00,2021-09-13T16:53:00,FM-15,0.0,0.0,0,,16.093,30.0,51.0,5.1
bergstrom,USW00013904,2021-09-13T23:53:00+00:00,2021-09-13T18:53:00-05:00,2021-09-13T17:53:00,FM-15,0.0,0.0,0,,16.093,27.2,54.0,7.2
bergstrom,USW00013904,2021-09-14T00:53:00+00:00,2021-09-13T19:53:00-05:00,2021-09-13T18:53:00,FM-15,0.0,0.0,0,,16.093,26.1,62.0,4.6
bergstrom,USW00013904,2021-09-14T01:53:00+00:00,2021-09-13T20:53:00-05:00,2021-09-13T19:53:00,FM-15,0.0,0.0,0,,16.093,25.6,62.0,5.1
bergstrom,USW00013904,2021-09-14T02:53:00+00:00,2021-09-13T21:53:00-05:00,2021-09-13T20:53:00,FM-15,0.0,0.0,0,,16.093,24.4,60.0,2.6
bergstrom,USW00013904,2021-09-14T03:53:00+00:00,2021-09-13T22:53:00-05:00,2021-09-13T21:53:00,FM-15,0.0,0.0,0,,16.093,22.8,66.0,1.5
bergstrom,USW00013904,2021-09-14T04:53:00+00:00,2021-09-13T23:53:00-05:00,2021-09-13T22:53:00,FM-15,0.0,0.0,0,,16.093,23.9,64.0,4.1
bergstrom,USW00013904,2021-09-14T05:20:00+00:00,2021-09-14T00:20:00-05:00,2021-09-13T23:20:00,FM-16,,,0,,16.093,23.3,69.0,5.7
bergstrom,USW00013904,2021-09-14T05:53:00+00:00,2021-09-14T00:53:00-05:00,2021-09-13T23:53:00,FM-15,0.0,0.0,0,,16.093,23.9,69.0,4.1
bergstrom,USW00013904,2021-09-14T06:02:00+00:00,2021-09-14T01:02:00-05:00,2021-09-14T00:02:00,FM-16,,,0,,16.093,22.8,74.0,5.1
bergstrom,USW00013904,2021-09-14T06:51:00+00:00,2021-09-14T01:51:00-05:00,2021-09-14T00:51:00,FM-16,,,0,,16.093,23.0,74.0,5.1
bergstrom,USW00013904,2021-09-14T06:53:00+00:00,2021-09-14T01:53:00-05:00,2021-09-14T00:53:00,FM-15,0.0,0.0,0,,16.093,23.3,71.0,4.6
bergstrom,USW00013904,2021-09-14T07:51:00+00:00,2021-09-14T02:51:00-05:00,2021-09-14T01:51:00,FM-16,,,0,,16.093,21.0,83.0,3.6
bergstrom,USW00013904,2021-09-14T07:53:00+00:00,2021-09-14T02:53:00-05:00,2021-09-14T01:53:00,FM-15,0.0,0.0,0,,16.093,20.6,87.0,3.1
bergstrom,USW00013904,2021-09-14T08:53:00+00:00,2021-09-14T03:53:00-05:00,2021-09-14T02:53:00,FM-15,0.0,0.0,0,,16.093,21.1,84.0,4.1
bergstrom,USW00013904,2021-09-14T09:51:00+00:00,2021-09-14T04:51:00-05:00,2021-09-14T03:51:00,FM-16,,,0,,16.093,21.0,83.0,4.1
bergstrom,USW00013904,2021-09-14T09:53:00+00:00,2021-09-14T04:53:00-05:00,2021-09-14T03:53:00,FM-15,0.0,0.0,0,,16.093,21.1,84.0,5.1
bergstrom,USW00013904,2021-09-14T10:44:00+00:00,2021-09-14T05:44:00-05:00,2021-09-14T04:44:00,FM-16,,,0,,16.093,22.8,76.0,4.6
bergstrom,USW00013904,2021-09-14T10:53:00+00:00,2021-09-14T05:53:00-05:00,2021-09-14T04:53:00,FM-15,0.0,0.0,0,,16.093,22.2,76.0,4.1
bergstrom,USW00013904,2021-09-14T11:00:00+00:00,2021-09-14T06:00:00-05:00,2021-09-14T05:00:00,FM-16,,,0,,16.093,22.2,76.0,4.6
bergstrom,USW00013904,2021-09-14T11:05:00+00:00,2021-09-14T06:05:00-05:00,2021-09-14T05:05:00,FM-16,,,0,,16.093,22.2,76.0,4.6
bergstrom,USW00013904,2021-09-14T11:51:00+00:00,2021-09-14T06:51:00-05:00,2021-09-14T05:51:00,FM-16,,,0,,16.093,22.0,78.0,3.6
bergstrom,USW00013904,2021-09-14T11:53:00+00:00,2021-09-14T06:53:00-05:00,2021-09-14T05:53:00,FM-15,0.0,0.0,0,,16.093,22.2,79.0,3.6
bergstrom,USW00013904,2021-09-14T12:51:00+00:00,2021-09-14T07:51:00-05:00,2021-09-14T06:51:00,FM-16,,,0,,16.093,22.0,78.0,3.6
bergstrom,USW00013904,2021-09-14T12:53:00+00:00,2021-09-14T07:53:00-05:00,2021-09-14T06:53:00,FM-15,0.0,0.0,0,,16.093,22.2,79.0,4.6
bergstrom,USW00013904,2021-09-14T13:53:00+00:00,2021-09-14T08:53:00-05:00,2021-09-14T07:53:00,FM-15,0.0,0.0,0,,16.093,23.9,71.0,6.2
bergstrom,USW00013904,2021-09-14T14:21:00+00:00,2021-09-14T09:21:00-05:00,2021-09-14T08:21:00,FM-16,,,0,,16.093,23.9,71.0,7.2
bergstrom,USW00013904,2021-09-14T14:53:00+00:00,2021-09-14T09:53:00-05:00,2021-09-14T08:53:00,FM-15,0.0,0.0,0,,16.093,24.4,72.0,6.2
bergstrom,USW00013904,2021-09-14T15:36:00+00:00,2021-09-14T10:36:00-05:00,2021-09-14T09:36:00,FM-16,,,0,,16.093,24.4,72.0,7.2
bergstrom,USW00013904,2021-09-14T15:53:00+00:00,2021-09-14T10:53:00-05:00,2021-09-14T09:53:00,FM-15,0.0,0.0,0,,16.093,25.6,67.0,7.2
bergstrom,USW00013904,2021-09-14T16:53:00+00:00,2021-09-14T11:53:00-05:00,2021-09-14T10:53:00,FM-15,0.0,0.0,0,,16.093,27.2,61.0,6.2
bergstrom,USW00013904,2021-09-14T17:53:00+00:00,2021-09-14T12:53:00-05:00,2021-09-14T11:53:00,FM-15,0.0,0.0,0,,16.093,27.8,58.0,6.2
bergstrom,USW00013904,2021-09-14T18:53:00+00:00,2021-09-14T13:53:00-05:00,2021-09-14T12:53:00,FM-15,0.0,0.0,0,,16.093,28.9,55.0,6.7
bergstrom,USW00013904,2021-09-14T19:53:00+00:00,2021-09-14T14:53:00-05:00,2021-09-14T13:53:00,FM-15,0.0,0.0,0,,16.093,29.4,53.0,8.8
bergstrom,USW00013904,2021-09-14T20:53:00+00:00,2021-09-14T15:53:00-05:00,2021-09-14T14:53:00,FM-15,0.0,0.0,0,,16.093,27.8,58.0,7.7
bergstrom,USW00013904,2021-09-14T21:53:00+00:00,2021-09-14T16:53:00-05:00,2021-09-14T15:53:00,FM-15,0.0,0.0,0,,16.093,28.3,57.0,8.2
bergstrom,USW00013904,2021-09-14T22:53:00+00:00,2021-09-14T17:53:00-05:00,2021-09-14T16:53:00,FM-15,0.0,0.0,0,,16.093,27.8,60.0,6.7
bergstrom,USW00013904,2021-09-14T23:53:00+00:00,2021-09-14T18:53:00-05:00,2021-09-14T17:53:00,FM-15,0.0,0.0,0,,16.093,26.7,67.0,5.1
bergstrom,USW00013904,2021-09-15T00:53:00+00:00,2021-09-14T19:53:00-05:00,2021-09-14T18:53:00,FM-15,0.0,0.0,0,,16.093,26.1,69.0,4.6
bergstrom,USW00013904,2021-09-15T01:53:00+00:00,2021-09-14T20:53:00-05:00,2021-09-14T19:53:00,FM-15,0.0,0.0,0,,16.093,25.0,74.0,4.6
bergstrom,USW00013904,2021-09-15T02:53:00+00:00,2021-09-14T21:53:00-05:00,2021-09-14T20:53:00,FM-15,0.0,0.0,0,,16.093,25.0,74.0,4.6
bergstrom,USW00013904,2021-09-15T03:53:00+00:00,2021-09-14T22:53:00-05:00,2021-09-14T21:53:00,FM-15,0.0,0.0,0,,16.093,24.4,77.0,4.6
bergstrom,USW00013904,2021-09-15T04:53:00+00:00,2021-09-14T23:53:00-05:00,2021-09-14T22:53:00,FM-15,0.0,0.0,0,,16.093,23.3,85.0,4.1
bergstrom,USW00013904,2021-09-15T05:53:00+00:00,2021-09-15T00:53:00-05:00,2021-09-14T23:53:00,FM-15,0.0,0.0,0,,16.093,22.8,84.0,3.6
bergstrom,USW00013904,2021-09-15T06:37:00+00:00,2021-09-15T01:37:00-05:00,2021-09-15T00:37:00,FM-16,,,0,,16.093,21.1,93.0,3.1
bergstrom,USW00013904,2021-09-15T06:53:00+00:00,2021-09-15T01:53:00-05:00,2021-09-15T00:53:00,FM-15,0.0,0.0,0,,16.093,21.7,94.0,3.1
bergstrom,USW00013904,2021-09-15T07:53:00+00:00,2021-09-15T02:53:00-05:00,2021-09-15T01:53:00,FM-15,0.0,0.0,0,,16.093,21.7,90.0,4.1
bergstrom,USW00013904,2021-09-15T08:53:00+00:00,2021-09-15T03:53:00-05:00,2021-09-15T02:53:00,FM-15,0.0,0.0,0,,16.093,22.8,84.0,4.6
bergstrom,USW00013904,2021-09-15T09:53:00+00:00,2021-09-15T04:53:00-05:00,2021-09-15T03:53:00,FM-15,0.0,0.0,0,,16.093,21.7,90.0,5.7
bergstrom,USW00013904,2021-09-15T10:53:00+00:00,2021-09-15T05:53:00-05:00,2021-09-15T04:53:00,FM-15,0.0,0.0,0,,16.093,21.7,87.0,5.1
bergstrom,USW00013904,2021-09-15T11:53:00+00:00,2021-09-15T06:53:00-05:00,2021-09-15T05:53:00,FM-15,0.0,0.0,0,,16.093,22.8,81.0,5.1
bergstrom,USW00013904,2021-09-15T12:53:00+00:00,2021-09-15T07:53:00-05:00,2021-09-15T06:53:00,FM-15,0.0,0.0,0,,16.093,23.3,76.0,4.6
bergstrom,USW00013904,2021-09-15T13:53:00+00:00,2021-09-15T08:53:00-05:00,2021-09-15T07:53:00,FM-15,0.0,0.0,0,,16.093,24.4,72.0,5.7
bergstrom,USW00013904,2021-09-15T14:53:00+00:00,2021-09-15T09:53:00-05:00,2021-09-15T08:53:00,FM-15,0.0,0.0,0,,16.093,24.4,74.0,7.2
bergstrom,USW00013904,2021-09-15T15:53:00+00:00,2021-09-15T10:53:00-05:00,2021-09-15T09:53:00,FM-15,0.0,0.0,0,,16.093,25.0,69.0,7.2
bergstrom,USW00013904,2021-09-15T16:51:00+00:00,2021-09-15T11:51:00-05:00,2021-09-15T10:51:00,FM-16,,,0,,16.093,27.0,62.0,8.2
bergstrom,USW00013904,2021-09-15T16:53:00+00:00,2021-09-15T11:53:00-05:00,2021-09-15T10:53:00,FM-15,0.0,0.0,0,,16.093,26.7,62.0,7.7
bergstrom,USW00013904,2021-09-15T17:53:00+00:00,2021-09-15T12:53:00-05:00,2021-09-15T11:53:00,FM-15,0.0,0.0,0,,16.093,27.8,56.0,6.2
bergstrom,USW00013904,2021-09-15T18:53:00+00:00,2021-09-15T13:53:00-05:00,2021-09-15T12:53:00,FM-15,0.0,0.0,0,,16.093,28.3,57.0,3.6
bergstrom,USW00013904,2021-09-15T19:53:00+00:00,2021-09-15T14:53:00-05:00,2021-09-15T13:53:00,FM-15,0.0,0.0,0,,16.093,30.6,50.0,4.6
bergstrom,USW00013904,2021-09-15T20:53:00+00:00,2021-09-15T15:53:00-05:00,2021-09-15T14:53:00,FM-15,0.0,0.0,0,,16.093,30.0,49.0,3.6
bergstrom,USW00013904,2021-09-15T21:53:00+00:00,2021-09-15T16:53:00-05:00,2021-09-15T15:53:00,FM-15,0.0,0.0,0,,16.093,31.7,43.0,5.7
bergstrom,USW00013904,2021-09-15T22:53:00+00:00,2021-09-15T17:53:00-05:00,2021-09-15T16:53:00,FM-15,0.0,0.0,0,,16.093,31.1,45.0,6.2
bergstrom,USW00013904,2021-09-15T23:53:00+00:00,2021-09-15T18:53:00-05:00,2021-09-15T17:53:00,FM-15,0.0,0.0,0,,16.093,30.0,49.0,5.1
bergstrom,USW00013904,2021-09-16T00:53:00+00:00,2021-09-15T19:53:00-05:00,2021-09-15T18:53:00,FM-15,0.0,0.0,0,,16.093,27.2,61.0,2.6
bergstrom,USW00013904,2021-09-16T01:53:00+00:00,2021-09-15T20:53:00-05:00,2021-09-15T19:53:00,FM-15,0.0,0.0,0,,16.093,24.4,72.0,0.0
bergstrom,USW00013904,2021-09-16T02:53:00+00:00,2021-09-15T21:53:00-05:00,2021-09-15T20:53:00,FM-15,0.0,0.0,0,,16.093,22.8,79.0,0.0
bergstrom,USW00013904,2021-09-16T03:53:00+00:00,2021-09-15T22:53:00-05:00,2021-09-15T21:53:00,FM-15,0.0,0.0,0,,16.093,21.7,87.0,0.0
bergstrom,USW00013904,2021-09-16T04:53:00+00:00,2021-09-15T23:53:00-05:00,2021-09-15T22:53:00,FM-15,0.0,0.0,0,,16.093,20.6,90.0,0.0
bergstrom,USW00013904,2021-09-16T05:53:00+00:00,2021-09-16T00:53:00-05:00,2021-09-15T23:53:00,FM-15,0.0,0.0,0,,16.093,20.0,90.0,0.0
bergstrom,USW00013904,2021-09-16T06:53:00+00:00,2021-09-16T01:53:00-05:00,2021-09-16T00:53:00,FM-15,0.0,0.0,0,,16.093,20.6,90.0,0.0
bergstrom,USW00013904,2021-09-16T07:53:00+00:00,2021-09-16T02:53:00-05:00,2021-09-16T01:53:00,FM-15,0.0,0.0,0,,16.093,19.4,93.0,1.5
bergstrom,USW00013904,2021-09-16T08:53:00+00:00,2021-09-16T03:53:00-05:00,2021-09-16T02:53:00,FM-15,0.0,0.0,0,,16.093,18.3,97.0,0.0
bergstrom,USW00013904,2021-09-16T09:53:00+00:00,2021-09-16T04:53:00-05:00,2021-09-16T03:53:00,FM-15,0.0,0.0,0,,16.093,18.3,97.0,0.0
bergstrom,USW00013904,2021-09-16T10:53:00+00:00,2021-09-16T05:53:00-05:00,2021-09-16T04:53:00,FM-15,0.0,0.0,0,,16.093,19.4,93.0,1.5
bergstrom,USW00013904,2021-09-16T11:53:00+00:00,2021-09-16T06:53:00-05:00,2021-09-16T05:53:00,FM-15,0.0,0.0,0,,16.093,19.4,93.0,1.5
bergstrom,USW00013904,2021-09-16T12:53:00+00:00,2021-09-16T07:53:00-05:00,2021-09-16T06:53:00,FM-15,0.0,0.0,0,,16.093,19.4,97.0,0.0
bergstrom,USW00013904,2021-09-16T13:53:00+00:00,2021-09-16T08:53:00-05:00,2021-09-16T07:53:00,FM-15,0.0,0.0,0,,16.093,22.8,81.0,3.1
bergstrom,USW00013904,2021-09-16T14:53:00+00:00,2021-09-16T09:53:00-05:00,2021-09-16T08:53:00,FM-15,0.0,0.0,0,,16.093,25.6,69.0,2.6
bergstrom,USW00013904,2021-09-16T15:53:00+00:00,2021-09-16T10:53:00-05:00,2021-09-16T09:53:00,FM-15,0.0,0.0,0,,16.093,28.3,59.0,3.1
bergstrom,USW00013904,2021-09-16T16:53:00+00:00,2021-09-16T11:53:00-05:00,2021-09-16T10:53:00,FM-15,0.0,0.0,0,,16.093,28.3,55.0,3.1
bergstrom,USW00013904,2021-09-16T17:53:00+00:00,2021-09-16T12:53:00-05:00,2021-09-16T11:53:00,FM-15,0.0,0.0,0,,16.093,31.1,46.0,3.6
bergstrom,USW00013904,2021-09-16T18:53:00+00:00,2021-09-16T13:53:00-05:00,2021-09-16T12:53:00,FM-15,0.0,0.0,0,,16.093,32.8,42.0,4.6
bergstrom,USW00013904,2021-09-16T19:53:00+00:00,2021-09-16T14:53:00-05:00,2021-09-16T13:53:00,FM-15,0.0,0.0,0,,16.093,32.2,42.0,4.1
bergstrom,USW00013904,2021-09-16T20:53:00+00:00,2021-09-16T15:53:00-05:00,2021-09-16T14:53:00,FM-15,0.0,0.0,0,,16.093,32.2,42.0,5.1
bergstrom,USW00013904,2021-09-16T21:53:00+00:00,2021-09-16T16:53:00-05:00,2021-09-16T15:53:00,FM-15,0.0,0.0,0,,16.093,32.2,41.0,2.1
bergstrom,USW00013904,2021-09-16T22:53:00+00:00,2021-09-16T17:53:00-05:00,2021-09-16T16:53:00,FM-15,0.0,0.0,0,,16.093,32.8,41.0,4.1
bergstrom,USW00013904,2021-09-16T23:53:00+00:00,2021-09-16T18:53:00-05:00,2021-09-16T17:53:00,FM-15,0.0,0.0,0,,16.093,31.7,43.0,4.1
bergstrom,USW00013904,2021-09-17T00:53:00+00:00,2021-09-16T19:53:00-05:00,2021-09-16T18:53:00,FM-15,0.0,0.0,0,,16.093,29.4,51.0,3.1
bergstrom,USW00013904,2021-09-17T01:53:00+00:00,2021-09-16T20:53:00-05:00,2021-09-16T19:53:00,FM-15,0.0,0.0,0,,16.093,27.2,61.0,3.1
bergstrom,USW00013904,2021-09-17T02:53:00+00:00,2021-09-16T21:53:00-05:00,2021-09-16T20:53:00,FM-15,0.0,0.0,0,,16.093,25.0,71.0,3.1
bergstrom,USW00013904,2021-09-17T03:53:00+00:00,2021-09-16T22:53:00-05:00,2021-09-16T21:53:00,FM-15,0.0,0.0,0,,16.093,24.4,77.0,3.1
bergstrom,USW00013904,2021-09-17T04:53:00+00:00,2021-09-16T23:53:00-05:00,2021-09-16T22:53:00,FM-15,0.0,0.0,0,,16.093,21.7,87.0,0.0
bergstrom,USW00013904,2021-09-17T05:53:00+00:00,2021-09-17T00:53:00-05:00,2021-09-16T23:53:00,FM-15,0.0,0.0,0,,16.093,21.7,87.0,0.0
bergstrom,USW00013904,2021-09-17T06:53:00+00:00,2021-09-17T01:53:00-05:00,2021-09-17T00:53:00,FM-15,0.0,0.0,0,,16.093,20.0,93.0,0.0
bergstrom,USW00013904,2021-09-17T07:53:00+00:00,2021-09-17T02:53:00-05:00,2021-09-17T01:53:00,FM-15,0.0,0.0,0,,16.093,19.4,97.0,0.0
bergstrom,USW00013904,2021-09-17T08:53:00+00:00,2021-09-17T03:53:00-05:00,2021-09-17T02:53:00,FM-15,0.0,0.0,0,,16.093,19.4,97.0,0.0
bergstrom,USW00013904,2021-09-17T09:53:00+00:00,2021-09-17T04:53:00-05:00,2021-09-17T03:53:00,FM-15,0.0,0.0,0,,16.093,18.3,97.0,0.0
bergstrom,USW00013904,2021-09-17T10:53:00+00:00,2021-09-17T05:53:00-05:00,2021-09-17T04:53:00,FM-15,0.0,0.0,0,,16.093,18.9,96.0,0.0
bergstrom,USW00013904,2021-09-17T11:53:00+00:00,2021-09-17T06:53:00-05:00,2021-09-17T05:53:00,FM-15,0.0,0.0,0,,16.093,18.3,100.0,0.0
bergstrom,USW00013904,2021-09-17T12:53:00+00:00,2021-09-17T07:53:00-05:00,2021-09-17T06:53:00,FM-15,0.0,0.0,0,,16.093,20.0,96.0,2.1
bergstrom,USW00013904,2021-09-17T13:53:00+00:00,2021-09-17T08:53:00-05:00,2021-09-17T07:53:00,FM-15,0.0,0.0,0,,16.093,22.8,87.0,0.0
bergstrom,USW00013904,2021-09-17T14:53:00+00:00,2021-09-17T09:53:00-05:00,2021-09-17T08:53:00,FM-15,0.0,0.0,0,,16.093,26.1,77.0,1.5
bergstrom,USW00013904,2021-09-17T15:53:00+00:00,2021-09-17T10:53:00-05:00,2021-09-17T09:53:00,FM-15,0.0,0.0,0,,16.093,28.9,63.0,1.5
bergstrom,USW00013904,2021-09-17T16:53:00+00:00,2021-09-17T11:53:00-05:00,2021-09-17T10:53:00,FM-15,0.0,0.0,0,,16.093,31.1,52.0,1.5
bergstrom,USW00013904,2021-09-17T17:53:00+00:00,2021-09-17T12:53:00-05:00,2021-09-17T11:53:00,FM-15,0.0,0.0,0,,16.093,32.2,47.0,0.0
bergstrom,USW00013904,2021-09-17T18:53:00+00:00,2021-09-17T13:53:00-05:00,2021-09-17T12:53:00,FM-15,0.0,0.0,0,,16.093,33.3,43.0,0.0
bergstrom,USW00013904,2021-09-17T19:53:00+00:00,2021-09-17T14:53:00-05:00,2021-09-17T13:53:00,FM-15,0.0,0.0,0,,16.093,33.9,40.0,0.0
bergstrom,USW00013904,2021-09-17T20:53:00+00:00,2021-09-17T15:53:00-05:00,2021-09-17T14:53:00,FM-15,0.0,0.0,0,,16.093,35.0,37.0,2.1
bergstrom,USW00013904,2021-09-17T21:53:00+00:00,2021-09-17T16:53:00-05:00,2021-09-17T15:53:00,FM-15,0.0,0.0,0,,16.093,34.4,38.0,4.1
bergstrom,USW00013904,2021-09-17T22:53:00+00:00,2021-09-17T17:53:00-05:00,2021-09-17T16:53:00,FM-15,0.0,0.0,0,,16.093,34.4,37.0,2.6
bergstrom,USW00013904,2021-09-17T23:53:00+00:00,2021-09-17T18:53:00-05:00,2021-09-17T17:53:00,FM-15,0.0,0.0,0,,16.093,32.8,41.0,2.1
bergstrom,USW00013904,2021-09-18T00:53:00+00:00,2021-09-17T19:53:00-05:00,2021-09-17T18:53:00,FM-15,0.0,0.0,0,,16.093,31.1,46.0,2.6
bergstrom,USW00013904,2021-09-18T01:53:00+00:00,2021-09-17T20:53:00-05:00,2021-09-17T19:53:00,FM-15,0.0,0.0,0,,16.093,28.9,57.0,3.1
bergstrom,USW00013904,2021-09-18T02:53:00+00:00,2021-09-17T21:53:00-05:00,2021-09-17T20:53:00,FM-15,0.0,0.0,0,,16.093,27.8,60.0,2.6
bergstrom,USW00013904,2021-09-18T03:53:00+00:00,2021-09-17T22:53:00-05:00,2021-09-17T21:53:00,FM-15,0.0,0.0,0,,16.093,24.4,74.0,0.0
bergstrom,USW00013904,2021-09-18T04:53:00+00:00,2021-09-17T23:53:00-05:00,2021-09-17T22:53:00,FM-15,0.0,0.0,0,,16.093,23.3,79.0,0.0
bergstrom,USW00013904,2021-09-18T05:53:00+00:00,2021-09-18T00:53:00-05:00,2021-09-17T23:53:00,FM-15,0.0,0.0,0,,16.093,22.2,84.0,0.0
bergstrom,USW00013904,2021-09-18T06:53:00+00:00,2021-09-18T01:53:00-05:00,2021-09-18T00:53:00,FM-15,0.0,0.0,0,,16.093,21.7,87.0,0.0
bergstrom,USW00013904,2021-09-18T07:53:00+00:00,2021-09-18T02:53:00-05:00,2021-09-18T01:53:00,FM-15,0.0,0.0,0,,16.093,21.1,87.0,0.0
bergstrom,USW00013904,2021-09-18T08:53:00+00:00,2021-09-18T03:53:00-05:00,2021-09-18T02:53:00,FM-15,0.0,0.0,0,,16.093,21.1,90.0,1.5
bergstrom,USW00013904,2021-09-18T09:53:00+00:00,2021-09-18T04:53:00-05:00,2021-09-18T03:53:00,FM-15,0.0,0.0,0,,16.093,21.1,90.0,3.6
bergstrom,USW00013904,2021-09-18T10:53:00+00:00,2021-09-18T05:53:00-05:00,2021-09-18T04:53:00,FM-15,0.0,0.0,0,,16.093,20.0,93.0,1.5
bergstrom,USW00013904,2021-09-18T11:53:00+00:00,2021-09-18T06:53:00-05:00,2021-09-18T05:53:00,FM-15,0.0,0.0,0,,16.093,20.0,93.0,0.0
bergstrom,USW00013904,2021-09-18T12:53:00+00:00,2021-09-18T07:53:00-05:00,2021-09-18T06:53:00,FM-15,0.0,0.0,0,,16.093,21.1,90.0,0.0
bergstrom,USW00013904,2021-09-18T13:53:00+00:00,2021-09-18T08:53:00-05:00,2021-09-18T07:53:00,FM-15,0.0,0.0,0,,16.093,26.1,72.0,0.0
bergstrom,USW00013904,2021-09-18T14:53:00+00:00,2021-09-18T09:53:00-05:00,2021-09-18T08:53:00,FM-15,0.0,0.0,0,,16.093,29.4,59.0,2.6
bergstrom,USW00013904,2021-09-18T15:53:00+00:00,2021-09-18T10:53:00-05:00,2021-09-18T09:53:00,FM-15,0.0,0.0,0,,16.093,30.6,55.0,0.0
bergstrom,USW00013904,2021-09-18T16:53:00+00:00,2021-09-18T11:53:00-05:00,2021-09-18T10:53:00,FM-15,0.0,0.0,0,,16.093,31.1,50.0,2.1
bergstrom,USW00013904,2021-09-18T17:53:00+00:00,2021-09-18T12:53:00-05:00,2021-09-18T11:53:00,FM-15,0.0,0.0,0,,16.093,32.8,45.0,3.1
bergstrom,USW00013904,2021-09-18T18:53:00+00:00,2021-09-18T13:53:00-05:00,2021-09-18T12:53:00,FM-15,0.0,0.0,0,,16.093,33.9,41.0,2.6
bergstrom,USW00013904,2021-09-18T19:53:00+00:00,2021-09-18T14:53:00-05:00,2021-09-18T13:53:00,FM-15,0.0,0.0,0,,16.093,34.4,38.0,3.6
bergstrom,USW00013904,2021-09-18T20:53:00+00:00,2021-09-18T15:53:00-05:00,2021-09-18T14:53:00,FM-15,0.0,0.0,0,,16.093,35.6,34.0,4.1
bergstrom,USW00013904,2021-09-18T21:53:00+00:00,2021-09-18T16:53:00-05:00,2021-09-18T15:53:00,FM-15,0.0,0.0,0,,16.093,36.1,33.0,5.1
bergstrom,USW00013904,2021-09-18T22:53:00+00:00,2021-09-18T17:53:00-05:00,2021-09-18T16:53:00,FM-15,0.0,0.0,0,,16.093,35.0,32.0,4.1
bergstrom,USW00013904,2021-09-18T23:04:00+00:00,2021-09-18T18:04:00-05:00,2021-09-18T17:04:00,FM-16,,,0,,16.093,33.9,34.0,5.1
bergstrom,USW00013904,2021-09-18T23:53:00+00:00,2021-09-18T18:53:00-05:00,2021-09-18T17:53:00,FM-15,0.0,0.0,0,,16.093,31.1,50.0,5.1
bergstrom,USW00013904,2021-09-19T00:53:00+00:00,2021-09-18T19:53:00-05:00,2021-09-18T18:53:00,FM-15,0.0,0.0,0,,16.093,28.3,61.0,2.1
bergstrom,USW00013904,2021-09-19T01:53:00+00:00,2021-09-18T20:53:00-05:00,2021-09-18T19:53:00,FM-15,0.0,0.0,0,,16.093,24.4,77.0,0.0
bergstrom,USW00013904,2021-09-19T02:53:00+00:00,2021-09-18T21:53:00-05:00,2021-09-18T20:53:00,FM-15,0.0,0.0,0,,16.093,25.0,74.0,0.0
bergstrom,USW00013904,2021-09-19T03:53:00+00:00,2021-09-18T22:53:00-05:00,2021-09-18T21:53:00,FM-15,0.0,0.0,0,,16.093,23.3,82.0,1.5
bergstrom,USW00013904,2021-09-19T04:53:00+00:00,2021-09-18T23:53:00-05:00,2021-09-18T22:53:00,FM-15,0.0,0.0,0,,16.093,22.8,84.0,0.0
bergstrom,USW00013904,2021-09-19T05:53:00+00:00,2021-09-19T00:53:00-05:00,2021-09-18T23:53:00,FM-15,0.0,0.0,0,,16.093,23.3,82.0,1.5
bergstrom,USW00013904,2021-09-19T06:53:00+00:00,2021-09-19T01:53:00-05:00,2021-09-19T00:53:00,FM-15,0.0,0.0,0,,16.093,22.2,87.0,0.0
bergstrom,USW00013904,2021-09-19T07:53:00+00:00,2021-09-19T02:53:00-05:00,2021-09-19T01:53:00,FM-15,0.0,0.0,0,,16.093,21.7,87.0,0.0
bergstrom,USW00013904,2021-09-19T08:53:00+00:00,2021-09-19T03:53:00-05:00,2021-09-19T02:53:00,FM-15,0.0,0.0,0,,16.093,20.6,93.0,0.0
bergstrom,USW00013904,2021-09-19T09:53:00+00:00,2021-09-19T04:53:00-05:00,2021-09-19T03:53:00,FM-15,0.0,0.0,0,,16.093,21.1,90.0,0.0
bergstrom,USW00013904,2021-09-19T10:53:00+00:00,2021-09-19T05:53:00-05:00,2021-09-19T04:53:00,FM-15,0.0,0.0,0,,16.093,19.4,93.0,0.0
bergstrom,USW00013904,2021-09-19T11:53:00+00:00,2021-09-19T06:53:00-05:00,2021-09-19T05:53:00,FM-15,0.0,0.0,0,,16.093,20.0,93.0,1.5
bergstrom,USW00013904,2021-09-19T12:53:00+00:00,2021-09-19T07:53:00-05:00,2021-09-19T06:53:00,FM-15,0.0,0.0,0,,16.093,21.7,90.0,2.1
bergstrom,USW00013904,2021-09-19T13:53:00+00:00,2021-09-19T08:53:00-05:00,2021-09-19T07:53:00,FM-15,0.0,0.0,0,,16.093,25.6,74.0,1.5
bergstrom,USW00013904,2021-09-19T14:53:00+00:00,2021-09-19T09:53:00-05:00,2021-09-19T08:53:00,FM-15,0.0,0.0,0,,16.093,28.9,61.0,1.5
bergstrom,USW00013904,2021-09-19T15:53:00+00:00,2021-09-19T10:53:00-05:00,2021-09-19T09:53:00,FM-15,0.0,0.0,0,,16.093,31.7,50.0,2.6
bergstrom,USW00013904,2021-09-19T16:53:00+00:00,2021-09-19T11:53:00-05:00,2021-09-19T10:53:00,FM-15,0.0,0.0,0,,16.093,33.3,44.0,2.1
bergstrom,USW00013904,2021-09-19T17:53:00+00:00,2021-09-19T12:53:00-05:00,2021-09-19T11:53:00,FM-15,0.0,0.0,0,,16.093,33.9,41.0,1.5
bergstrom,USW00013904,2021-09-19T18:53:00+00:00,2021-09-19T13:53:00-05:00,2021-09-19T12:53:00,FM-15,0.0,0.0,0,,16.093,34.4,37.0,3.6
bergstrom,USW00013904,2021-09-19T19:53:00+00:00,2021-09-19T14:53:00-05:00,2021-09-19T13:53:00,FM-15,0.0,0.0,0,,16.093,35.6,31.0,0.0
bergstrom,USW00013904,2021-09-19T20:53:00+00:00,2021-09-19T15:53:00-05:00,2021-09-19T14:53:00,FM-15,0.0,0.0,0,,16.093,36.1,30.0,2.6
bergstrom,USW00013904,2021-09-19T21:53:00+00:00,2021-09-19T16:53:00-05:00,2021-09-19T15:53:00,FM-15,0.0,0.0,0,,16.093,35.6,30.0,0.0
bergstrom,USW00013904,2021-09-19T22:53:00+00:00,2021-09-19T17:53:00-05:00,2021-09-19T16:53:00,FM-15,0.0,0.0,0,,16.093,35.6,29.0,0.0
bergstrom,USW00013904,2021-09-19T23:53:00+00:00,2021-09-19T18:53:00-05:00,2021-09-19T17:53:00,FM-15,0.0,0.0,0,,16.093,33.9,37.0,3.1
bergstrom,USW00013904,2021-09-20T00:53:00+00:00,2021-09-19T19:53:00-05:00,2021-09-19T18:53:00,FM-15,0.0,0.0,0,,16.093,28.9,51.0,3.1
bergstrom,USW00013904,2021-09-20T01:53:00+00:00,2021-09-19T20:53:00-05:00,2021-09-19T19:53:00,FM-15,0.0,0.0,0,,16.093,27.8,56.0,2.6
bergstrom,USW00013904,2021-09-20T02:53:00+00:00,2021-09-19T21:53:00-05:00,2021-09-19T20:53:00,FM-15,0.0,0.0,0,,16.093,25.0,69.0,0.0
bergstrom,USW00013904,2021-09-20T03:53:00+00:00,2021-09-19T22:53:00-05:00,2021-09-19T21:53:00,FM-15,0.0,0.0,0,,16.093,25.0,69.0,1.5
bergstrom,USW00013904,2021-09-20T04:53:00+00:00,2021-09-19T23:53:00-05:00,2021-09-19T22:53:00,FM-15,0.0,0.0,0,,16.093,26.1,72.0,5.1
bergstrom,USW00013904,2021-09-20T05:53:00+00:00,2021-09-20T00:53:00-05:00,2021-09-19T23:53:00,FM-15,0.0,0.0,0,,16.093,25.0,79.0,3.6
bergstrom,USW00013904,2021-09-20T06:53:00+00:00,2021-09-20T01:53:00-05:00,2021-09-20T00:53:00,FM-15,0.0,0.0,0,,16.093,22.8,90.0,2.6
bergstrom,USW00013904,2021-09-20T07:53:00+00:00,2021-09-20T02:53:00-05:00,2021-09-20T01:53:00,FM-15,0.0,0.0,0,,16.093,23.3,91.0,2.6
bergstrom,USW00013904,2021-09-20T08:53:00+00:00,2021-09-20T03:53:00-05:00,2021-09-20T02:53:00,FM-15,0.0,0.0,0,,16.093,22.8,94.0,2.1
bergstrom,USW00013904,2021-09-20T09:53:00+00:00,2021-09-20T04:53:00-05:00,2021-09-20T03:53:00,FM-15,0.0,0.0,0,,16.093,23.3,91.0,3.6
bergstrom,USW00013904,2021-09-20T10:53:00+00:00,2021-09-20T05:53:00-05:00,2021-09-20T04:53:00,FM-15,0.0,0.0,0,,16.093,22.8,94.0,2.1
bergstrom,USW00013904,2021-09-20T11:51:00+00:00,2021-09-20T06:51:00-05:00,2021-09-20T05:51:00,FM-16,,,0,,16.093,23.0,94.0,2.6
bergstrom,USW00013904,2021-09-20T11:53:00+00:00,2021-09-20T06:53:00-05:00,2021-09-20T05:53:00,FM-15,0.0,0.0,0,,16.093,23.3,94.0,2.6
bergstrom,USW00013904,2021-09-20T12:21:00+00:00,2021-09-20T07:21:00-05:00,2021-09-20T06:21:00,FM-16,,,0,,16.093,23.9,90.0,2.6
bergstrom,USW00013904,2021-09-20T12:53:00+00:00,2021-09-20T07:53:00-05:00,2021-09-20T06:53:00,FM-15,0.0,0.0,0,,16.093,23.9,94.0,0.0
bergstrom,USW00013904,2021-09-20T13:53:00+00:00,2021-09-20T08:53:00-05:00,2021-09-20T07:53:00,FM-15,0.0,0.0,0,,16.093,26.1,85.0,4.6
bergstrom,USW00013904,2021-09-20T14:53:00+00:00,2021-09-20T09:53:00-05:00,2021-09-20T08:53:00,FM-15,0.0,0.0,0,,16.093,28.3,72.0,3.6
bergstrom,USW00013904,2021-09-20T15:53:00+00:00,2021-09-20T10:53:00-05:00,2021-09-20T09:53:00,FM-15,0.0,0.0,0,,16.093,31.1,57.0,5.1
bergstrom,USW00013904,2021-09-20T16:53:00+00:00,2021-09-20T11:53:00-05:00,2021-09-20T10:53:00,FM-15,0.0,0.0,0,,16.093,32.8,47.0,6.7
bergstrom,USW00013904,2021-09-20T17:53:00+00:00,2021-09-20T12:53:00-05:00,2021-09-20T11:53:00,FM-15,0.0,0.0,0,,16.093,34.4,38.0,5.7
bergstrom,USW00013904,2021-09-20T18:53:00+00:00,2021-09-20T13:53:00-05:00,2021-09-20T12:53:00,FM-15,0.0,0.0,0,,16.093,36.1,35.0,4.1
bergstrom,USW00013904,2021-09-20T19:53:00+00:00,2021-09-20T14:53:00-05:00,2021-09-20T13:53:00,FM-15,0.0,0.0,0,,16.093,36.1,33.0,5.7
bergstrom,USW00013904,2021-09-20T20:53:00+00:00,2021-09-20T15:53:00-05:00,2021-09-20T14:53:00,FM-15,0.0,0.0,0,,16.093,36.7,31.0,3.1
bergstrom,USW00013904,2021-09-20T21:53:00+00:00,2021-09-20T16:53:00-05:00,2021-09-20T15:53:00,FM-15,0.0,0.0,0,,16.093,36.1,30.0,
bergstrom,USW00013904,2021-09-20T22:53:00+00:00,2021-09-20T17:53:00-05:00,2021-09-20T16:53:00,FM-15,0.0,0.0,0,,16.093,36.1,30.0,3.6
bergstrom,USW00013904,2021-09-20T23:53:00+00:00,2021-09-20T18:53:00-05:00,2021-09-20T17:53:00,FM-15,0.0,0.0,0,,16.093,34.4,33.0,4.1
bergstrom,USW00013904,2021-09-21T00:53:00+00:00,2021-09-20T19:53:00-05:00,2021-09-20T18:53:00,FM-15,0.0,0.0,0,,16.093,32.2,41.0,3.6
bergstrom,USW00013904,2021-09-21T01:53:00+00:00,2021-09-20T20:53:00-05:00,2021-09-20T19:53:00,FM-15,0.0,0.0,0,,16.093,30.6,46.0,4.6
bergstrom,USW00013904,2021-09-21T02:53:00+00:00,2021-09-20T21:53:00-05:00,2021-09-20T20:53:00,FM-15,0.0,0.0,0,,16.093,29.4,57.0,4.6
bergstrom,USW00013904,2021-09-21T03:53:00+00:00,2021-09-20T22:53:00-05:00,2021-09-20T21:53:00,FM-15,0.0,0.0,0,,16.093,28.3,67.0,5.1
bergstrom,USW00013904,2021-09-21T04:53:00+00:00,2021-09-20T23:53:00-05:00,2021-09-20T22:53:00,FM-15,0.0,0.0,0,,16.093,26.7,79.0,5.1
bergstrom,USW00013904,2021-09-21T05:53:00+00:00,2021-09-21T00:53:00-05:00,2021-09-20T23:53:00,FM-15,0.0,0.0,0,,16.093,26.1,88.0,5.1
bergstrom,USW00013904,2021-09-21T06:23:00+00:00,2021-09-21T01:23:00-05:00,2021-09-21T00:23:00,FM-16,,,0,,16.093,25.6,90.0,3.6
bergstrom,USW00013904,2021-09-21T06:53:00+00:00,2021-09-21T01:53:00-05:00,2021-09-21T00:53:00,FM-15,0.0,0.0,0,,16.093,26.1,90.0,5.1
bergstrom,USW00013904,2021-09-21T07:41:00+00:00,2021-09-21T02:41:00-05:00,2021-09-21T01:41:00,FM-16,,,0,,16.093,26.1,88.0,5.1
bergstrom,USW00013904,2021-09-21T07:53:00+00:00,2021-09-21T02:53:00-05:00,2021-09-21T01:53:00,FM-15,0.0,0.0,0,,16.093,26.1,88.0,4.1
bergstrom,USW00013904,2021-09-21T08:53:00+00:00,2021-09-21T03:53:00-05:00,2021-09-21T02:53:00,FM-15,0.0,0.0,0,,16.093,26.7,87.0,4.1
bergstrom,USW00013904,2021-09-21T09:27:00+00:00,2021-09-21T04:27:00-05:00,2021-09-21T03:27:00,FM-16,,,0,,16.093,25.6,90.0,2.6
bergstrom,USW00013904,2021-09-21T09:53:00+00:00,2021-09-21T04:53:00-05:00,2021-09-21T03:53:00,FM-15,0.0,0.0,0,,16.093,24.4,94.0,1.5
bergstrom,USW00013904,2021-09-21T10:12:00+00:00,2021-09-21T05:12:00-05:00,2021-09-21T04:12:00,FM-16,,,0,,14.484,24.4,94.0,1.5
bergstrom,USW00013904,2021-09-21T10:53:00+00:00,2021-09-21T05:53:00-05:00,2021-09-21T04:53:00,FM-15,0.0,0.0,0,,12.875,24.4,94.0,1.5
bergstrom,USW00013904,2021-09-21T11:53:00+00:00,2021-09-21T06:53:00-05:00,2021-09-21T05:53:00,FM-15,0.0,0.0,0,BR:1 |BR |,9.656,22.8,100.0,0.0
bergstrom,USW00013904,2021-09-21T12:53:00+00:00,2021-09-21T07:53:00-05:00,2021-09-21T06:53:00,FM-15,0.0,0.0,0,,11.265,23.3,100.0,0.0
bergstrom,USW00013904,2021-09-21T13:53:00+00:00,2021-09-21T08:53:00-05:00,2021-09-21T07:53:00,FM-15,0.0,0.0,0,,16.093,25.0,90.0,2.6
bergstrom,USW00013904,2021-09-21T14:53:00+00:00,2021-09-21T09:53:00-05:00,2021-09-21T08:53:00,FM-15,0.0,0.0,0,,16.093,28.9,70.0,3.1
bergstrom,USW00013904,2021-09-21T15:53:00+00:00,2021-09-21T10:53:00-05:00,2021-09-21T09:53:00,FM-15,0.0,0.0,0,,16.093,29.4,68.0,2.1
bergstrom,USW00013904,2021-09-21T16:53:00+00:00,2021-09-21T11:53:00-05:00,2021-09-21T10:53:00,FM-15,0.0,0.0,0,,16.093,31.7,59.0,2.6
bergstrom,USW00013904,2021-09-21T17:53:00+00:00,2021-09-21T12:53:00-05:00,2021-09-21T11:53:00,FM-15,0.0,0.0,0,,16.093,32.8,52.0,0.0
bergstrom,USW00013904,2021-09-21T18:53:00+00:00,2021-09-21T13:53:00-05:00,2021-09-21T12:53:00,FM-15,0.0,0.0,0,,16.093,31.7,53.0,2.6
bergstrom,USW00013904,2021-09-21T19:53:00+00:00,2021-09-21T14:53:00-05:00,2021-09-21T13:53:00,FM-15,0.0,0.0,0,,16.093,32.2,56.0,2.1
bergstrom,USW00013904,2021-09-21T20:53:00+00:00,2021-09-21T15:53:00-05:00,2021-09-21T14:53:00,FM-15,0.0,0.0,0,,16.093,32.8,50.0,4.1
bergstrom,USW00013904,2021-09-21T21:53:00+00:00,2021-09-21T16:53:00-05:00,2021-09-21T15:53:00,FM-15,0.0,0.0,0,,16.093,32.8,52.0,3.6
bergstrom,USW00013904,2021-09-21T22:53:00+00:00,2021-09-21T17:53:00-05:00,2021-09-21T16:53:00,FM-15,0.0,0.0,0,,16.093,32.8,47.0,8.2
bergstrom,USW00013904,2021-09-21T23:53:00+00:00,2021-09-21T18:53:00-05:00,2021-09-21T17:53:00,FM-15,0.0,0.0,0,,16.093,30.0,57.0,5.1
bergstrom,USW00013904,2021-09-22T00:53:00+00:00,2021-09-21T19:53:00-05:00,2021-09-21T18:53:00,FM-15,0.0,0.0,0,,16.093,29.4,50.0,6.7
bergstrom,USW00013904,2021-09-22T01:53:00+00:00,2021-09-21T20:53:00-05:00,2021-09-21T19:53:00,FM-15,0.0,0.0,0,,16.093,28.3,37.0,6.7
bergstrom,USW00013904,2021-09-22T02:53:00+00:00,2021-09-21T21:53:00-05:00,2021-09-21T20:53:00,FM-15,0.0,0.0,0,,16.093,27.2,35.0,8.2
bergstrom,USW00013904,2021-09-22T03:53:00+00:00,2021-09-21T22:53:00-05:00,2021-09-21T21:53:00,FM-15,0.0,0.0,0,,16.093,26.7,35.0,7.2
bergstrom,USW00013904,2021-09-22T04:53:00+00:00,2021-09-21T23:53:00-05:00,2021-09-21T22:53:00,FM-15,0.0,0.0,0,,16.093,25.6,35.0,8.8
bergstrom,USW00013904,2021-09-22T05:53:00+00:00,2021-09-22T00:53:00-05:00,2021-09-21T23:53:00,FM-15,0.0,0.0,0,,16.093,24.4,35.0,6.7
bergstrom,USW00013904,2021-09-22T06:53:00+00:00,2021-09-22T01:53:00-05:00,2021-09-22T00:53:00,FM-15,0.0,0.0,0,,16.093,23.9,34.0,9.3
bergstrom,USW00013904,2021-09-22T07:53:00+00:00,2021-09-22T02:53:00-05:00,2021-09-22T01:53:00,FM-15,0.0,0.0,0,,16.093,22.8,38.0,7.2
bergstrom,USW00013904,2021-09-22T08:53:00+00:00,2021-09-22T03:53:00-05:00,2021-09-22T02:53:00,FM-15,0.0,0.0,0,,16.093,22.2,38.0,8.2
bergstrom,USW00013904,2021-09-22T09:53:00+00:00,2021-09-22T04:53:00-05:00,2021-09-22T03:53:00,FM-15,0.0,0.0,0,,16.093,21.1,41.0,6.7
bergstrom,USW00013904,2021-09-22T10:53:00+00:00,2021-09-22T05:53:00-05:00,2021-09-22T04:53:00,FM-15,0.0,0.0,0,,16.093,20.0,44.0,7.7
bergstrom,USW00013904,2021-09-22T11:53:00+00:00,2021-09-22T06:53:00-05:00,2021-09-22T05:53:00,FM-15,0.0,0.0,0,,16.093,19.4,44.0,6.7
bergstrom,USW00013904,2021-09-22T12:53:00+00:00,2021-09-22T07:53:00-05:00,2021-09-22T06:53:00,FM-15,0.0,0.0,0,,16.093,18.9,45.0,6.2
bergstrom,USW00013904,2021-09-22T13:53:00+00:00,2021-09-22T08:53:00-05:00,2021-09-22T07:53:00,FM-15,0.0,0.0,0,,16.093,21.7,36.0,6.7
bergstrom,USW00013904,2021-09-22T14:53:00+00:00,2021-09-22T09:53:00-05:00,2021-09-22T08:53:00,FM-15,0.0,0.0,0,,16.093,23.3,32.0,7.2
bergstrom,USW00013904,2021-09-22T15:53:00+00:00,2021-09-22T10:53:00-05:00,2021-09-22T09:53:00,FM-15,0.0,0.0,0,,16.093,25.0,29.0,6.7
bergstrom,USW00013904,2021-09-22T16:53:00+00:00,2021-09-22T11:53:00-05:00,2021-09-22T10:53:00,FM-15,0.0,0.0,0,,16.093,26.7,25.0,8.2
bergstrom,USW00013904,2021-09-22T17:53:00+00:00,2021-09-22T12:53:00-05:00,2021-09-22T11:53:00,FM-15,0.0,0.0,0,,16.093,27.2,24.0,6.7
bergstrom,USW00013904,2021-09-22T18:53:00+00:00,2021-09-22T13:53:00-05:00,2021-09-22T12:53:00,FM-15,0.0,0.0,0,,16.093,27.8,22.0,7.2
bergstrom,USW00013904,2021-09-22T19:53:00+00:00,2021-09-22T14:53:00-05:00,2021-09-22T13:53:00,FM-15,0.0,0.0,0,,16.093,28.9,21.0,7.2
bergstrom,USW00013904,2021-09-22T20:53:00+00:00,2021-09-22T15:53:00-05:00,2021-09-22T14:53:00,FM-15,0.0,0.0,0,,16.093,28.9,20.0,6.2
bergstrom,USW00013904,2021-09-22T21:53:00+00:00,2021-09-22T16:53:00-05:00,2021-09-22T15:53:00,FM-15,0.0,0.0,0,,16.093,28.9,21.0,7.7
bergstrom,USW00013904,2021-09-22T22:53:00+00:00,2021-09-22T17:53:00-05:00,2021-09-22T16:53:00,FM-15,0.0,0.0,0,,16.093,28.3,22.0,4.1
bergstrom,USW00013904,2021-09-22T23:53:00+00:00,2021-09-22T18:53:00-05:00,2021-09-22T17:53:00,FM-15,0.0,0.0,0,,16.093,26.7,25.0,4.1
bergstrom,USW00013904,2021-09-23T00:53:00+00:00,2021-09-22T19:53:00-05:00,2021-09-22T18:53:00,FM-15,0.0,0.0,0,,16.093,21.1,35.0,3.1
bergstrom,USW00013904,2021-09-23T01:53:00+00:00,2021-09-22T20:53:00-05:00,2021-09-22T19:53:00,FM-15,0.0,0.0,0,,16.093,16.7,52.0,0.0
bergstrom,USW00013904,2021-09-23T02:53:00+00:00,2021-09-22T21:53:00-05:00,2021-09-22T20:53:00,FM-15,0.0,0.0,0,,16.093,14.4,65.0,0.0
bergstrom,USW00013904,2021-09-23T03:53:00+00:00,2021-09-22T22:53:00-05:00,2021-09-22T21:53:00,FM-15,0.0,0.0,0,,16.093,14.4,65.0,0.0
bergstrom,USW00013904,2021-09-23T04:53:00+00:00,2021-09-22T23:53:00-05:00,2021-09-22T22:53:00,FM-15,0.0,0.0,0,,16.093,12.8,74.0,0.0
bergstrom,USW00013904,2021-09-23T05:53:00+00:00,2021-09-23T00:53:00-05:00,2021-09-22T23:53:00,FM-15,0.0,0.0,0,,16.093,12.2,77.0,0.0
bergstrom,USW00013904,2021-09-23T06:53:00+00:00,2021-09-23T01:53:00-05:00,2021-09-23T00:53:00,FM-15,0.0,0.0,0,,16.093,11.7,80.0,0.0
bergstrom,USW00013904,2021-09-23T07:53:00+00:00,2021-09-23T02:53:00-05:00,2021-09-23T01:53:00,FM-15,0.0,0.0,0,,16.093,10.0,83.0,0.0
bergstrom,USW00013904,2021-09-23T08:53:00+00:00,2021-09-23T03:53:00-05:00,2021-09-23T02:53:00,FM-15,0.0,0.0,0,,16.093,11.1,80.0,2.1
bergstrom,USW00013904,2021-09-23T09:53:00+00:00,2021-09-23T04:53:00-05:00,2021-09-23T03:53:00,FM-15,0.0,0.0,0,,16.093,11.7,77.0,1.5
bergstrom,USW00013904,2021-09-23T10:53:00+00:00,2021-09-23T05:53:00-05:00,2021-09-23T04:53:00,FM-15,0.0,0.0,0,,16.093,9.4,90.0,0.0
bergstrom,USW00013904,2021-09-23T11:53:00+00:00,2021-09-23T06:53:00-05:00,2021-09-23T05:53:00,FM-15,0.0,0.0,0,,16.093,10.0,83.0,0.0
bergstrom,USW00013904,2021-09-23T12:53:00+00:00,2021-09-23T07:53:00-05:00,2021-09-23T06:53:00,FM-15,0.0,0.0,0,,16.093,10.6,83.0,0.0
bergstrom,USW00013904,2021-09-23T13:53:00+00:00,2021-09-23T08:53:00-05:00,2021-09-23T07:53:00,FM-15,0.0,0.0,0,,16.093,16.1,67.0,0.0
bergstrom,USW00013904,2021-09-23T14:53:00+00:00,2021-09-23T09:53:00-05:00,2021-09-23T08:53:00,FM-15,0.0,0.0,0,,16.093,22.2,35.0,1.5
bergstrom,USW00013904,2021-09-23T15:53:00+00:00,2021-09-23T10:53:00-05:00,2021-09-23T09:53:00,FM-15,0.0,0.0,0,,16.093,24.4,32.0,1.5
bergstrom,USW00013904,2021-09-23T16:53:00+00:00,2021-09-23T11:53:00-05:00,2021-09-23T10:53:00,FM-15,0.0,0.0,0,,16.093,26.1,25.0,2.1
bergstrom,USW00013904,2021-09-23T17:53:00+00:00,2021-09-23T12:53:00-05:00,2021-09-23T11:53:00,FM-15,0.0,0.0,0,,16.093,27.8,21.0,1.5
bergstrom,USW00013904,2021-09-23T18:53:00+00:00,2021-09-23T13:53:00-05:00,2021-09-23T12:53:00,FM-15,0.0,0.0,0,,16.093,27.8,21.0,1.5
bergstrom,USW00013904,2021-09-23T19:53:00+00:00,2021-09-23T14:53:00-05:00,2021-09-23T13:53:00,FM-15,0.0,0.0,0,,16.093,28.9,19.0,3.1
bergstrom,USW00013904,2021-09-23T20:53:00+00:00,2021-09-23T15:53:00-05:00,2021-09-23T14:53:00,FM-15,0.0,0.0,0,,16.093,29.4,19.0,0.0
bergstrom,USW00013904,2021-09-23T21:53:00+00:00,2021-09-23T16:53:00-05:00,2021-09-23T15:53:00,FM-15,0.0,0.0,0,,16.093,29.4,18.0,1.5
bergstrom,USW00013904,2021-09-23T22:53:00+00:00,2021-09-23T17:53:00-05:00,2021-09-23T16:53:00,FM-15,0.0,0.0,0,,16.093,29.4,17.0,0.0
bergstrom,USW00013904,2021-09-23T23:53:00+00:00,2021-09-23T18:53:00-05:00,2021-09-23T17:53:00,FM-15,0.0,0.0,0,,16.093,26.7,28.0,1.5
bergstrom,USW00013904,2021-09-24T00:53:00+00:00,2021-09-23T19:53:00-05:00,2021-09-23T18:53:00,FM-15,0.0,0.0,0,,16.093,18.9,49.0,0.0
bergstrom,USW00013904,2021-09-24T01:53:00+00:00,2021-09-23T20:53:00-05:00,2021-09-23T19:53:00,FM-15,0.0,0.0,0,,16.093,16.7,56.0,1.5
bergstrom,USW00013904,2021-09-24T02:53:00+00:00,2021-09-23T21:53:00-05:00,2021-09-23T20:53:00,FM-15,0.0,0.0,0,,16.093,16.1,58.0,0.0
bergstrom,USW00013904,2021-09-24T03:53:00+00:00,2021-09-23T22:53:00-05:00,2021-09-23T21:53:00,FM-15,0.0,0.0,0,,16.093,14.4,62.0,1.5
bergstrom,USW00013904,2021-09-24T04:53:00+00:00,2021-09-23T23:53:00-05:00,2021-09-23T22:53:00,FM-15,0.0,0.0,0,,16.093,15.6,58.0,2.6
bergstrom,USW00013904,2021-09-24T05:53:00+00:00,2021-09-24T00:53:00-05:00,2021-09-23T23:53:00,FM-15,0.0,0.0,0,,16.093,15.6,65.0,1.5
bergstrom,USW00013904,2021-09-24T06:53:00+00:00,2021-09-24T01:53:00-05:00,2021-09-24T00:53:00,FM-15,0.0,0.0,0,,16.093,13.3,75.0,0.0
bergstrom,USW00013904,2021-09-24T07:53:00+00:00,2021-09-24T02:53:00-05:00,2021-09-24T01:53:00,FM-15,0.0,0.0,0,,16.093,12.2,80.0,0.0
bergstrom,USW00013904,2021-09-24T08:53:00+00:00,2021-09-24T03:53:00-05:00,2021-09-24T02:53:00,FM-15,0.0,0.0,0,,16.093,11.1,83.0,0.0
bergstrom,USW00013904,2021-09-24T09:53:00+00:00,2021-09-24T04:53:00-05:00,2021-09-24T03:53:00,FM-15,0.0,0.0,0,,16.093,10.6,86.0,0.0
bergstrom,USW00013904,2021-09-24T10:53:00+00:00,2021-09-24T05:53:00-05:00,2021-09-24T04:53:00,FM-15,0.0,0.0,0,,16.093,10.6,92.0,0.0
bergstrom,USW00013904,2021-09-24T11:53:00+00:00,2021-09-24T06:53:00-05:00,2021-09-24T05:53:00,FM-15,0.0,0.0,0,,16.093,10.6,92.0,0.0
bergstrom,USW00013904,2021-09-24T12:53:00+00:00,2021-09-24T07:53:00-05:00,2021-09-24T06:53:00,FM-15,0.0,0.0,0,,16.093,11.7,86.0,0.0
bergstrom,USW00013904,2021-09-24T13:53:00+00:00,2021-09-24T08:53:00-05:00,2021-09-24T07:53:00,FM-15,0.0,0.0,0,,16.093,17.2,68.0,0.0
bergstrom,USW00013904,2021-09-24T14:53:00+00:00,2021-09-24T09:53:00-05:00,2021-09-24T08:53:00,FM-15,0.0,0.0,0,,16.093,22.2,55.0,2.1
bergstrom,USW00013904,2021-09-24T15:53:00+00:00,2021-09-24T10:53:00-05:00,2021-09-24T09:53:00,FM-15,0.0,0.0,0,,16.093,25.6,40.0,3.1
bergstrom,USW00013904,2021-09-24T16:53:00+00:00,2021-09-24T11:53:00-05:00,2021-09-24T10:53:00,FM-15,0.0,0.0,0,,16.093,26.7,37.0,3.6
bergstrom,USW00013904,2021-09-24T17:53:00+00:00,2021-09-24T12:53:00-05:00,2021-09-24T11:53:00,FM-15,0.0,0.0,0,,16.093,28.3,30.0,3.6
bergstrom,USW00013904,2021-09-24T18:53:00+00:00,2021-09-24T13:53:00-05:00,2021-09-24T12:53:00,FM-15,0.0,0.0,0,,16.093,28.3,28.0,4.6
bergstrom,USW00013904,2021-09-24T19:53:00+00:00,2021-09-24T14:53:00-05:00,2021-09-24T13:53:00,FM-15,0.0,0.0,0,,16.093,29.4,27.0,1.5
bergstrom,USW00013904,2021-09-24T20:53:00+00:00,2021-09-24T15:53:00-05:00,2021-09-24T14:53:00,FM-15,0.0,0.0,0,,16.093,30.0,26.0,2.6
bergstrom,USW00013904,2021-09-24T21:53:00+00:00,2021-09-24T16:53:00-05:00,2021-09-24T15:53:00,FM-15,0.0,0.0,0,,16.093,29.4,28.0,2.1
bergstrom,USW00013904,2021-09-24T22:53:00+00:00,2021-09-24T17:53:00-05:00,2021-09-24T16:53:00,FM-15,0.0,0.0,0,,16.093,29.4,28.0,4.1
bergstrom,USW00013904,2021-09-24T23:53:00+00:00,2021-09-24T18:53:00-05:00,2021-09-24T17:53:00,FM-15,0.0,0.0,0,,16.093,27.8,32.0,3.6
bergstrom,USW00013904,2021-09-25T00:53:00+00:00,2021-09-24T19:53:00-05:00,2021-09-24T18:53:00,FM-15,0.0,0.0,0,,16.093,21.7,49.0,1.5
bergstrom,USW00013904,2021-09-25T01:53:00+00:00,2021-09-24T20:53:00-05:00,2021-09-24T19:53:00,FM-15,0.0,0.0,0,,16.093,19.4,61.0,0.0
bergstrom,USW00013904,2021-09-25T02:53:00+00:00,2021-09-24T21:53:00-05:00,2021-09-24T20:53:00,FM-15,0.0,0.0,0,,16.093,16.1,72.0,0.0
bergstrom,USW00013904,2021-09-25T03:53:00+00:00,2021-09-24T22:53:00-05:00,2021-09-24T21:53:00,FM-15,0.0,0.0,0,,16.093,16.7,73.0,0.0
bergstrom,USW00013904,2021-09-25T04:53:00+00:00,2021-09-24T23:53:00-05:00,2021-09-24T22:53:00,FM-15,0.0,0.0,0,,16.093,16.1,78.0,0.0
bergstrom,USW00013904,2021-09-25T05:53:00+00:00,2021-09-25T00:53:00-05:00,2021-09-24T23:53:00,FM-15,0.0,0.0,0,,16.093,15.0,87.0,0.0
bergstrom,USW00013904,2021-09-25T06:53:00+00:00,2021-09-25T01:53:00-05:00,2021-09-25T00:53:00,FM-15,0.0,0.0,0,,16.093,14.4,90.0,0.0
bergstrom,USW00013904,2021-09-25T07:53:00+00:00,2021-09-25T02:53:00-05:00,2021-09-25T01:53:00,FM-15,0.0,0.0,0,,16.093,13.9,87.0,0.0
bergstrom,USW00013904,2021-09-25T08:53:00+00:00,2021-09-25T03:53:00-05:00,2021-09-25T02:53:00,FM-15,0.0,0.0,0,,16.093,13.3,90.0,0.0
bergstrom,USW00013904,2021-09-25T09:53:00+00:00,2021-09-25T04:53:00-05:00,2021-09-25T03:53:00,FM-15,0.0,0.0,0,,16.093,13.3,90.0,0.0
bergstrom,USW00013904,2021-09-25T10:53:00+00:00,2021-09-25T05:53:00-05:00,2021-09-25T04:53:00,FM-15,0.0,0.0,0,,16.093,12.2,93.0,0.0
bergstrom,USW00013904,2021-09-25T11:53:00+00:00,2021-09-25T06:53:00-05:00,2021-09-25T05:53:00,FM-15,0.0,0.0,0,,16.093,12.2,97.0,0.0
bergstrom,USW00013904,2021-09-25T12:53:00+00:00,2021-09-25T07:53:00-05:00,2021-09-25T06:53:00,FM-15,0.0,0.0,0,,16.093,13.3,93.0,0.0
bergstrom,USW00013904,2021-09-25T13:53:00+00:00,2021-09-25T08:53:00-05:00,2021-09-25T07:53:00,FM-15,0.0,0.0,0,,16.093,20.0,70.0,0.0
bergstrom,USW00013904,2021-09-25T14:53:00+00:00,2021-09-25T09:53:00-05:00,2021-09-25T08:53:00,FM-15,0.0,0.0,0,,16.093,22.2,64.0,0.0
bergstrom,USW00013904,2021-09-25T15:53:00+00:00,2021-09-25T10:53:00-05:00,2021-09-25T09:53:00,FM-15,0.0,0.0,0,,16.093,25.6,54.0,0.0
bergstrom,USW00013904,2021-09-25T16:53:00+00:00,2021-09-25T11:53:00-05:00,2021-09-25T10:53:00,FM-15,0.0,0.0,0,,16.093,26.7,45.0,1.5
bergstrom,USW00013904,2021-09-25T17:53:00+00:00,2021-09-25T12:53:00-05:00,2021-09-25T11:53:00,FM-15,0.0,0.0,0,,16.093,28.3,38.0,2.1
bergstrom,USW00013904,2021-09-25T18:53:00+00:00,2021-09-25T13:53:00-05:00,2021-09-25T12:53:00,FM-15,0.0,0.0,0,,16.093,30.0,32.0,2.6
bergstrom,USW00013904,2021-09-25T19:53:00+00:00,2021-09-25T14:53:00-05:00,2021-09-25T13:53:00,FM-15,0.0,0.0,0,,16.093,30.6,29.0,1.5
bergstrom,USW00013904,2021-09-25T20:53:00+00:00,2021-09-25T15:53:00-05:00,2021-09-25T14:53:00,FM-15,0.0,0.0,0,,16.093,31.1,27.0,3.1
bergstrom,USW00013904,2021-09-25T21:53:00+00:00,2021-09-25T16:53:00-05:00,2021-09-25T15:53:00,FM-15,0.0,0.0,0,,16.093,30.6,26.0,3.1
bergstrom,USW00013904,2021-09-25T22:53:00+00:00,2021-09-25T17:53:00-05:00,2021-09-25T16:53:00,FM-15,0.0,0.0,0,,16.093,30.6,25.0,0.0
bergstrom,USW00013904,2021-09-25T23:53:00+00:00,2021-09-25T18:53:00-05:00,2021-09-25T17:53:00,FM-15,0.0,0.0,0,,16.093,27.8,33.0,2.1
bergstrom,USW00013904,2021-09-26T00:53:00+00:00,2021-09-25T19:53:00-05:00,2021-09-25T18:53:00,FM-15,0.0,0.0,0,,16.093,22.8,48.0,2.1
bergstrom,USW00013904,2021-09-26T01:53:00+00:00,2021-09-25T20:53:00-05:00,2021-09-25T19:53:00,FM-15,0.0,0.0,0,,16.093,20.6,57.0,2.1
bergstrom,USW00013904,2021-09-26T02:53:00+00:00,2021-09-25T21:53:00-05:00,2021-09-25T20:53:00,FM-15,0.0,0.0,0,,16.093,19.4,59.0,0.0
bergstrom,USW00013904,2021-09-26T03:53:00+00:00,2021-09-25T22:53:00-05:00,2021-09-25T21:53:00,FM-15,0.0,0.0,0,,16.093,16.7,73.0,0.0
bergstrom,USW00013904,2021-09-26T04:53:00+00:00,2021-09-25T23:53:00-05:00,2021-09-25T22:53:00,FM-15,0.0,0.0,0,,16.093,16.7,70.0,1.5
bergstrom,USW00013904,2021-09-26T05:53:00+00:00,2021-09-26T00:53:00-05:00,2021-09-25T23:53:00,FM-15,0.0,0.0,0,,16.093,18.9,70.0,2.1
bergstrom,USW00013904,2021-09-26T06:53:00+00:00,2021-09-26T01:53:00-05:00,2021-09-26T00:53:00,FM-15,0.0,0.0,0,,16.093,16.1,81.0,0.0
bergstrom,USW00013904,2021-09-26T07:53:00+00:00,2021-09-26T02:53:00-05:00,2021-09-26T01:53:00,FM-15,0.0,0.0,0,,16.093,15.0,87.0,0.0
bergstrom,USW00013904,2021-09-26T08:53:00+00:00,2021-09-26T03:53:00-05:00,2021-09-26T02:53:00,FM-15,0.0,0.0,0,,16.093,13.3,93.0,0.0
bergstrom,USW00013904,2021-09-26T09:53:00+00:00,2021-09-26T04:53:00-05:00,2021-09-26T03:53:00,FM-15,0.0,0.0,0,,16.093,12.8,93.0,0.0
bergstrom,USW00013904,2021-09-26T10:53:00+00:00,2021-09-26T05:53:00-05:00,2021-09-26T04:53:00,FM-15,0.0,0.0,0,,16.093,12.8,93.0,0.0
bergstrom,USW00013904,2021-09-26T11:53:00+00:00,2021-09-26T06:53:00-05:00,2021-09-26T05:53:00,FM-15,0.0,0.0,0,,16.093,12.2,93.0,0.0
bergstrom,USW00013904,2021-09-26T12:53:00+00:00,2021-09-26T07:53:00-05:00,2021-09-26T06:53:00,FM-15,0.0,0.0,0,,16.093,12.2,97.0,0.0
bergstrom,USW00013904,2021-09-26T13:53:00+00:00,2021-09-26T08:53:00-05:00,2021-09-26T07:53:00,FM-15,0.0,0.0,0,,16.093,18.9,75.0,0.0
bergstrom,USW00013904,2021-09-26T14:53:00+00:00,2021-09-26T09:53:00-05:00,2021-09-26T08:53:00,FM-15,0.0,0.0,0,,16.093,23.9,60.0,0.0
bergstrom,USW00013904,2021-09-26T15:53:00+00:00,2021-09-26T10:53:00-05:00,2021-09-26T09:53:00,FM-15,0.0,0.0,0,,16.093,25.6,50.0,3.1
bergstrom,USW00013904,2021-09-26T16:53:00+00:00,2021-09-26T11:53:00-05:00,2021-09-26T10:53:00,FM-15,0.0,0.0,0,,16.093,26.7,42.0,2.1
bergstrom,USW00013904,2021-09-26T17:53:00+00:00,2021-09-26T12:53:00-05:00,2021-09-26T11:53:00,FM-15,0.0,0.0,0,,16.093,28.3,37.0,4.1
bergstrom,USW00013904,2021-09-26T18:53:00+00:00,2021-09-26T13:53:00-05:00,2021-09-26T12:53:00,FM-15,0.0,0.0,0,,16.093,29.4,31.0,1.5
bergstrom,USW00013904,2021-09-26T19:53:00+00:00,2021-09-26T14:53:00-05:00,2021-09-26T13:53:00,FM-15,0.0,0.0,0,,16.093,30.6,27.0,3.6
bergstrom,USW00013904,2021-09-26T20:53:00+00:00,2021-09-26T15:53:00-05:00,2021-09-26T14:53:00,FM-15,0.0,0.0,0,,16.093,31.1,27.0,2.6
bergstrom,USW00013904,2021-09-26T21:53:00+00:00,2021-09-26T16:53:00-05:00,2021-09-26T15:53:00,FM-15,0.0,0.0,0,,16.093,31.1,28.0,2.6
bergstrom,USW00013904,2021-09-26T22:53:00+00:00,2021-09-26T17:53:00-05:00,2021-09-26T16:53:00,FM-15,0.0,0.0,0,,16.093,31.1,26.0,3.1
bergstrom,USW00013904,2021-09-26T23:53:00+00:00,2021-09-26T18:53:00-05:00,2021-09-26T17:53:00,FM-15,0.0,0.0,0,,16.093,29.4,29.0,3.6
bergstrom,USW00013904,2021-09-27T00:53:00+00:00,2021-09-26T19:53:00-05:00,2021-09-26T18:53:00,FM-15,0.0,0.0,0,,16.093,23.3,45.0,2.1
bergstrom,USW00013904,2021-09-27T01:53:00+00:00,2021-09-26T20:53:00-05:00,2021-09-26T19:53:00,FM-15,0.0,0.0,0,,16.093,21.7,53.0,0.0
bergstrom,USW00013904,2021-09-27T02:53:00+00:00,2021-09-26T21:53:00-05:00,2021-09-26T20:53:00,FM-15,0.0,0.0,0,,16.093,23.3,50.0,3.1
bergstrom,USW00013904,2021-09-27T03:53:00+00:00,2021-09-26T22:53:00-05:00,2021-09-26T21:53:00,FM-15,0.0,0.0,0,,16.093,22.8,59.0,3.6
bergstrom,USW00013904,2021-09-27T04:53:00+00:00,2021-09-26T23:53:00-05:00,2021-09-26T22:53:00,FM-15,0.0,0.0,0,,16.093,20.6,73.0,2.6
bergstrom,USW00013904,2021-09-27T05:53:00+00:00,2021-09-27T00:53:00-05:00,2021-09-26T23:53:00,FM-15,0.0,0.0,0,,16.093,19.4,79.0,1.5
bergstrom,USW00013904,2021-09-27T06:53:00+00:00,2021-09-27T01:53:00-05:00,2021-09-27T00:53:00,FM-15,0.0,0.0,0,,16.093,17.8,84.0,0.0
bergstrom,USW00013904,2021-09-27T07:53:00+00:00,2021-09-27T02:53:00-05:00,2021-09-27T01:53:00,FM-15,0.0,0.0,0,,16.093,16.1,90.0,0.0
bergstrom,USW00013904,2021-09-27T08:53:00+00:00,2021-09-27T03:53:00-05:00,2021-09-27T02:53:00,FM-15,0.0,0.0,0,,16.093,14.4,97.0,0.0
bergstrom,USW00013904,2021-09-27T09:53:00+00:00,2021-09-27T04:53:00-05:00,2021-09-27T03:53:00,FM-15,0.0,0.0,0,,16.093,15.0,90.0,0.0
bergstrom,USW00013904,2021-09-27T10:53:00+00:00,2021-09-27T05:53:00-05:00,2021-09-27T04:53:00,FM-15,0.0,0.0,0,,16.093,14.4,97.0,0.0
bergstrom,USW00013904,2021-09-27T11:53:00+00:00,2021-09-27T06:53:00-05:00,2021-09-27T05:53:00,FM-15,0.0,0.0,0,,16.093,15.0,96.0,0.0
bergstrom,USW00013904,2021-09-27T12:53:00+00:00,2021-09-27T07:53:00-05:00,2021-09-27T06:53:00,FM-15,0.0,0.0,0,,16.093,16.1,93.0,0.0
bergstrom,USW00013904,2021-09-27T13:53:00+00:00,2021-09-27T08:53:00-05:00,2021-09-27T07:53:00,FM-15,0.0,0.0,0,,16.093,18.9,84.0,0.0
bergstrom,USW00013904,2021-09-27T14:53:00+00:00,2021-09-27T09:53:00-05:00,2021-09-27T08:53:00,FM-15,0.0,0.0,0,,16.093,22.2,73.0,2.1
bergstrom,USW00013904,2021-09-27T15:53:00+00:00,2021-09-27T10:53:00-05:00,2021-09-27T09:53:00,FM-15,0.0,0.0,0,,16.093,25.6,64.0,0.0
bergstrom,USW00013904,2021-09-27T16:53:00+00:00,2021-09-27T11:53:00-05:00,2021-09-27T10:53:00,FM-15,0.0,0.0,0,,16.093,28.3,53.0,3.6
bergstrom,USW00013904,2021-09-27T17:53:00+00:00,2021-09-27T12:53:00-05:00,2021-09-27T11:53:00,FM-15,0.0,0.0,0,,16.093,29.4,45.0,3.6
bergstrom,USW00013904,2021-09-27T18:53:00+00:00,2021-09-27T13:53:00-05:00,2021-09-27T12:53:00,FM-15,0.0,0.0,0,,16.093,31.1,39.0,0.0
bergstrom,USW00013904,2021-09-27T19:53:00+00:00,2021-09-27T14:53:00-05:00,2021-09-27T13:53:00,FM-15,0.0,0.0,0,,16.093,31.1,40.0,0.0
bergstrom,USW00013904,2021-09-27T20:53:00+00:00,2021-09-27T15:53:00-05:00,2021-09-27T14:53:00,FM-15,0.0,0.0,0,,16.093,31.1,36.0,1.5
bergstrom,USW00013904,2021-09-27T21:53:00+00:00,2021-09-27T16:53:00-05:00,2021-09-27T15:53:00,FM-15,0.0,0.0,0,,16.093,31.7,36.0,3.6
bergstrom,USW00013904,2021-09-27T22:53:00+00:00,2021-09-27T17:53:00-05:00,2021-09-27T16:53:00,FM-15,0.0,0.0,0,,16.093,31.7,35.0,2.1
bergstrom,USW00013904,2021-09-27T23:53:00+00:00,2021-09-27T18:53:00-05:00,2021-09-27T17:53:00,FM-15,0.0,0.0,0,,16.093,30.6,39.0,4.1
bergstrom,USW00013904,2021-09-28T00:53:00+00:00,2021-09-27T19:53:00-05:00,2021-09-27T18:53:00,FM-15,0.0,0.0,0,,16.093,24.4,58.0,2.6
bergstrom,USW00013904,2021-09-28T01:53:00+00:00,2021-09-27T20:53:00-05:00,2021-09-27T19:53:00,FM-15,0.0,0.0,0,,16.093,23.3,62.0,2.6
bergstrom,USW00013904,2021-09-28T02:53:00+00:00,2021-09-27T21:53:00-05:00,2021-09-27T20:53:00,FM-15,0.0,0.0,0,,16.093,22.2,66.0,1.5
bergstrom,USW00013904,2021-09-28T03:53:00+00:00,2021-09-27T22:53:00-05:00,2021-09-27T21:53:00,FM-15,0.0,0.0,0,,16.093,22.8,64.0,2.1
bergstrom,USW00013904,2021-09-28T04:53:00+00:00,2021-09-27T23:53:00-05:00,2021-09-27T22:53:00,FM-15,0.0,0.0,0,,16.093,24.4,62.0,4.1
bergstrom,USW00013904,2021-09-28T05:53:00+00:00,2021-09-28T00:53:00-05:00,2021-09-27T23:53:00,FM-15,0.0,0.0,0,,16.093,22.8,74.0,2.1
bergstrom,USW00013904,2021-09-28T06:53:00+00:00,2021-09-28T01:53:00-05:00,2021-09-28T00:53:00,FM-15,0.0,0.0,0,,16.093,21.1,82.0,2.1
bergstrom,USW00013904,2021-09-28T07:53:00+00:00,2021-09-28T02:53:00-05:00,2021-09-28T01:53:00,FM-15,0.0,0.0,0,,16.093,20.0,84.0,1.5
bergstrom,USW00013904,2021-09-28T08:53:00+00:00,2021-09-28T03:53:00-05:00,2021-09-28T02:53:00,FM-15,0.0,0.0,0,,16.093,21.1,82.0,0.0
bergstrom,USW00013904,2021-09-28T09:53:00+00:00,2021-09-28T04:53:00-05:00,2021-09-28T03:53:00,FM-15,0.0,0.0,0,,16.093,20.0,90.0,1.5
bergstrom,USW00013904,2021-09-28T10:24:00+00:00,2021-09-28T05:24:00-05:00,2021-09-28T04:24:00,FM-16,,,0,,16.093,21.7,84.0,0.0
bergstrom,USW00013904,2021-09-28T10:51:00+00:00,2021-09-28T05:51:00-05:00,2021-09-28T04:51:00,FM-16,,,0,,16.093,22.0,83.0,0.0
bergstrom,USW00013904,2021-09-28T10:53:00+00:00,2021-09-28T05:53:00-05:00,2021-09-28T04:53:00,FM-15,0.0,0.0,0,,16.093,21.7,84.0,1.5
bergstrom,USW00013904,2021-09-28T11:53:00+00:00,2021-09-28T06:53:00-05:00,2021-09-28T05:53:00,FM-15,0.0,0.0,0,,16.093,21.7,87.0,0.0
bergstrom,USW00013904,2021-09-28T12:53:00+00:00,2021-09-28T07:53:00-05:00,2021-09-28T06:53:00,FM-15,0.0,0.0,0,,16.093,22.8,94.0,2.1
bergstrom,USW00013904,2021-09-28T13:05:00+00:00,2021-09-28T08:05:00-05:00,2021-09-28T07:05:00,FM-16,,,0,,0.805,22.8,96.0,2.1
bergstrom,USW00013904,2021-09-28T13:53:00+00:00,2021-09-28T08:53:00-05:00,2021-09-28T07:53:00,FM-15,0.0,0.0,0,BR:1 |BR s |,0.805,22.8,100.0,3.1
bergstrom,USW00013904,2021-09-28T14:08:00+00:00,2021-09-28T09:08:00-05:00,2021-09-28T08:08:00,FM-16,,,0,,1.609,23.3,97.0,2.1
bergstrom,USW00013904,2021-09-28T14:14:00+00:00,2021-09-28T09:14:00-05:00,2021-09-28T08:14:00,FM-16,,,0,,12.875,23.3,100.0,0.0
bergstrom,USW00013904,2021-09-28T14:27:00+00:00,2021-09-28T09:27:00-05:00,2021-09-28T08:27:00,FM-16,,,0,,12.875,23.9,94.0,2.6
bergstrom,USW00013904,2021-09-28T14:53:00+00:00,2021-09-28T09:53:00-05:00,2021-09-28T08:53:00,FM-15,0.0,0.0,0,,12.875,23.9,94.0,3.6
bergstrom,USW00013904,2021-09-28T15:51:00+00:00,2021-09-28T10:51:00-05:00,2021-09-28T09:51:00,FM-16,,,0,,16.093,24.0,89.0,
bergstrom,USW00013904,2021-09-28T15:53:00+00:00,2021-09-28T10:53:00-05:00,2021-09-28T09:53:00,FM-15,0.0,0.0,0,,16.093,24.4,88.0,
bergstrom,USW00013904,2021-09-28T16:53:00+00:00,2021-09-28T11:53:00-05:00,2021-09-28T10:53:00,FM-15,0.0,0.0,0,,16.093,24.4,85.0,2.1
bergstrom,USW00013904,2021-09-28T17:53:00+00:00,2021-09-28T12:53:00-05:00,2021-09-28T11:53:00,FM-15,0.0,0.0,0,,16.093,31.7,55.0,2.1
bergstrom,USW00013904,2021-09-28T18:53:00+00:00,2021-09-28T13:53:00-05:00,2021-09-28T12:53:00,FM-15,0.0,0.0,0,,16.093,33.9,44.0,
bergstrom,USW00013904,2021-09-28T19:53:00+00:00,2021-09-28T14:53:00-05:00,2021-09-28T13:53:00,FM-15,0.0,0.0,0,,16.093,35.0,39.0,3.6
bergstrom,USW00013904,2021-09-28T20:53:00+00:00,2021-09-28T15:53:00-05:00,2021-09-28T14:53:00,FM-15,0.0,0.0,0,,16.093,34.4,38.0,4.6
bergstrom,USW00013904,2021-09-28T21:53:00+00:00,2021-09-28T16:53:00-05:00,2021-09-28T15:53:00,FM-15,0.0,0.0,0,,16.093,33.9,38.0,3.6
bergstrom,USW00013904,2021-09-28T22:53:00+00:00,2021-09-28T17:53:00-05:00,2021-09-28T16:53:00,FM-15,0.0,0.0,0,,16.093,33.9,38.0,5.7
bergstrom,USW00013904,2021-09-28T23:53:00+00:00,2021-09-28T18:53:00-05:00,2021-09-28T17:53:00,FM-15,0.0,0.0,0,,16.093,30.0,57.0,6.7
bergstrom,USW00013904,2021-09-29T00:53:00+00:00,2021-09-28T19:53:00-05:00,2021-09-28T18:53:00,FM-15,0.0,0.0,0,,16.093,28.9,63.0,5.1
bergstrom,USW00013904,2021-09-29T01:53:00+00:00,2021-09-28T20:53:00-05:00,2021-09-28T19:53:00,FM-15,0.0,0.0,1,TS |TS |,16.093,24.4,69.0,8.2
bergstrom,USW00013904,2021-09-29T02:02:00+00:00,2021-09-28T21:02:00-05:00,2021-09-28T20:02:00,FM-16,,,1,TS |TS |,16.093,23.9,74.0,10.3
bergstrom,USW00013904,2021-09-29T02:13:00+00:00,2021-09-28T21:13:00-05:00,2021-09-28T20:13:00,FM-16,,,1,VCTS ||,16.093,22.2,82.0,10.3
bergstrom,USW00013904,2021-09-29T02:53:00+00:00,2021-09-28T21:53:00-05:00,2021-09-28T20:53:00,FM-15,,T,1,-RA:02 |RA |RA,16.093,20.6,93.0,6.7
bergstrom,USW00013904,2021-09-29T03:20:00+00:00,2021-09-28T22:20:00-05:00,2021-09-28T21:20:00,FM-16,,,1,TS |TS |,16.093,20.6,93.0,5.7
bergstrom,USW00013904,2021-09-29T03:53:00+00:00,2021-09-28T22:53:00-05:00,2021-09-28T21:53:00,FM-15,1.3,1.3,1,TS -RA:02 |TS RA |RA,14.484,20.0,93.0,5.7
bergstrom,USW00013904,2021-09-29T04:53:00+00:00,2021-09-28T23:53:00-05:00,2021-09-28T22:53:00,FM-15,4.1,4.1,1,TS -RA:02 |TS RA |RA,11.265,20.0,93.0,2.6
bergstrom,USW00013904,2021-09-29T05:51:00+00:00,2021-09-29T00:51:00-05:00,2021-09-28T23:51:00,FM-16,,,1,TS -RA:02 |TS RA |RA,14.484,19.0,100.0,3.1
bergstrom,USW00013904,2021-09-29T05:53:00+00:00,2021-09-29T00:53:00-05:00,2021-09-28T23:53:00,FM-15,2.0,2.0,1,TS -RA:02 |TS RA |RA,14.484,19.4,97.0,3.1
bergstrom,USW00013904,2021-09-29T06:22:00+00:00,2021-09-29T01:22:00-05:00,2021-09-29T00:22:00,FM-16,,,1,RA:02 |RA |RA,12.875,20.0,96.0,6.2
bergstrom,USW00013904,2021-09-29T06:51:00+00:00,2021-09-29T01:51:00-05:00,2021-09-29T00:51:00,FM-16,,,1,TS -RA:02 |TS RA |RA,16.093,20.0,94.0,9.3
bergstrom,USW00013904,2021-09-29T06:53:00+00:00,2021-09-29T01:53:00-05:00,2021-09-29T00:53:00,FM-15,4.1,4.1,1,TS -RA:02 |TS RA |RA,16.093,20.0,96.0,9.3
bergstrom,USW00013904,2021-09-29T07:53:00+00:00,2021-09-29T02:53:00-05:00,2021-09-29T01:53:00,FM-15,2.5,2.5,1,TS -RA:02 |TS RA |RA,16.093,20.0,96.0,7.2
bergstrom,USW00013904,2021-09-29T08:35:00+00:00,2021-09-29T03:35:00-05:00,2021-09-29T02:35:00,FM-16,,,1,-RA:02 |RA |RA,16.093,20.6,93.0,6.2
bergstrom,USW00013904,2021-09-29T08:51:00+00:00,2021-09-29T03:51:00-05:00,2021-09-29T02:51:00,FM-16,,,1,-RA:02 |RA |RA,16.093,21.0,88.0,5.7
bergstrom,USW00013904,2021-09-29T08:53:00+00:00,2021-09-29T03:53:00-05:00,2021-09-29T02:53:00,FM-15,0.8,0.8,1,-RA:02 |RA |RA,16.093,20.6,93.0,5.7
bergstrom,USW00013904,2021-09-29T09:53:00+00:00,2021-09-29T04:53:00-05:00,2021-09-29T03:53:00,FM-15,0.3,0.3,1,-RA:02 |RA |RA,16.093,20.0,96.0,8.2
bergstrom,USW00013904,2021-09-29T10:51:00+00:00,2021-09-29T05:51:00-05:00,2021-09-29T04:51:00,FM-16,,,0,,16.093,20.0,94.0,4.1
bergstrom,USW00013904,2021-09-29T10:53:00+00:00,2021-09-29T05:53:00-05:00,2021-09-29T04:53:00,FM-15,,T,1,,16.093,20.0,96.0,3.6
bergstrom,USW00013904,2021-09-29T11:53:00+00:00,2021-09-29T06:53:00-05:00,2021-09-29T05:53:00,FM-15,0.3,0.3,1,-RA:02 |RA |RA,16.093,20.0,93.0,3.1
bergstrom,USW00013904,2021-09-29T12:53:00+00:00,2021-09-29T07:53:00-05:00,2021-09-29T06:53:00,FM-15,,T,1,-RA:02 |RA |RA,16.093,20.0,96.0,0.0
bergstrom,USW00013904,2021-09-29T13:53:00+00:00,2021-09-29T08:53:00-05:00,2021-09-29T07:53:00,FM-15,,T,1,,16.093,20.0,96.0,0.0
bergstrom,USW00013904,2021-09-29T14:53:00+00:00,2021-09-29T09:53:00-05:00,2021-09-29T08:53:00,FM-15,0.0,0.0,0,,16.093,20.6,90.0,0.0
bergstrom,USW00013904,2021-09-29T15:53:00+00:00,2021-09-29T10:53:00-05:00,2021-09-29T09:53:00,FM-15,0.0,0.0,0,,16.093,21.7,90.0,2.6
bergstrom,USW00013904,2021-09-29T16:53:00+00:00,2021-09-29T11:53:00-05:00,2021-09-29T10:53:00,FM-15,0.0,0.0,0,,16.093,23.9,76.0,2.6
bergstrom,USW00013904,2021-09-29T17:53:00+00:00,2021-09-29T12:53:00-05:00,2021-09-29T11:53:00,FM-15,0.0,0.0,0,,16.093,26.7,64.0,2.1
bergstrom,USW00013904,2021-09-29T18:53:00+00:00,2021-09-29T13:53:00-05:00,2021-09-29T12:53:00,FM-15,0.0,0.0,0,,16.093,28.3,61.0,3.1
bergstrom,USW00013904,2021-09-29T19:53:00+00:00,2021-09-29T14:53:00-05:00,2021-09-29T13:53:00,FM-15,0.0,0.0,0,,16.093,30.0,53.0,2.6
bergstrom,USW00013904,2021-09-29T20:53:00+00:00,2021-09-29T15:53:00-05:00,2021-09-29T14:53:00,FM-15,0.0,0.0,0,,16.093,30.0,55.0,4.6
bergstrom,USW00013904,2021-09-29T21:53:00+00:00,2021-09-29T16:53:00-05:00,2021-09-29T15:53:00,FM-15,0.0,0.0,0,,16.093,30.0,53.0,4.1
bergstrom,USW00013904,2021-09-29T22:53:00+00:00,2021-09-29T17:53:00-05:00,2021-09-29T16:53:00,FM-15,0.0,0.0,0,,16.093,29.4,57.0,4.1
bergstrom,USW00013904,2021-09-29T23:53:00+00:00,2021-09-29T18:53:00-05:00,2021-09-29T17:53:00,FM-15,0.0,0.0,0,,16.093,28.3,61.0,3.1
bergstrom,USW00013904,2021-09-30T00:53:00+00:00,2021-09-29T19:53:00-05:00,2021-09-29T18:53:00,FM-15,0.0,0.0,0,,16.093,26.1,72.0,2.6
bergstrom,USW00013904,2021-09-30T01:53:00+00:00,2021-09-29T20:53:00-05:00,2021-09-29T19:53:00,FM-15,0.0,0.0,0,,16.093,25.0,77.0,3.6
bergstrom,USW00013904,2021-09-30T02:53:00+00:00,2021-09-29T21:53:00-05:00,2021-09-29T20:53:00,FM-15,0.0,0.0,0,,16.093,25.0,77.0,4.1
bergstrom,USW00013904,2021-09-30T03:53:00+00:00,2021-09-29T22:53:00-05:00,2021-09-29T21:53:00,FM-15,0.0,0.0,0,,16.093,23.9,84.0,2.6
bergstrom,USW00013904,2021-09-30T04:53:00+00:00,2021-09-29T23:53:00-05:00,2021-09-29T22:53:00,FM-15,0.0,0.0,0,,16.093,22.2,94.0,2.6
bergstrom,USW00013904,2021-09-30T05:37:00+00:00,2021-09-30T00:37:00-05:00,2021-09-29T23:37:00,FM-16,,,0,,16.093,22.2,97.0,1.5
bergstrom,USW00013904,2021-09-30T05:50:00+00:00,2021-09-30T00:50:00-05:00,2021-09-29T23:50:00,FM-16,,,0,,16.093,23.0,94.0,3.6
bergstrom,USW00013904,2021-09-30T05:53:00+00:00,2021-09-30T00:53:00-05:00,2021-09-29T23:53:00,FM-15,0.0,0.0,0,,16.093,22.8,94.0,3.6
bergstrom,USW00013904,2021-09-30T06:53:00+00:00,2021-09-30T01:53:00-05:00,2021-09-30T00:53:00,FM-15,0.0,0.0,0,,16.093,22.8,94.0,0.0
bergstrom,USW00013904,2021-09-30T07:53:00+00:00,2021-09-30T02:53:00-05:00,2021-09-30T01:53:00,FM-15,0.0,0.0,0,,16.093,22.8,96.0,1.5
bergstrom,USW00013904,2021-09-30T08:38:00+00:00,2021-09-30T03:38:00-05:00,2021-09-30T02:38:00,FM-16,,,0,,16.093,22.8,96.0,1.5
bergstrom,USW00013904,2021-09-30T08:53:00+00:00,2021-09-30T03:53:00-05:00,2021-09-30T02:53:00,FM-15,0.0,0.0,0,,16.093,23.3,94.0,3.1
bergstrom,USW00013904,2021-09-30T09:22:00+00:00,2021-09-30T04:22:00-05:00,2021-09-30T03:22:00,FM-16,,,0,,16.093,22.2,97.0,2.6
bergstrom,USW00013904,2021-09-30T09:53:00+00:00,2021-09-30T04:53:00-05:00,2021-09-30T03:53:00,FM-15,0.0,0.0,0,,16.093,22.8,96.0,1.5
bergstrom,USW00013904,2021-09-30T10:11:00+00:00,2021-09-30T05:11:00-05:00,2021-09-30T04:11:00,FM-16,,,0,,16.093,22.8,96.0,1.5
bergstrom,USW00013904,2021-09-30T10:53:00+00:00,2021-09-30T05:53:00-05:00,2021-09-30T04:53:00,FM-15,0.0,0.0,0,,16.093,22.8,96.0,1.5
bergstrom,USW00013904,2021-09-30T11:21:00+00:00,2021-09-30T06:21:00-05:00,2021-09-30T05:21:00,FM-16,,,0,,16.093,22.8,96.0,0.0
bergstrom,USW00013904,2021-09-30T11:51:00+00:00,2021-09-30T06:51:00-05:00,2021-09-30T05:51:00,FM-16,,,0,,16.093,23.0,94.0,1.5
bergstrom,USW00013904,2021-09-30T11:53:00+00:00,2021-09-30T06:53:00-05:00,2021-09-30T05:53:00,FM-15,0.0,0.0,0,,16.093,22.8,96.0,1.5
bergstrom,USW00013904,2021-09-30T12:39:00+00:00,2021-09-30T07:39:00-05:00,2021-09-30T06:39:00,FM-16,,,0,,11.265,22.8,100.0,2.1
bergstrom,USW00013904,2021-09-30T12:53:00+00:00,2021-09-30T07:53:00-05:00,2021-09-30T06:53:00,FM-15,0.0,0.0,0,,11.265,22.8,100.0,2.1
bergstrom,USW00013904,2021-09-30T12:56:00+00:00,2021-09-30T07:56:00-05:00,2021-09-30T06:56:00,FM-16,,,0,BR:1 |BR |,1.609,22.8,100.0,2.1
bergstrom,USW00013904,2021-09-30T13:08:00+00:00,2021-09-30T08:08:00-05:00,2021-09-30T07:08:00,FM-16,,,0,BR:1 |BR s |,0.402,22.8,100.0,1.5
bergstrom,USW00013904,2021-09-30T13:53:00+00:00,2021-09-30T08:53:00-05:00,2021-09-30T07:53:00,FM-15,0.0,0.0,0,BR:1 |BR s |,0.402,22.8,100.0,1.5
bergstrom,USW00013904,2021-09-30T14:53:00+00:00,2021-09-30T09:53:00-05:00,2021-09-30T08:53:00,FM-15,0.0,0.0,0,BR:1 |BR s |,0.402,23.3,100.0,2.1
bergstrom,USW00013904,2021-09-30T15:10:00+00:00,2021-09-30T10:10:00-05:00,2021-09-30T09:10:00,FM-16,,,0,BR:1 |BR |,3.219,23.9,96.0,1.5
bergstrom,USW00013904,2021-09-30T15:27:00+00:00,2021-09-30T10:27:00-05:00,2021-09-30T09:27:00,FM-16,,,0,BR:1 |BR |,9.656,23.9,96.0,1.5
bergstrom,USW00013904,2021-09-30T15:53:00+00:00,2021-09-30T10:53:00-05:00,2021-09-30T09:53:00,FM-15,0.0,0.0,0,BR:1 |BR |,9.656,25.6,87.0,0.0
bergstrom,USW00013904,2021-09-30T16:35:00+00:00,2021-09-30T11:35:00-05:00,2021-09-30T10:35:00,FM-16,,,0,,12.875,27.8,77.0,1.5
bergstrom,USW00013904,2021-09-30T16:48:00+00:00,2021-09-30T11:48:00-05:00,2021-09-30T10:48:00,FM-16,,,0,,16.093,28.0,74.0,0.0
bergstrom,USW00013904,2021-09-30T16:53:00+00:00,2021-09-30T11:53:00-05:00,2021-09-30T10:53:00,FM-15,0.0,0.0,0,,16.093,28.3,72.0,1.5
bergstrom,USW00013904,2021-09-30T17:53:00+00:00,2021-09-30T12:53:00-05:00,2021-09-30T11:53:00,FM-15,0.0,0.0,0,,16.093,30.0,63.0,1.5
bergstrom,USW00013904,2021-09-30T18:53:00+00:00,2021-09-30T13:53:00-05:00,2021-09-30T12:53:00,FM-15,0.0,0.0,0,,16.093,31.7,55.0,3.1
bergstrom,USW00013904,2021-09-30T19:53:00+00:00,2021-09-30T14:53:00-05:00,2021-09-30T13:53:00,FM-15,0.0,0.0,0,,16.093,32.2,50.0,2.1
bergstrom,USW00013904,2021-09-30T20:53:00+00:00,2021-09-30T15:53:00-05:00,2021-09-30T14:53:00,FM-15,0.0,0.0,0,,16.093,32.8,49.0,4.6
bergstrom,USW00013904,2021-09-30T21:53:00+00:00,2021-09-30T16:53:00-05:00,2021-09-30T15:53:00,FM-15,0.0,0.0,0,,16.093,32.8,47.0,2.1
bergstrom,USW00013904,2021-09-30T22:53:00+00:00,2021-09-30T17:53:00-05:00,2021-09-30T16:53:00,FM-15,0.0,0.0,0,,16.093,29.4,65.0,8.8
bergstrom,USW00013904,2021-09-30T23:53:00+00:00,2021-09-30T18:53:00-05:00,2021-09-30T17:53:00,FM-15,0.0,0.0,0,,16.093,27.2,67.0,4.1
bergstrom,USW00013904,2021-10-01T00:53:00+00:00,2021-09-30T19:53:00-05:00,2021-09-30T18:53:00,FM-15,0.0,0.0,0,,16.093,25.6,76.0,2.1
bergstrom,USW00013904,2021-10-01T01:53:00+00:00,2021-09-30T20:53:00-05:00,2021-09-30T19:53:00,FM-15,0.0,0.0,0,,16.093,24.4,91.0,2.1
bergstrom,USW00013904,2021-10-01T02:53:00+00:00,2021-09-30T21:53:00-05:00,2021-09-30T20:53:00,FM-15,0.0,0.0,0,,16.093,23.9,96.0,3.1
bergstrom,USW00013904,2021-10-01T03:53:00+00:00,2021-09-30T22:53:00-05:00,2021-09-30T21:53:00,FM-15,0.0,0.0,0,,16.093,22.8,94.0,2.1
bergstrom,USW00013904,2021-10-01T04:53:00+00:00,2021-09-30T23:53:00-05:00,2021-09-30T22:53:00,FM-15,0.0,0.0,0,,16.093,22.2,97.0,1.5
bergstrom,USW00013904,2021-10-01T05:12:00+00:00,2021-10-01T00:12:00-05:00,2021-09-30T23:12:00,FM-16,,,0,,16.093,22.8,96.0,0.0
bergstrom,USW00013904,2021-10-01T05:53:00+00:00,2021-10-01T00:53:00-05:00,2021-09-30T23:53:00,FM-15,0.0,0.0,0,,16.093,22.8,96.0,2.1
bergstrom,USW00013904,2021-10-01T06:53:00+00:00,2021-10-01T01:53:00-05:00,2021-10-01T00:53:00,FM-15,0.0,0.0,0,,16.093,22.8,96.0,2.6
bergstrom,USW00013904,2021-10-01T07:15:00+00:00,2021-10-01T02:15:00-05:00,2021-10-01T01:15:00,FM-16,,,0,,16.093,22.8,96.0,1.5
bergstrom,USW00013904,2021-10-01T07:53:00+00:00,2021-10-01T02:53:00-05:00,2021-10-01T01:53:00,FM-15,0.0,0.0,0,,16.093,22.8,96.0,2.6
bergstrom,USW00013904,2021-10-01T08:39:00+00:00,2021-10-01T03:39:00-05:00,2021-10-01T02:39:00,FM-16,,,0,,16.093,21.1,93.0,5.7
bergstrom,USW00013904,2021-10-01T08:53:00+00:00,2021-10-01T03:53:00-05:00,2021-10-01T02:53:00,FM-15,0.0,0.0,0,,16.093,20.6,96.0,6.7
bergstrom,USW00013904,2021-10-01T09:53:00+00:00,2021-10-01T04:53:00-05:00,2021-10-01T03:53:00,FM-15,5.3,5.3,1,RA:02 BR:1 |RA BR |RA,6.437,20.0,96.0,5.7
bergstrom,USW00013904,2021-10-01T10:05:00+00:00,2021-10-01T05:05:00-05:00,2021-10-01T04:05:00,FM-16,,,1,+RA:02 BR:1 |RA BR |RA,6.437,19.4,100.0,4.1
bergstrom,USW00013904,2021-10-01T10:51:00+00:00,2021-10-01T05:51:00-05:00,2021-10-01T04:51:00,FM-16,,,0,,16.093,19.0,100.0,4.1
bergstrom,USW00013904,2021-10-01T10:53:00+00:00,2021-10-01T05:53:00-05:00,2021-10-01T04:53:00,FM-15,3.8,3.8,1,,16.093,18.9,100.0,4.6
bergstrom,USW00013904,2021-10-01T11:53:00+00:00,2021-10-01T06:53:00-05:00,2021-10-01T05:53:00,FM-15,0.8,0.8,1,RA:02 |RA |RA,11.265,19.4,100.0,1.5
bergstrom,USW00013904,2021-10-01T12:13:00+00:00,2021-10-01T07:13:00-05:00,2021-10-01T06:13:00,FM-16,,,1,-RA:02 |RA |RA,16.093,19.4,100.0,1.5
bergstrom,USW00013904,2021-10-01T12:53:00+00:00,2021-10-01T07:53:00-05:00,2021-10-01T06:53:00,FM-15,2.3,2.3,1,-RA:02 BR:1 |RA BR |RA,9.656,19.4,100.0,2.6
bergstrom,USW00013904,2021-10-01T13:53:00+00:00,2021-10-01T08:53:00-05:00,2021-10-01T07:53:00,FM-15,1.5,1.5,1,-RA:02 |RA |RA,16.093,20.0,100.0,0.0
bergstrom,USW00013904,2021-10-01T13:59:00+00:00,2021-10-01T08:59:00-05:00,2021-10-01T07:59:00,FM-16,,,0,,16.093,20.0,100.0,1.5
bergstrom,USW00013904,2021-10-01T14:51:00+00:00,2021-10-01T09:51:00-05:00,2021-10-01T08:51:00,FM-16,,,0,,16.093,21.0,94.0,3.1
bergstrom,USW00013904,2021-10-01T14:53:00+00:00,2021-10-01T09:53:00-05:00,2021-10-01T08:53:00,FM-15,0.0,0.0,0,,16.093,20.6,96.0,3.1
bergstrom,USW00013904,2021-10-01T15:07:00+00:00,2021-10-01T10:07:00-05:00,2021-10-01T09:07:00,FM-16,,,0,,16.093,20.0,100.0,2.1
bergstrom,USW00013904,2021-10-01T15:53:00+00:00,2021-10-01T10:53:00-05:00,2021-10-01T09:53:00,FM-15,0.0,0.0,0,,16.093,21.1,93.0,2.1
bergstrom,USW00013904,2021-10-01T16:51:00+00:00,2021-10-01T11:51:00-05:00,2021-10-01T10:51:00,FM-16,,,0,,16.093,22.0,94.0,2.6
bergstrom,USW00013904,2021-10-01T16:53:00+00:00,2021-10-01T11:53:00-05:00,2021-10-01T10:53:00,FM-15,0.0,0.0,0,,16.093,22.2,91.0,3.1
bergstrom,USW00013904,2021-10-01T17:53:00+00:00,2021-10-01T12:53:00-05:00,2021-10-01T11:53:00,FM-15,0.0,0.0,0,,16.093,22.2,91.0,4.1
bergstrom,USW00013904,2021-10-01T18:53:00+00:00,2021-10-01T13:53:00-05:00,2021-10-01T12:53:00,FM-15,0.0,0.0,0,,16.093,22.2,87.0,0.0
bergstrom,USW00013904,2021-10-01T19:51:00+00:00,2021-10-01T14:51:00-05:00,2021-10-01T13:51:00,FM-16,,,0,,16.093,27.0,66.0,2.1
bergstrom,USW00013904,2021-10-01T19:53:00+00:00,2021-10-01T14:53:00-05:00,2021-10-01T13:53:00,FM-15,0.0,0.0,0,,16.093,26.7,67.0,2.1
bergstrom,USW00013904,2021-10-01T20:45:00+00:00,2021-10-01T15:45:00-05:00,2021-10-01T14:45:00,FM-16,,,0,,16.093,28.3,63.0,1.5
bergstrom,USW00013904,2021-10-01T20:53:00+00:00,2021-10-01T15:53:00-05:00,2021-10-01T14:53:00,FM-15,0.0,0.0,0,,16.093,28.3,61.0,2.1
bergstrom,USW00013904,2021-10-01T21:53:00+00:00,2021-10-01T16:53:00-05:00,2021-10-01T15:53:00,FM-15,0.0,0.0,0,,16.093,28.3,59.0,2.1
bergstrom,USW00013904,2021-10-01T22:53:00+00:00,2021-10-01T17:53:00-05:00,2021-10-01T16:53:00,FM-15,0.0,0.0,0,,16.093,29.4,55.0,0.0
bergstrom,USW00013904,2021-10-01T23:38:00+00:00,2021-10-01T18:38:00-05:00,2021-10-01T17:38:00,FM-16,,,0,,16.093,28.9,55.0,2.1
bergstrom,USW00013904,2021-10-01T23:53:00+00:00,2021-10-01T18:53:00-05:00,2021-10-01T17:53:00,FM-15,0.0,0.0,0,,16.093,27.8,60.0,3.1
bergstrom,USW00013904,2021-10-02T00:53:00+00:00,2021-10-01T19:53:00-05:00,2021-10-01T18:53:00,FM-15,0.0,0.0,0,,16.093,25.6,76.0,1.5
bergstrom,USW00013904,2021-10-02T01:53:00+00:00,2021-10-01T20:53:00-05:00,2021-10-01T19:53:00,FM-15,0.0,0.0,0,,16.093,25.6,76.0,2.6
bergstrom,USW00013904,2021-10-02T02:53:00+00:00,2021-10-01T21:53:00-05:00,2021-10-01T20:53:00,FM-15,0.0,0.0,0,,16.093,23.3,88.0,0.0
bergstrom,USW00013904,2021-10-02T03:53:00+00:00,2021-10-01T22:53:00-05:00,2021-10-01T21:53:00,FM-15,0.0,0.0,0,,16.093,23.9,84.0,2.1
bergstrom,USW00013904,2021-10-02T04:53:00+00:00,2021-10-01T23:53:00-05:00,2021-10-01T22:53:00,FM-15,0.0,0.0,0,,16.093,23.3,88.0,2.6
bergstrom,USW00013904,2021-10-02T05:53:00+00:00,2021-10-02T00:53:00-05:00,2021-10-01T23:53:00,FM-15,0.0,0.0,0,,16.093,22.2,91.0,0.0
bergstrom,USW00013904,2021-10-02T06:53:00+00:00,2021-10-02T01:53:00-05:00,2021-10-02T00:53:00,FM-15,0.0,0.0,0,,16.093,22.2,97.0,0.0
bergstrom,USW00013904,2021-10-02T07:53:00+00:00,2021-10-02T02:53:00-05:00,2021-10-02T01:53:00,FM-15,0.0,0.0,0,,16.093,21.7,96.0,1.5
bergstrom,USW00013904,2021-10-02T08:40:00+00:00,2021-10-02T03:40:00-05:00,2021-10-02T02:40:00,FM-16,,,0,,16.093,21.1,97.0,1.5
bergstrom,USW00013904,2021-10-02T08:51:00+00:00,2021-10-02T03:51:00-05:00,2021-10-02T02:51:00,FM-16,,,0,,16.093,21.0,100.0,0.0
bergstrom,USW00013904,2021-10-02T08:53:00+00:00,2021-10-02T03:53:00-05:00,2021-10-02T02:53:00,FM-15,0.0,0.0,0,,16.093,21.1,97.0,0.0
bergstrom,USW00013904,2021-10-02T09:45:00+00:00,2021-10-02T04:45:00-05:00,2021-10-02T03:45:00,FM-16,,,0,,12.875,20.0,96.0,0.0
bergstrom,USW00013904,2021-10-02T09:53:00+00:00,2021-10-02T04:53:00-05:00,2021-10-02T03:53:00,FM-15,0.0,0.0,0,,12.875,21.1,97.0,0.0
bergstrom,USW00013904,2021-10-02T10:53:00+00:00,2021-10-02T05:53:00-05:00,2021-10-02T04:53:00,FM-15,0.0,0.0,0,BCFG:2 |FG |,12.875,19.4,100.0,0.0
bergstrom,USW00013904,2021-10-02T11:53:00+00:00,2021-10-02T06:53:00-05:00,2021-10-02T05:53:00,FM-15,0.0,0.0,0,BCFG:2 |FG |,12.875,20.0,96.0,0.0
bergstrom,USW00013904,2021-10-02T12:53:00+00:00,2021-10-02T07:53:00-05:00,2021-10-02T06:53:00,FM-15,0.0,0.0,0,BCFG:2 |FG |,12.875,20.0,96.0,0.0
bergstrom,USW00013904,2021-10-02T13:53:00+00:00,2021-10-02T08:53:00-05:00,2021-10-02T07:53:00,FM-15,0.0,0.0,0,BCFG:2 |FG |,14.484,22.8,90.0,0.0
bergstrom,USW00013904,2021-10-02T14:34:00+00:00,2021-10-02T09:34:00-05:00,2021-10-02T08:34:00,FM-16,,,0,,14.484,23.3,88.0,0.0
bergstrom,USW00013904,2021-10-02T14:53:00+00:00,2021-10-02T09:53:00-05:00,2021-10-02T08:53:00,FM-15,0.0,0.0,0,,14.484,23.3,88.0,0.0
bergstrom,USW00013904,2021-10-02T15:06:00+00:00,2021-10-02T10:06:00-05:00,2021-10-02T09:06:00,FM-16,,,0,,16.093,23.9,84.0,0.0
bergstrom,USW00013904,2021-10-02T15:53:00+00:00,2021-10-02T10:53:00-05:00,2021-10-02T09:53:00,FM-15,0.0,0.0,0,,16.093,24.4,85.0,2.1
bergstrom,USW00013904,2021-10-02T16:51:00+00:00,2021-10-02T11:51:00-05:00,2021-10-02T10:51:00,FM-16,,,0,,16.093,26.0,74.0,3.6
bergstrom,USW00013904,2021-10-02T16:53:00+00:00,2021-10-02T11:53:00-05:00,2021-10-02T10:53:00,FM-15,0.0,0.0,0,,16.093,26.1,74.0,3.6
bergstrom,USW00013904,2021-10-02T17:53:00+00:00,2021-10-02T12:53:00-05:00,2021-10-02T11:53:00,FM-15,0.0,0.0,0,,16.093,27.8,67.0,3.6
bergstrom,USW00013904,2021-10-02T18:53:00+00:00,2021-10-02T13:53:00-05:00,2021-10-02T12:53:00,FM-15,0.0,0.0,0,,16.093,28.3,63.0,1.5
bergstrom,USW00013904,2021-10-02T19:53:00+00:00,2021-10-02T14:53:00-05:00,2021-10-02T13:53:00,FM-15,0.0,0.0,0,,16.093,29.4,59.0,1.5
bergstrom,USW00013904,2021-10-02T20:53:00+00:00,2021-10-02T15:53:00-05:00,2021-10-02T14:53:00,FM-15,0.0,0.0,0,,16.093,30.0,57.0,2.1
bergstrom,USW00013904,2021-10-02T21:53:00+00:00,2021-10-02T16:53:00-05:00,2021-10-02T15:53:00,FM-15,0.0,0.0,0,,16.093,29.4,57.0,2.6
bergstrom,USW00013904,2021-10-02T22:53:00+00:00,2021-10-02T17:53:00-05:00,2021-10-02T16:53:00,FM-15,0.0,0.0,0,,16.093,28.9,57.0,3.1
bergstrom,USW00013904,2021-10-02T23:53:00+00:00,2021-10-02T18:53:00-05:00,2021-10-02T17:53:00,FM-15,0.0,0.0,0,,16.093,28.3,59.0,0.0
bergstrom,USW00013904,2021-10-03T00:53:00+00:00,2021-10-02T19:53:00-05:00,2021-10-02T18:53:00,FM-15,0.0,0.0,0,,16.093,25.6,79.0,0.0
bergstrom,USW00013904,2021-10-03T01:53:00+00:00,2021-10-02T20:53:00-05:00,2021-10-02T19:53:00,FM-15,0.0,0.0,0,,16.093,25.0,85.0,0.0
bergstrom,USW00013904,2021-10-03T02:53:00+00:00,2021-10-02T21:53:00-05:00,2021-10-02T20:53:00,FM-15,0.0,0.0,0,,16.093,26.1,74.0,0.0
bergstrom,USW00013904,2021-10-03T03:53:00+00:00,2021-10-02T22:53:00-05:00,2021-10-02T21:53:00,FM-15,0.0,0.0,0,,16.093,24.4,88.0,0.0
bergstrom,USW00013904,2021-10-03T04:53:00+00:00,2021-10-02T23:53:00-05:00,2021-10-02T22:53:00,FM-15,0.0,0.0,0,,16.093,23.9,94.0,0.0
bergstrom,USW00013904,2021-10-03T05:53:00+00:00,2021-10-03T00:53:00-05:00,2021-10-02T23:53:00,FM-15,0.0,0.0,0,,16.093,22.8,94.0,0.0
bergstrom,USW00013904,2021-10-03T06:53:00+00:00,2021-10-03T01:53:00-05:00,2021-10-03T00:53:00,FM-15,0.0,0.0,0,,16.093,22.8,94.0,1.5
bergstrom,USW00013904,2021-10-03T07:53:00+00:00,2021-10-03T02:53:00-05:00,2021-10-03T01:53:00,FM-15,0.0,0.0,0,,16.093,22.8,90.0,1.5
bergstrom,USW00013904,2021-10-03T08:53:00+00:00,2021-10-03T03:53:00-05:00,2021-10-03T02:53:00,FM-15,0.0,0.0,0,,16.093,21.7,94.0,0.0
bergstrom,USW00013904,2021-10-03T09:53:00+00:00,2021-10-03T04:53:00-05:00,2021-10-03T03:53:00,FM-15,0.0,0.0,0,,16.093,21.1,93.0,0.0
bergstrom,USW00013904,2021-10-03T10:53:00+00:00,2021-10-03T05:53:00-05:00,2021-10-03T04:53:00,FM-15,0.0,0.0,0,BCFG:2 |FG |,16.093,21.1,97.0,0.0
bergstrom,USW00013904,2021-10-03T11:53:00+00:00,2021-10-03T06:53:00-05:00,2021-10-03T05:53:00,FM-15,0.0,0.0,0,,16.093,20.0,96.0,1.5
bergstrom,USW00013904,2021-10-03T12:53:00+00:00,2021-10-03T07:53:00-05:00,2021-10-03T06:53:00,FM-15,0.0,0.0,0,,16.093,20.0,96.0,0.0
bergstrom,USW00013904,2021-10-03T13:53:00+00:00,2021-10-03T08:53:00-05:00,2021-10-03T07:53:00,FM-15,0.0,0.0,0,,16.093,24.4,79.0,2.1
bergstrom,USW00013904,2021-10-03T14:53:00+00:00,2021-10-03T09:53:00-05:00,2021-10-03T08:53:00,FM-15,0.0,0.0,0,,16.093,26.1,72.0,0.0
bergstrom,USW00013904,2021-10-03T15:53:00+00:00,2021-10-03T10:53:00-05:00,2021-10-03T09:53:00,FM-15,0.0,0.0,0,,16.093,27.8,67.0,3.1
bergstrom,USW00013904,2021-10-03T16:53:00+00:00,2021-10-03T11:53:00-05:00,2021-10-03T10:53:00,FM-15,0.0,0.0,0,,16.093,29.4,59.0,4.1
bergstrom,USW00013904,2021-10-03T17:53:00+00:00,2021-10-03T12:53:00-05:00,2021-10-03T11:53:00,FM-15,0.0,0.0,0,,16.093,30.0,51.0,3.6
bergstrom,USW00013904,2021-10-03T18:53:00+00:00,2021-10-03T13:53:00-05:00,2021-10-03T12:53:00,FM-15,0.0,0.0,0,,16.093,30.6,45.0,2.6
bergstrom,USW00013904,2021-10-03T19:53:00+00:00,2021-10-03T14:53:00-05:00,2021-10-03T13:53:00,FM-15,0.0,0.0,0,,16.093,32.2,42.0,3.6
bergstrom,USW00013904,2021-10-03T20:53:00+00:00,2021-10-03T15:53:00-05:00,2021-10-03T14:53:00,FM-15,0.0,0.0,0,,16.093,30.0,46.0,5.1
bergstrom,USW00013904,2021-10-03T21:53:00+00:00,2021-10-03T16:53:00-05:00,2021-10-03T15:53:00,FM-15,0.0,0.0,0,,16.093,30.6,42.0,4.1
bergstrom,USW00013904,2021-10-03T22:53:00+00:00,2021-10-03T17:53:00-05:00,2021-10-03T16:53:00,FM-15,0.0,0.0,0,,16.093,30.6,40.0,4.6
bergstrom,USW00013904,2021-10-03T23:53:00+00:00,2021-10-03T18:53:00-05:00,2021-10-03T17:53:00,FM-15,0.0,0.0,0,,16.093,28.9,46.0,3.1
bergstrom,USW00013904,2021-10-04T00:53:00+00:00,2021-10-03T19:53:00-05:00,2021-10-03T18:53:00,FM-15,0.0,0.0,0,,16.093,27.2,51.0,2.6
bergstrom,USW00013904,2021-10-04T01:53:00+00:00,2021-10-03T20:53:00-05:00,2021-10-03T19:53:00,FM-15,0.0,0.0,0,,16.093,26.1,56.0,2.6
bergstrom,USW00013904,2021-10-04T02:53:00+00:00,2021-10-03T21:53:00-05:00,2021-10-03T20:53:00,FM-15,0.0,0.0,0,,16.093,23.3,74.0,0.0
bergstrom,USW00013904,2021-10-04T03:53:00+00:00,2021-10-03T22:53:00-05:00,2021-10-03T21:53:00,FM-15,0.0,0.0,0,,16.093,21.7,87.0,0.0
bergstrom,USW00013904,2021-10-04T04:53:00+00:00,2021-10-03T23:53:00-05:00,2021-10-03T22:53:00,FM-15,0.0,0.0,0,,16.093,20.0,93.0,0.0
bergstrom,USW00013904,2021-10-04T05:53:00+00:00,2021-10-04T00:53:00-05:00,2021-10-03T23:53:00,FM-15,0.0,0.0,0,,16.093,20.0,93.0,0.0
bergstrom,USW00013904,2021-10-04T06:53:00+00:00,2021-10-04T01:53:00-05:00,2021-10-04T00:53:00,FM-15,0.0,0.0,0,,16.093,20.6,90.0,0.0
bergstrom,USW00013904,2021-10-04T07:53:00+00:00,2021-10-04T02:53:00-05:00,2021-10-04T01:53:00,FM-15,0.0,0.0,0,,16.093,20.0,87.0,2.1
bergstrom,USW00013904,2021-10-04T08:53:00+00:00,2021-10-04T03:53:00-05:00,2021-10-04T02:53:00,FM-15,0.0,0.0,0,,16.093,21.1,84.0,2.1
bergstrom,USW00013904,2021-10-04T09:53:00+00:00,2021-10-04T04:53:00-05:00,2021-10-04T03:53:00,FM-15,0.0,0.0,0,,16.093,18.9,96.0,0.0
bergstrom,USW00013904,2021-10-04T10:53:00+00:00,2021-10-04T05:53:00-05:00,2021-10-04T04:53:00,FM-15,0.0,0.0,0,,16.093,18.3,97.0,0.0
bergstrom,USW00013904,2021-10-04T11:53:00+00:00,2021-10-04T06:53:00-05:00,2021-10-04T05:53:00,FM-15,0.0,0.0,0,,16.093,18.3,90.0,0.0
bergstrom,USW00013904,2021-10-04T12:53:00+00:00,2021-10-04T07:53:00-05:00,2021-10-04T06:53:00,FM-15,0.0,0.0,0,,16.093,17.2,93.0,1.5
bergstrom,USW00013904,2021-10-04T13:53:00+00:00,2021-10-04T08:53:00-05:00,2021-10-04T07:53:00,FM-15,0.0,0.0,0,,16.093,22.2,79.0,0.0
bergstrom,USW00013904,2021-10-04T14:53:00+00:00,2021-10-04T09:53:00-05:00,2021-10-04T08:53:00,FM-15,0.0,0.0,0,,16.093,25.6,56.0,3.1
bergstrom,USW00013904,2021-10-04T15:53:00+00:00,2021-10-04T10:53:00-05:00,2021-10-04T09:53:00,FM-15,0.0,0.0,0,,16.093,27.8,46.0,3.1
bergstrom,USW00013904,2021-10-04T16:53:00+00:00,2021-10-04T11:53:00-05:00,2021-10-04T10:53:00,FM-15,0.0,0.0,0,,16.093,30.0,35.0,4.1
bergstrom,USW00013904,2021-10-04T17:53:00+00:00,2021-10-04T12:53:00-05:00,2021-10-04T11:53:00,FM-15,0.0,0.0,0,,16.093,30.6,30.0,4.6
bergstrom,USW00013904,2021-10-04T18:53:00+00:00,2021-10-04T13:53:00-05:00,2021-10-04T12:53:00,FM-15,0.0,0.0,0,,16.093,31.1,29.0,3.6
bergstrom,USW00013904,2021-10-04T19:53:00+00:00,2021-10-04T14:53:00-05:00,2021-10-04T13:53:00,FM-15,0.0,0.0,0,,16.093,31.7,26.0,6.7
bergstrom,USW00013904,2021-10-04T20:53:00+00:00,2021-10-04T15:53:00-05:00,2021-10-04T14:53:00,FM-15,0.0,0.0,0,,16.093,31.7,24.0,6.7
bergstrom,USW00013904,2021-10-04T21:53:00+00:00,2021-10-04T16:53:00-05:00,2021-10-04T15:53:00,FM-15,0.0,0.0,0,,16.093,31.7,27.0,5.1
bergstrom,USW00013904,2021-10-04T22:53:00+00:00,2021-10-04T17:53:00-05:00,2021-10-04T16:53:00,FM-15,0.0,0.0,0,,16.093,30.6,29.0,5.1
bergstrom,USW00013904,2021-10-04T23:53:00+00:00,2021-10-04T18:53:00-05:00,2021-10-04T17:53:00,FM-15,0.0,0.0,0,,16.093,28.3,33.0,4.6
bergstrom,USW00013904,2021-10-05T00:53:00+00:00,2021-10-04T19:53:00-05:00,2021-10-04T18:53:00,FM-15,0.0,0.0,0,,16.093,26.1,38.0,3.6
bergstrom,USW00013904,2021-10-05T01:53:00+00:00,2021-10-04T20:53:00-05:00,2021-10-04T19:53:00,FM-15,0.0,0.0,0,,16.093,20.0,63.0,0.0
bergstrom,USW00013904,2021-10-05T02:53:00+00:00,2021-10-04T21:53:00-05:00,2021-10-04T20:53:00,FM-15,0.0,0.0,0,,16.093,18.3,81.0,0.0
bergstrom,USW00013904,2021-10-05T03:53:00+00:00,2021-10-04T22:53:00-05:00,2021-10-04T21:53:00,FM-15,0.0,0.0,0,,16.093,17.2,84.0,0.0
bergstrom,USW00013904,2021-10-05T04:53:00+00:00,2021-10-04T23:53:00-05:00,2021-10-04T22:53:00,FM-15,0.0,0.0,0,,16.093,17.2,81.0,1.5
bergstrom,USW00013904,2021-10-05T05:53:00+00:00,2021-10-05T00:53:00-05:00,2021-10-04T23:53:00,FM-15,0.0,0.0,0,,16.093,16.7,84.0,0.0
bergstrom,USW00013904,2021-10-05T06:53:00+00:00,2021-10-05T01:53:00-05:00,2021-10-05T00:53:00,FM-15,0.0,0.0,0,,16.093,16.7,84.0,1.5
bergstrom,USW00013904,2021-10-05T07:53:00+00:00,2021-10-05T02:53:00-05:00,2021-10-05T01:53:00,FM-15,0.0,0.0,0,,16.093,15.6,86.0,0.0
bergstrom,USW00013904,2021-10-05T08:53:00+00:00,2021-10-05T03:53:00-05:00,2021-10-05T02:53:00,FM-15,0.0,0.0,0,,16.093,14.4,90.0,0.0
bergstrom,USW00013904,2021-10-05T09:53:00+00:00,2021-10-05T04:53:00-05:00,2021-10-05T03:53:00,FM-15,0.0,0.0,0,,16.093,13.3,93.0,0.0
bergstrom,USW00013904,2021-10-05T10:53:00+00:00,2021-10-05T05:53:00-05:00,2021-10-05T04:53:00,FM-15,0.0,0.0,0,,16.093,13.9,90.0,0.0
bergstrom,USW00013904,2021-10-05T11:53:00+00:00,2021-10-05T06:53:00-05:00,2021-10-05T05:53:00,FM-15,0.0,0.0,0,,16.093,13.3,93.0,0.0
bergstrom,USW00013904,2021-10-05T12:53:00+00:00,2021-10-05T07:53:00-05:00,2021-10-05T06:53:00,FM-15,0.0,0.0,0,,16.093,13.9,93.0,0.0
bergstrom,USW00013904,2021-10-05T13:53:00+00:00,2021-10-05T08:53:00-05:00,2021-10-05T07:53:00,FM-15,0.0,0.0,0,,16.093,18.3,84.0,0.0
bergstrom,USW00013904,2021-10-05T14:53:00+00:00,2021-10-05T09:53:00-05:00,2021-10-05T08:53:00,FM-15,0.0,0.0,0,,16.093,23.9,46.0,2.1
bergstrom,USW00013904,2021-10-05T15:53:00+00:00,2021-10-05T10:53:00-05:00,2021-10-05T09:53:00,FM-15,0.0,0.0,0,,16.093,26.1,41.0,3.6
bergstrom,USW00013904,2021-10-05T16:53:00+00:00,2021-10-05T11:53:00-05:00,2021-10-05T10:53:00,FM-15,0.0,0.0,0,,16.093,28.9,31.0,3.6
bergstrom,USW00013904,2021-10-05T17:53:00+00:00,2021-10-05T12:53:00-05:00,2021-10-05T11:53:00,FM-15,0.0,0.0,0,,16.093,30.0,26.0,5.1
bergstrom,USW00013904,2021-10-05T18:53:00+00:00,2021-10-05T13:53:00-05:00,2021-10-05T12:53:00,FM-15,0.0,0.0,0,,16.093,30.0,25.0,4.6
bergstrom,USW00013904,2021-10-05T19:53:00+00:00,2021-10-05T14:53:00-05:00,2021-10-05T13:53:00,FM-15,0.0,0.0,0,,16.093,31.1,24.0,2.6
bergstrom,USW00013904,2021-10-05T20:53:00+00:00,2021-10-05T15:53:00-05:00,2021-10-05T14:53:00,FM-15,0.0,0.0,0,,16.093,31.1,24.0,4.6
bergstrom,USW00013904,2021-10-05T21:53:00+00:00,2021-10-05T16:53:00-05:00,2021-10-05T15:53:00,FM-15,0.0,0.0,0,,16.093,31.1,24.0,6.2
bergstrom,USW00013904,2021-10-05T22:53:00+00:00,2021-10-05T17:53:00-05:00,2021-10-05T16:53:00,FM-15,0.0,0.0,0,,16.093,30.6,25.0,4.1
bergstrom,USW00013904,2021-10-05T23:53:00+00:00,2021-10-05T18:53:00-05:00,2021-10-05T17:53:00,FM-15,0.0,0.0,0,,16.093,27.8,26.0,5.1
bergstrom,USW00013904,2021-10-06T00:53:00+00:00,2021-10-05T19:53:00-05:00,2021-10-05T18:53:00,FM-15,0.0,0.0,0,,16.093,25.0,33.0,2.6
bergstrom,USW00013904,2021-10-06T01:53:00+00:00,2021-10-05T20:53:00-05:00,2021-10-05T19:53:00,FM-15,0.0,0.0,0,,16.093,20.0,55.0,0.0
bergstrom,USW00013904,2021-10-06T02:53:00+00:00,2021-10-05T21:53:00-05:00,2021-10-05T20:53:00,FM-15,0.0,0.0,0,,16.093,18.3,61.0,1.5
bergstrom,USW00013904,2021-10-06T03:53:00+00:00,2021-10-05T22:53:00-05:00,2021-10-05T21:53:00,FM-15,0.0,0.0,0,,16.093,16.1,78.0,1.5
bergstrom,USW00013904,2021-10-06T04:53:00+00:00,2021-10-05T23:53:00-05:00,2021-10-05T22:53:00,FM-15,0.0,0.0,0,,16.093,15.6,78.0,0.0
bergstrom,USW00013904,2021-10-06T05:53:00+00:00,2021-10-06T00:53:00-05:00,2021-10-05T23:53:00,FM-15,0.0,0.0,0,,16.093,14.4,84.0,0.0
bergstrom,USW00013904,2021-10-06T06:53:00+00:00,2021-10-06T01:53:00-05:00,2021-10-06T00:53:00,FM-15,0.0,0.0,0,,16.093,16.1,78.0,2.6
bergstrom,USW00013904,2021-10-06T07:53:00+00:00,2021-10-06T02:53:00-05:00,2021-10-06T01:53:00,FM-15,0.0,0.0,0,,16.093,15.6,78.0,0.0
bergstrom,USW00013904,2021-10-06T08:53:00+00:00,2021-10-06T03:53:00-05:00,2021-10-06T02:53:00,FM-15,0.0,0.0,0,,16.093,14.4,84.0,0.0
bergstrom,USW00013904,2021-10-06T09:53:00+00:00,2021-10-06T04:53:00-05:00,2021-10-06T03:53:00,FM-15,0.0,0.0,0,,16.093,15.0,81.0,2.6
bergstrom,USW00013904,2021-10-06T10:53:00+00:00,2021-10-06T05:53:00-05:00,2021-10-06T04:53:00,FM-15,0.0,0.0,0,,16.093,13.3,87.0,0.0
bergstrom,USW00013904,2021-10-06T11:53:00+00:00,2021-10-06T06:53:00-05:00,2021-10-06T05:53:00,FM-15,0.0,0.0,0,,16.093,12.8,90.0,0.0
bergstrom,USW00013904,2021-10-06T12:53:00+00:00,2021-10-06T07:53:00-05:00,2021-10-06T06:53:00,FM-15,0.0,0.0,0,,16.093,15.6,80.0,0.0
bergstrom,USW00013904,2021-10-06T13:53:00+00:00,2021-10-06T08:53:00-05:00,2021-10-06T07:53:00,FM-15,0.0,0.0,0,,16.093,19.4,71.0,1.5
bergstrom,USW00013904,2021-10-06T14:53:00+00:00,2021-10-06T09:53:00-05:00,2021-10-06T08:53:00,FM-15,0.0,0.0,0,,16.093,22.8,53.0,2.1
bergstrom,USW00013904,2021-10-06T15:53:00+00:00,2021-10-06T10:53:00-05:00,2021-10-06T09:53:00,FM-15,0.0,0.0,0,,16.093,25.0,45.0,2.1
bergstrom,USW00013904,2021-10-06T16:53:00+00:00,2021-10-06T11:53:00-05:00,2021-10-06T10:53:00,FM-15,0.0,0.0,0,,16.093,27.2,37.0,1.5
bergstrom,USW00013904,2021-10-06T17:53:00+00:00,2021-10-06T12:53:00-05:00,2021-10-06T11:53:00,FM-15,0.0,0.0,0,,16.093,28.9,32.0,2.6
bergstrom,USW00013904,2021-10-06T18:53:00+00:00,2021-10-06T13:53:00-05:00,2021-10-06T12:53:00,FM-15,0.0,0.0,0,,16.093,29.4,31.0,2.6
bergstrom,USW00013904,2021-10-06T19:53:00+00:00,2021-10-06T14:53:00-05:00,2021-10-06T13:53:00,FM-15,0.0,0.0,0,,16.093,30.0,28.0,2.6
bergstrom,USW00013904,2021-10-06T20:53:00+00:00,2021-10-06T15:53:00-05:00,2021-10-06T14:53:00,FM-15,0.0,0.0,0,,16.093,30.6,28.0,1.5
bergstrom,USW00013904,2021-10-06T21:53:00+00:00,2021-10-06T16:53:00-05:00,2021-10-06T15:53:00,FM-15,0.0,0.0,0,,16.093,30.6,30.0,3.6
bergstrom,USW00013904,2021-10-06T22:53:00+00:00,2021-10-06T17:53:00-05:00,2021-10-06T16:53:00,FM-15,0.0,0.0,0,,16.093,30.0,32.0,2.1
bergstrom,USW00013904,2021-10-06T23:53:00+00:00,2021-10-06T18:53:00-05:00,2021-10-06T17:53:00,FM-15,0.0,0.0,0,,16.093,27.2,39.0,2.6
bergstrom,USW00013904,2021-10-07T00:53:00+00:00,2021-10-06T19:53:00-05:00,2021-10-06T18:53:00,FM-15,0.0,0.0,0,,16.093,22.2,57.0,2.1
bergstrom,USW00013904,2021-10-07T01:53:00+00:00,2021-10-06T20:53:00-05:00,2021-10-06T19:53:00,FM-15,0.0,0.0,0,,16.093,23.3,52.0,1.5
bergstrom,USW00013904,2021-10-07T02:53:00+00:00,2021-10-06T21:53:00-05:00,2021-10-06T20:53:00,FM-15,0.0,0.0,0,,16.093,18.3,76.0,0.0
bergstrom,USW00013904,2021-10-07T03:53:00+00:00,2021-10-06T22:53:00-05:00,2021-10-06T21:53:00,FM-15,0.0,0.0,0,,16.093,17.8,75.0,0.0
bergstrom,USW00013904,2021-10-07T04:53:00+00:00,2021-10-06T23:53:00-05:00,2021-10-06T22:53:00,FM-15,0.0,0.0,0,,16.093,16.7,84.0,0.0
bergstrom,USW00013904,2021-10-07T05:53:00+00:00,2021-10-07T00:53:00-05:00,2021-10-06T23:53:00,FM-15,0.0,0.0,0,,16.093,16.7,84.0,0.0
bergstrom,USW00013904,2021-10-07T06:53:00+00:00,2021-10-07T01:53:00-05:00,2021-10-07T00:53:00,FM-15,0.0,0.0,0,,16.093,16.1,87.0,0.0
bergstrom,USW00013904,2021-10-07T07:53:00+00:00,2021-10-07T02:53:00-05:00,2021-10-07T01:53:00,FM-15,0.0,0.0,0,,16.093,16.1,87.0,0.0
bergstrom,USW00013904,2021-10-07T08:53:00+00:00,2021-10-07T03:53:00-05:00,2021-10-07T02:53:00,FM-15,0.0,0.0,0,,16.093,16.1,87.0,0.0
bergstrom,USW00013904,2021-10-07T09:53:00+00:00,2021-10-07T04:53:00-05:00,2021-10-07T03:53:00,FM-15,0.0,0.0,0,,16.093,15.0,90.0,0.0
bergstrom,USW00013904,2021-10-07T10:53:00+00:00,2021-10-07T05:53:00-05:00,2021-10-07T04:53:00,FM-15,0.0,0.0,0,,16.093,14.4,93.0,0.0
bergstrom,USW00013904,2021-10-07T11:53:00+00:00,2021-10-07T06:53:00-05:00,2021-10-07T05:53:00,FM-15,0.0,0.0,0,,14.484,13.9,96.0,0.0
bergstrom,USW00013904,2021-10-07T12:53:00+00:00,2021-10-07T07:53:00-05:00,2021-10-07T06:53:00,FM-15,0.0,0.0,0,,16.093,15.0,93.0,0.0
bergstrom,USW00013904,2021-10-07T13:53:00+00:00,2021-10-07T08:53:00-05:00,2021-10-07T07:53:00,FM-15,0.0,0.0,0,,16.093,19.4,81.0,0.0
bergstrom,USW00013904,2021-10-07T14:53:00+00:00,2021-10-07T09:53:00-05:00,2021-10-07T08:53:00,FM-15,0.0,0.0,0,,16.093,23.3,69.0,1.5
bergstrom,USW00013904,2021-10-07T15:53:00+00:00,2021-10-07T10:53:00-05:00,2021-10-07T09:53:00,FM-15,0.0,0.0,0,,16.093,27.2,53.0,5.1
bergstrom,USW00013904,2021-10-07T16:53:00+00:00,2021-10-07T11:53:00-05:00,2021-10-07T10:53:00,FM-15,0.0,0.0,0,,16.093,28.3,48.0,5.1
bergstrom,USW00013904,2021-10-07T17:53:00+00:00,2021-10-07T12:53:00-05:00,2021-10-07T11:53:00,FM-15,0.0,0.0,0,,16.093,29.4,46.0,3.6
bergstrom,USW00013904,2021-10-07T18:53:00+00:00,2021-10-07T13:53:00-05:00,2021-10-07T12:53:00,FM-15,0.0,0.0,0,,16.093,30.6,40.0,3.1
bergstrom,USW00013904,2021-10-07T19:53:00+00:00,2021-10-07T14:53:00-05:00,2021-10-07T13:53:00,FM-15,0.0,0.0,0,,16.093,31.1,40.0,6.2
bergstrom,USW00013904,2021-10-07T20:53:00+00:00,2021-10-07T15:53:00-05:00,2021-10-07T14:53:00,FM-15,0.0,0.0,0,,16.093,31.7,39.0,3.1
bergstrom,USW00013904,2021-10-07T21:53:00+00:00,2021-10-07T16:53:00-05:00,2021-10-07T15:53:00,FM-15,0.0,0.0,0,,16.093,31.1,39.0,5.1
bergstrom,USW00013904,2021-10-07T22:53:00+00:00,2021-10-07T17:53:00-05:00,2021-10-07T16:53:00,FM-15,0.0,0.0,0,,16.093,30.6,40.0,3.6
bergstrom,USW00013904,2021-10-07T23:53:00+00:00,2021-10-07T18:53:00-05:00,2021-10-07T17:53:00,FM-15,0.0,0.0,0,,16.093,28.9,46.0,3.6
bergstrom,USW00013904,2021-10-08T00:53:00+00:00,2021-10-07T19:53:00-05:00,2021-10-07T18:53:00,FM-15,0.0,0.0,0,,16.093,23.9,64.0,2.6
bergstrom,USW00013904,2021-10-08T01:53:00+00:00,2021-10-07T20:53:00-05:00,2021-10-07T19:53:00,FM-15,0.0,0.0,0,,16.093,22.8,69.0,1.5
bergstrom,USW00013904,2021-10-08T02:53:00+00:00,2021-10-07T21:53:00-05:00,2021-10-07T20:53:00,FM-15,0.0,0.0,0,,16.093,21.7,73.0,2.6
bergstrom,USW00013904,2021-10-08T03:53:00+00:00,2021-10-07T22:53:00-05:00,2021-10-07T21:53:00,FM-15,0.0,0.0,0,,16.093,19.4,81.0,1.5
bergstrom,USW00013904,2021-10-08T04:53:00+00:00,2021-10-07T23:53:00-05:00,2021-10-07T22:53:00,FM-15,0.0,0.0,0,,16.093,20.0,81.0,2.1
bergstrom,USW00013904,2021-10-08T05:53:00+00:00,2021-10-08T00:53:00-05:00,2021-10-07T23:53:00,FM-15,0.0,0.0,0,,16.093,19.4,84.0,3.1
bergstrom,USW00013904,2021-10-08T06:53:00+00:00,2021-10-08T01:53:00-05:00,2021-10-08T00:53:00,FM-15,0.0,0.0,0,,16.093,18.3,87.0,2.1
bergstrom,USW00013904,2021-10-08T07:53:00+00:00,2021-10-08T02:53:00-05:00,2021-10-08T01:53:00,FM-15,0.0,0.0,0,,16.093,18.9,87.0,1.5
bergstrom,USW00013904,2021-10-08T08:53:00+00:00,2021-10-08T03:53:00-05:00,2021-10-08T02:53:00,FM-15,0.0,0.0,0,,16.093,16.7,96.0,2.1
bergstrom,USW00013904,2021-10-08T09:53:00+00:00,2021-10-08T04:53:00-05:00,2021-10-08T03:53:00,FM-15,0.0,0.0,0,,16.093,16.1,97.0,2.6
bergstrom,USW00013904,2021-10-08T10:53:00+00:00,2021-10-08T05:53:00-05:00,2021-10-08T04:53:00,FM-15,0.0,0.0,0,,14.484,15.6,96.0,0.0
bergstrom,USW00013904,2021-10-08T11:53:00+00:00,2021-10-08T06:53:00-05:00,2021-10-08T05:53:00,FM-15,0.0,0.0,0,,16.093,15.6,100.0,0.0
bergstrom,USW00013904,2021-10-08T12:53:00+00:00,2021-10-08T07:53:00-05:00,2021-10-08T06:53:00,FM-15,0.0,0.0,0,,14.484,16.7,93.0,0.0
bergstrom,USW00013904,2021-10-08T13:53:00+00:00,2021-10-08T08:53:00-05:00,2021-10-08T07:53:00,FM-15,0.0,0.0,0,,16.093,20.0,84.0,0.0
bergstrom,USW00013904,2021-10-08T14:53:00+00:00,2021-10-08T09:53:00-05:00,2021-10-08T08:53:00,FM-15,0.0,0.0,0,,16.093,25.6,64.0,3.6
bergstrom,USW00013904,2021-10-08T15:53:00+00:00,2021-10-08T10:53:00-05:00,2021-10-08T09:53:00,FM-15,0.0,0.0,0,,16.093,27.2,51.0,5.7
bergstrom,USW00013904,2021-10-08T16:53:00+00:00,2021-10-08T11:53:00-05:00,2021-10-08T10:53:00,FM-15,0.0,0.0,0,,16.093,28.9,48.0,5.7
bergstrom,USW00013904,2021-10-08T17:53:00+00:00,2021-10-08T12:53:00-05:00,2021-10-08T11:53:00,FM-15,0.0,0.0,0,,16.093,29.4,46.0,5.7
bergstrom,USW00013904,2021-10-08T18:53:00+00:00,2021-10-08T13:53:00-05:00,2021-10-08T12:53:00,FM-15,0.0,0.0,0,,16.093,30.6,42.0,3.6
bergstrom,USW00013904,2021-10-08T19:53:00+00:00,2021-10-08T14:53:00-05:00,2021-10-08T13:53:00,FM-15,0.0,0.0,0,,16.093,30.6,40.0,3.1
bergstrom,USW00013904,2021-10-08T20:53:00+00:00,2021-10-08T15:53:00-05:00,2021-10-08T14:53:00,FM-15,0.0,0.0,0,,16.093,31.7,39.0,4.1
bergstrom,USW00013904,2021-10-08T21:53:00+00:00,2021-10-08T16:53:00-05:00,2021-10-08T15:53:00,FM-15,0.0,0.0,0,,16.093,31.7,39.0,3.1
bergstrom,USW00013904,2021-10-08T22:53:00+00:00,2021-10-08T17:53:00-05:00,2021-10-08T16:53:00,FM-15,0.0,0.0,0,,16.093,30.6,37.0,3.6
bergstrom,USW00013904,2021-10-08T23:53:00+00:00,2021-10-08T18:53:00-05:00,2021-10-08T17:53:00,FM-15,0.0,0.0,0,,16.093,27.8,46.0,2.1
bergstrom,USW00013904,2021-10-09T00:53:00+00:00,2021-10-08T19:53:00-05:00,2021-10-08T18:53:00,FM-15,0.0,0.0,0,,16.093,22.8,66.0,3.1
bergstrom,USW00013904,2021-10-09T01:53:00+00:00,2021-10-08T20:53:00-05:00,2021-10-08T19:53:00,FM-15,0.0,0.0,0,,16.093,23.3,64.0,3.1
bergstrom,USW00013904,2021-10-09T02:53:00+00:00,2021-10-08T21:53:00-05:00,2021-10-08T20:53:00,FM-15,0.0,0.0,0,,16.093,20.6,76.0,2.6
bergstrom,USW00013904,2021-10-09T03:53:00+00:00,2021-10-08T22:53:00-05:00,2021-10-08T21:53:00,FM-15,0.0,0.0,0,,16.093,22.2,71.0,5.1
bergstrom,USW00013904,2021-10-09T04:53:00+00:00,2021-10-08T23:53:00-05:00,2021-10-08T22:53:00,FM-15,0.0,0.0,0,,16.093,20.6,81.0,3.6
bergstrom,USW00013904,2021-10-09T05:53:00+00:00,2021-10-09T00:53:00-05:00,2021-10-08T23:53:00,FM-15,0.0,0.0,0,,16.093,17.8,93.0,2.6
bergstrom,USW00013904,2021-10-09T06:53:00+00:00,2021-10-09T01:53:00-05:00,2021-10-09T00:53:00,FM-15,0.0,0.0,0,,16.093,17.8,93.0,2.6
bergstrom,USW00013904,2021-10-09T07:53:00+00:00,2021-10-09T02:53:00-05:00,2021-10-09T01:53:00,FM-15,0.0,0.0,0,,16.093,17.8,96.0,2.1
bergstrom,USW00013904,2021-10-09T08:53:00+00:00,2021-10-09T03:53:00-05:00,2021-10-09T02:53:00,FM-15,0.0,0.0,0,,14.484,16.1,97.0,2.1
bergstrom,USW00013904,2021-10-09T09:53:00+00:00,2021-10-09T04:53:00-05:00,2021-10-09T03:53:00,FM-15,0.0,0.0,0,,14.484,16.7,100.0,2.1
bergstrom,USW00013904,2021-10-09T10:53:00+00:00,2021-10-09T05:53:00-05:00,2021-10-09T04:53:00,FM-15,0.0,0.0,0,BCFG:2 |FG |,16.093,15.0,100.0,0.0
bergstrom,USW00013904,2021-10-09T11:53:00+00:00,2021-10-09T06:53:00-05:00,2021-10-09T05:53:00,FM-15,0.0,0.0,0,BCFG:2 |FG |,16.093,15.0,96.0,0.0
bergstrom,USW00013904,2021-10-09T12:53:00+00:00,2021-10-09T07:53:00-05:00,2021-10-09T06:53:00,FM-15,0.0,0.0,0,BCFG:2 |FG |,16.093,13.9,100.0,0.0
bergstrom,USW00013904,2021-10-09T13:26:00+00:00,2021-10-09T08:26:00-05:00,2021-10-09T07:26:00,FM-16,,,0,BCFG:2 |FG |,16.093,16.1,97.0,0.0
bergstrom,USW00013904,2021-10-09T13:53:00+00:00,2021-10-09T08:53:00-05:00,2021-10-09T07:53:00,FM-15,0.0,0.0,0,BCFG:2 |FG |,16.093,17.2,100.0,0.0
bergstrom,USW00013904,2021-10-09T14:13:00+00:00,2021-10-09T09:13:00-05:00,2021-10-09T08:13:00,FM-16,,,0,BCFG:2 |FG |,16.093,18.3,97.0,0.0
bergstrom,USW00013904,2021-10-09T14:53:00+00:00,2021-10-09T09:53:00-05:00,2021-10-09T08:53:00,FM-15,0.0,0.0,0,,16.093,21.1,90.0,4.1
bergstrom,USW00013904,2021-10-09T15:53:00+00:00,2021-10-09T10:53:00-05:00,2021-10-09T09:53:00,FM-15,0.0,0.0,0,,16.093,24.4,72.0,6.2
bergstrom,USW00013904,2021-10-09T16:53:00+00:00,2021-10-09T11:53:00-05:00,2021-10-09T10:53:00,FM-15,0.0,0.0,0,,16.093,27.2,57.0,5.1
bergstrom,USW00013904,2021-10-09T17:53:00+00:00,2021-10-09T12:53:00-05:00,2021-10-09T11:53:00,FM-15,0.0,0.0,0,,16.093,28.3,49.0,6.2
bergstrom,USW00013904,2021-10-09T18:53:00+00:00,2021-10-09T13:53:00-05:00,2021-10-09T12:53:00,FM-15,0.0,0.0,0,,16.093,29.4,48.0,5.7
bergstrom,USW00013904,2021-10-09T19:53:00+00:00,2021-10-09T14:53:00-05:00,2021-10-09T13:53:00,FM-15,0.0,0.0,0,,16.093,30.0,45.0,5.7
bergstrom,USW00013904,2021-10-09T20:53:00+00:00,2021-10-09T15:53:00-05:00,2021-10-09T14:53:00,FM-15,0.0,0.0,0,,16.093,30.6,43.0,5.7
bergstrom,USW00013904,2021-10-09T21:53:00+00:00,2021-10-09T16:53:00-05:00,2021-10-09T15:53:00,FM-15,0.0,0.0,0,,16.093,30.0,46.0,5.1
bergstrom,USW00013904,2021-10-09T22:53:00+00:00,2021-10-09T17:53:00-05:00,2021-10-09T16:53:00,FM-15,0.0,0.0,0,,16.093,29.4,48.0,5.7
bergstrom,USW00013904,2021-10-09T23:53:00+00:00,2021-10-09T18:53:00-05:00,2021-10-09T17:53:00,FM-15,0.0,0.0,0,,16.093,27.2,54.0,4.1
bergstrom,USW00013904,2021-10-10T00:53:00+00:00,2021-10-09T19:53:00-05:00,2021-10-09T18:53:00,FM-15,0.0,0.0,0,,16.093,24.4,67.0,3.6
bergstrom,USW00013904,2021-10-10T01:53:00+00:00,2021-10-09T20:53:00-05:00,2021-10-09T19:53:00,FM-15,0.0,0.0,0,,16.093,21.1,82.0,2.6
bergstrom,USW00013904,2021-10-10T02:53:00+00:00,2021-10-09T21:53:00-05:00,2021-10-09T20:53:00,FM-15,0.0,0.0,0,,16.093,20.0,90.0,3.6
bergstrom,USW00013904,2021-10-10T03:53:00+00:00,2021-10-09T22:53:00-05:00,2021-10-09T21:53:00,FM-15,0.0,0.0,0,,16.093,21.7,81.0,4.6
bergstrom,USW00013904,2021-10-10T04:53:00+00:00,2021-10-09T23:53:00-05:00,2021-10-09T22:53:00,FM-15,0.0,0.0,0,,16.093,20.6,87.0,3.6
bergstrom,USW00013904,2021-10-10T05:53:00+00:00,2021-10-10T00:53:00-05:00,2021-10-09T23:53:00,FM-15,0.0,0.0,0,,16.093,18.3,97.0,2.1
bergstrom,USW00013904,2021-10-10T06:53:00+00:00,2021-10-10T01:53:00-05:00,2021-10-10T00:53:00,FM-15,0.0,0.0,0,,16.093,18.9,96.0,2.6
bergstrom,USW00013904,2021-10-10T07:24:00+00:00,2021-10-10T02:24:00-05:00,2021-10-10T01:24:00,FM-16,,,0,,16.093,19.4,97.0,0.0
bergstrom,USW00013904,2021-10-10T07:39:00+00:00,2021-10-10T02:39:00-05:00,2021-10-10T01:39:00,FM-16,,,0,,16.093,19.4,100.0,0.0
bergstrom,USW00013904,2021-10-10T07:53:00+00:00,2021-10-10T02:53:00-05:00,2021-10-10T01:53:00,FM-15,0.0,0.0,0,,16.093,19.4,100.0,1.5
bergstrom,USW00013904,2021-10-10T08:13:00+00:00,2021-10-10T03:13:00-05:00,2021-10-10T02:13:00,FM-16,,,0,,16.093,20.0,96.0,2.1
bergstrom,USW00013904,2021-10-10T08:53:00+00:00,2021-10-10T03:53:00-05:00,2021-10-10T02:53:00,FM-15,0.0,0.0,0,,16.093,20.6,96.0,2.1
bergstrom,USW00013904,2021-10-10T09:53:00+00:00,2021-10-10T04:53:00-05:00,2021-10-10T03:53:00,FM-15,0.0,0.0,0,,16.093,21.1,100.0,4.1
bergstrom,USW00013904,2021-10-10T10:53:00+00:00,2021-10-10T05:53:00-05:00,2021-10-10T04:53:00,FM-15,0.0,0.0,0,,16.093,21.7,100.0,4.1
bergstrom,USW00013904,2021-10-10T11:09:00+00:00,2021-10-10T06:09:00-05:00,2021-10-10T05:09:00,FM-16,,,0,,16.093,22.2,97.0,4.1
bergstrom,USW00013904,2021-10-10T11:53:00+00:00,2021-10-10T06:53:00-05:00,2021-10-10T05:53:00,FM-15,0.0,0.0,0,,16.093,22.2,100.0,5.1
bergstrom,USW00013904,2021-10-10T12:53:00+00:00,2021-10-10T07:53:00-05:00,2021-10-10T06:53:00,FM-15,0.0,0.0,0,,16.093,23.3,94.0,5.1
bergstrom,USW00013904,2021-10-10T13:51:00+00:00,2021-10-10T08:51:00-05:00,2021-10-10T07:51:00,FM-16,,,0,,14.484,24.0,94.0,6.7
bergstrom,USW00013904,2021-10-10T13:53:00+00:00,2021-10-10T08:53:00-05:00,2021-10-10T07:53:00,FM-15,0.0,0.0,0,,14.484,24.4,91.0,6.7
bergstrom,USW00013904,2021-10-10T14:53:00+00:00,2021-10-10T09:53:00-05:00,2021-10-10T08:53:00,FM-15,0.0,0.0,0,,16.093,26.1,82.0,7.7
bergstrom,USW00013904,2021-10-10T15:16:00+00:00,2021-10-10T10:16:00-05:00,2021-10-10T09:16:00,FM-16,,,0,,16.093,26.7,79.0,6.2
bergstrom,USW00013904,2021-10-10T15:53:00+00:00,2021-10-10T10:53:00-05:00,2021-10-10T09:53:00,FM-15,0.0,0.0,0,,16.093,27.8,74.0,7.7
bergstrom,USW00013904,2021-10-10T16:51:00+00:00,2021-10-10T11:51:00-05:00,2021-10-10T10:51:00,FM-16,,,0,,16.093,29.0,66.0,9.8
bergstrom,USW00013904,2021-10-10T16:53:00+00:00,2021-10-10T11:53:00-05:00,2021-10-10T10:53:00,FM-15,0.0,0.0,0,,16.093,28.9,65.0,9.3
bergstrom,USW00013904,2021-10-10T17:53:00+00:00,2021-10-10T12:53:00-05:00,2021-10-10T11:53:00,FM-15,0.0,0.0,0,,16.093,31.1,57.0,9.3
bergstrom,USW00013904,2021-10-10T18:53:00+00:00,2021-10-10T13:53:00-05:00,2021-10-10T12:53:00,FM-15,0.0,0.0,0,,16.093,32.2,54.0,9.3
bergstrom,USW00013904,2021-10-10T19:53:00+00:00,2021-10-10T14:53:00-05:00,2021-10-10T13:53:00,FM-15,,T,1,,16.093,31.7,55.0,9.3
bergstrom,USW00013904,2021-10-10T20:53:00+00:00,2021-10-10T15:53:00-05:00,2021-10-10T14:53:00,FM-15,0.0,0.0,0,,16.093,33.3,51.0,8.2
bergstrom,USW00013904,2021-10-10T21:53:00+00:00,2021-10-10T16:53:00-05:00,2021-10-10T15:53:00,FM-15,0.0,0.0,0,,16.093,31.7,55.0,8.8
bergstrom,USW00013904,2021-10-10T22:53:00+00:00,2021-10-10T17:53:00-05:00,2021-10-10T16:53:00,FM-15,0.0,0.0,0,,16.093,31.1,59.0,10.8
bergstrom,USW00013904,2021-10-10T23:53:00+00:00,2021-10-10T18:53:00-05:00,2021-10-10T17:53:00,FM-15,0.0,0.0,0,,16.093,28.9,67.0,7.7
bergstrom,USW00013904,2021-10-11T00:53:00+00:00,2021-10-10T19:53:00-05:00,2021-10-10T18:53:00,FM-15,0.0,0.0,0,,16.093,28.3,70.0,8.8
bergstrom,USW00013904,2021-10-11T01:53:00+00:00,2021-10-10T20:53:00-05:00,2021-10-10T19:53:00,FM-15,0.0,0.0,0,,16.093,27.2,77.0,5.1
bergstrom,USW00013904,2021-10-11T02:07:00+00:00,2021-10-10T21:07:00-05:00,2021-10-10T20:07:00,FM-16,,,0,,16.093,27.2,77.0,7.2
bergstrom,USW00013904,2021-10-11T02:53:00+00:00,2021-10-10T21:53:00-05:00,2021-10-10T20:53:00,FM-15,0.0,0.0,0,,16.093,26.7,79.0,6.2
bergstrom,USW00013904,2021-10-11T03:53:00+00:00,2021-10-10T22:53:00-05:00,2021-10-10T21:53:00,FM-15,0.0,0.0,0,,16.093,27.2,79.0,6.7
bergstrom,USW00013904,2021-10-11T04:53:00+00:00,2021-10-10T23:53:00-05:00,2021-10-10T22:53:00,FM-15,,T,1,-RA:02 |RA |RA,16.093,26.7,82.0,4.1
bergstrom,USW00013904,2021-10-11T05:18:00+00:00,2021-10-11T00:18:00-05:00,2021-10-10T23:18:00,FM-16,,,1,TS -RA:02 BR:1 |TS RA BR |RA,3.219,18.9,93.0,5.1
bergstrom,USW00013904,2021-10-11T05:51:00+00:00,2021-10-11T00:51:00-05:00,2021-10-10T23:51:00,FM-16,,,1,TS -RA:02 BR:1 |TS RA BR |RA,6.437,18.0,88.0,5.1
bergstrom,USW00013904,2021-10-11T05:53:00+00:00,2021-10-11T00:53:00-05:00,2021-10-10T23:53:00,FM-15,11.9,11.9,1,TS -RA:02 BR:1 |TS RA BR |RA,4.828,17.8,87.0,2.1
bergstrom,USW00013904,2021-10-11T06:07:00+00:00,2021-10-11T01:07:00-05:00,2021-10-11T00:07:00,FM-16,,,1,TS RA:02 BR:1 |TS RA BR |RA,3.219,17.8,93.0,3.1
bergstrom,USW00013904,2021-10-11T06:31:00+00:00,2021-10-11T01:31:00-05:00,2021-10-11T00:31:00,FM-16,,,1,TS -RA:02 |TS RA |RA,12.875,17.2,97.0,2.6
bergstrom,USW00013904,2021-10-11T06:45:00+00:00,2021-10-11T01:45:00-05:00,2021-10-11T00:45:00,FM-16,,,0,,16.093,17.2,97.0,4.1
bergstrom,USW00013904,2021-10-11T06:53:00+00:00,2021-10-11T01:53:00-05:00,2021-10-11T00:53:00,FM-15,6.9,6.9,1,,16.093,17.2,97.0,4.6
bergstrom,USW00013904,2021-10-11T07:53:00+00:00,2021-10-11T02:53:00-05:00,2021-10-11T01:53:00,FM-15,,T,1,,16.093,17.2,97.0,2.6
bergstrom,USW00013904,2021-10-11T08:53:00+00:00,2021-10-11T03:53:00-05:00,2021-10-11T02:53:00,FM-15,0.0,0.0,0,,16.093,17.2,93.0,2.6
bergstrom,USW00013904,2021-10-11T09:53:00+00:00,2021-10-11T04:53:00-05:00,2021-10-11T03:53:00,FM-15,0.0,0.0,0,,16.093,16.7,93.0,0.0
bergstrom,USW00013904,2021-10-11T10:53:00+00:00,2021-10-11T05:53:00-05:00,2021-10-11T04:53:00,FM-15,0.0,0.0,0,,16.093,16.1,97.0,0.0
bergstrom,USW00013904,2021-10-11T11:53:00+00:00,2021-10-11T06:53:00-05:00,2021-10-11T05:53:00,FM-15,0.0,0.0,0,,16.093,16.7,96.0,2.1
bergstrom,USW00013904,2021-10-11T12:53:00+00:00,2021-10-11T07:53:00-05:00,2021-10-11T06:53:00,FM-15,0.0,0.0,0,,16.093,17.8,75.0,4.1
bergstrom,USW00013904,2021-10-11T13:53:00+00:00,2021-10-11T08:53:00-05:00,2021-10-11T07:53:00,FM-15,0.0,0.0,0,,16.093,18.9,70.0,2.6
bergstrom,USW00013904,2021-10-11T14:53:00+00:00,2021-10-11T09:53:00-05:00,2021-10-11T08:53:00,FM-15,0.0,0.0,0,,16.093,20.6,61.0,5.1
bergstrom,USW00013904,2021-10-11T15:53:00+00:00,2021-10-11T10:53:00-05:00,2021-10-11T09:53:00,FM-15,0.0,0.0,0,,16.093,20.6,59.0,4.1
bergstrom,USW00013904,2021-10-11T16:53:00+00:00,2021-10-11T11:53:00-05:00,2021-10-11T10:53:00,FM-15,0.0,0.0,0,,16.093,23.3,50.0,4.6
bergstrom,USW00013904,2021-10-11T17:53:00+00:00,2021-10-11T12:53:00-05:00,2021-10-11T11:53:00,FM-15,0.0,0.0,0,,16.093,24.4,45.0,3.6
bergstrom,USW00013904,2021-10-11T18:53:00+00:00,2021-10-11T13:53:00-05:00,2021-10-11T12:53:00,FM-15,0.0,0.0,0,,16.093,25.6,43.0,1.5
bergstrom,USW00013904,2021-10-11T19:53:00+00:00,2021-10-11T14:53:00-05:00,2021-10-11T13:53:00,FM-15,0.0,0.0,0,,16.093,27.2,39.0,1.5
bergstrom,USW00013904,2021-10-11T20:53:00+00:00,2021-10-11T15:53:00-05:00,2021-10-11T14:53:00,FM-15,0.0,0.0,0,,16.093,27.2,39.0,2.6
bergstrom,USW00013904,2021-10-11T21:53:00+00:00,2021-10-11T16:53:00-05:00,2021-10-11T15:53:00,FM-15,0.0,0.0,0,,16.093,27.2,39.0,2.1
bergstrom,USW00013904,2021-10-11T22:53:00+00:00,2021-10-11T17:53:00-05:00,2021-10-11T16:53:00,FM-15,0.0,0.0,0,,16.093,27.2,39.0,2.1
bergstrom,USW00013904,2021-10-11T23:53:00+00:00,2021-10-11T18:53:00-05:00,2021-10-11T17:53:00,FM-15,0.0,0.0,0,,16.093,25.6,45.0,2.1
bergstrom,USW00013904,2021-10-12T00:53:00+00:00,2021-10-11T19:53:00-05:00,2021-10-11T18:53:00,FM-15,0.0,0.0,0,,16.093,23.9,52.0,2.1
bergstrom,USW00013904,2021-10-12T01:53:00+00:00,2021-10-11T20:53:00-05:00,2021-10-11T19:53:00,FM-15,0.0,0.0,0,,16.093,23.3,54.0,2.1
bergstrom,USW00013904,2021-10-12T02:53:00+00:00,2021-10-11T21:53:00-05:00,2021-10-11T20:53:00,FM-15,0.0,0.0,0,,16.093,22.2,61.0,1.5
bergstrom,USW00013904,2021-10-12T03:53:00+00:00,2021-10-11T22:53:00-05:00,2021-10-11T21:53:00,FM-15,0.0,0.0,0,,16.093,20.6,70.0,2.1
bergstrom,USW00013904,2021-10-12T04:53:00+00:00,2021-10-11T23:53:00-05:00,2021-10-11T22:53:00,FM-15,0.0,0.0,0,,16.093,22.2,64.0,2.1
bergstrom,USW00013904,2021-10-12T05:21:00+00:00,2021-10-12T00:21:00-05:00,2021-10-11T23:21:00,FM-16,,,0,,16.093,21.7,68.0,1.5
bergstrom,USW00013904,2021-10-12T05:53:00+00:00,2021-10-12T00:53:00-05:00,2021-10-11T23:53:00,FM-15,0.0,0.0,0,,16.093,21.7,71.0,0.0
bergstrom,USW00013904,2021-10-12T06:53:00+00:00,2021-10-12T01:53:00-05:00,2021-10-12T00:53:00,FM-15,0.0,0.0,0,,16.093,22.2,68.0,0.0
bergstrom,USW00013904,2021-10-12T07:53:00+00:00,2021-10-12T02:53:00-05:00,2021-10-12T01:53:00,FM-15,0.0,0.0,0,,16.093,22.2,71.0,1.5
bergstrom,USW00013904,2021-10-12T08:19:00+00:00,2021-10-12T03:19:00-05:00,2021-10-12T02:19:00,FM-16,,,0,,16.093,22.2,71.0,2.1
bergstrom,USW00013904,2021-10-12T08:51:00+00:00,2021-10-12T03:51:00-05:00,2021-10-12T02:51:00,FM-16,,,0,,16.093,22.0,73.0,2.1
bergstrom,USW00013904,2021-10-12T08:53:00+00:00,2021-10-12T03:53:00-05:00,2021-10-12T02:53:00,FM-15,0.0,0.0,0,,16.093,22.2,73.0,1.5
bergstrom,USW00013904,2021-10-12T09:53:00+00:00,2021-10-12T04:53:00-05:00,2021-10-12T03:53:00,FM-15,0.3,0.3,1,-RA:02 |RA |RA,14.484,20.6,90.0,1.5
bergstrom,USW00013904,2021-10-12T10:53:00+00:00,2021-10-12T05:53:00-05:00,2021-10-12T04:53:00,FM-15,0.3,0.3,1,-RA:02 |RA |RA,16.093,21.1,93.0,1.5
bergstrom,USW00013904,2021-10-12T11:53:00+00:00,2021-10-12T06:53:00-05:00,2021-10-12T05:53:00,FM-15,0.5,0.5,1,-RA:02 |RA |RA,16.093,21.7,96.0,0.0
bergstrom,USW00013904,2021-10-12T12:45:00+00:00,2021-10-12T07:45:00-05:00,2021-10-12T06:45:00,FM-16,,,1,-RA:02 |RA |RA,3.219,22.2,100.0,2.6
bergstrom,USW00013904,2021-10-12T12:53:00+00:00,2021-10-12T07:53:00-05:00,2021-10-12T06:53:00,FM-15,0.3,0.3,1,-RA:02 |RA |RA,3.219,22.2,97.0,2.6
bergstrom,USW00013904,2021-10-12T13:20:00+00:00,2021-10-12T08:20:00-05:00,2021-10-12T07:20:00,FM-16,,,1,-RA:02 BR:1 |RA BR |RA,3.219,22.8,100.0,3.1
bergstrom,USW00013904,2021-10-12T13:53:00+00:00,2021-10-12T08:53:00-05:00,2021-10-12T07:53:00,FM-15,,T,1,-RA:02 BR:1 |RA BR |RA,3.219,23.9,96.0,4.1
bergstrom,USW00013904,2021-10-12T14:18:00+00:00,2021-10-12T09:18:00-05:00,2021-10-12T08:18:00,FM-16,,,1,-RA:02 BR:1 |RA BR |RA,3.219,23.9,100.0,2.1
bergstrom,USW00013904,2021-10-12T14:53:00+00:00,2021-10-12T09:53:00-05:00,2021-10-12T08:53:00,FM-15,0.3,0.3,1,-RA:02 BR:1 |RA BR |RA,3.219,24.4,100.0,3.1
bergstrom,USW00013904,2021-10-12T15:43:00+00:00,2021-10-12T10:43:00-05:00,2021-10-12T09:43:00,FM-16,,,1,-RA:02 BR:1 |RA BR |RA,3.219,25.6,97.0,2.6
bergstrom,USW00013904,2021-10-12T15:53:00+00:00,2021-10-12T10:53:00-05:00,2021-10-12T09:53:00,FM-15,,T,1,-RA:02 BR:1 |RA BR |RA,3.219,25.6,97.0,2.6
bergstrom,USW00013904,2021-10-12T16:53:00+00:00,2021-10-12T11:53:00-05:00,2021-10-12T10:53:00,FM-15,,T,1,BR:1 |BR |,3.219,26.7,90.0,5.1
bergstrom,USW00013904,2021-10-12T17:53:00+00:00,2021-10-12T12:53:00-05:00,2021-10-12T11:53:00,FM-15,0.0,0.0,0,,3.219,28.9,77.0,5.7
bergstrom,USW00013904,2021-10-12T18:10:00+00:00,2021-10-12T13:10:00-05:00,2021-10-12T12:10:00,FM-16,,,0,,12.875,28.9,74.0,7.2
bergstrom,USW00013904,2021-10-12T18:53:00+00:00,2021-10-12T13:53:00-05:00,2021-10-12T12:53:00,FM-15,0.0,0.0,0,,14.484,30.0,67.0,8.8
bergstrom,USW00013904,2021-10-12T19:53:00+00:00,2021-10-12T14:53:00-05:00,2021-10-12T13:53:00,FM-15,0.0,0.0,0,,16.093,31.1,63.0,9.8
bergstrom,USW00013904,2021-10-12T20:53:00+00:00,2021-10-12T15:53:00-05:00,2021-10-12T14:53:00,FM-15,0.0,0.0,0,,16.093,29.4,70.0,6.2
bergstrom,USW00013904,2021-10-12T21:51:00+00:00,2021-10-12T16:51:00-05:00,2021-10-12T15:51:00,FM-16,,,1,TS -RA:02 |TS RA |RA,16.093,29.0,74.0,5.1
bergstrom,USW00013904,2021-10-12T21:53:00+00:00,2021-10-12T16:53:00-05:00,2021-10-12T15:53:00,FM-15,,T,1,TS -RA:02 |TS RA |RA,16.093,28.9,74.0,6.7
bergstrom,USW00013904,2021-10-12T22:24:00+00:00,2021-10-12T17:24:00-05:00,2021-10-12T16:24:00,FM-16,,,0,,16.093,28.3,74.0,5.7
bergstrom,USW00013904,2021-10-12T22:53:00+00:00,2021-10-12T17:53:00-05:00,2021-10-12T16:53:00,FM-15,,T,1,,16.093,27.2,77.0,5.1
bergstrom,USW00013904,2021-10-12T23:53:00+00:00,2021-10-12T18:53:00-05:00,2021-10-12T17:53:00,FM-15,0.0,0.0,0,,16.093,25.6,85.0,2.6
bergstrom,USW00013904,2021-10-13T00:53:00+00:00,2021-10-12T19:53:00-05:00,2021-10-12T18:53:00,FM-15,,T,1,-RA:02 |RA |RA,16.093,25.6,90.0,1.5
bergstrom,USW00013904,2021-10-13T01:53:00+00:00,2021-10-12T20:53:00-05:00,2021-10-12T19:53:00,FM-15,,T,1,||RA,16.093,25.6,87.0,3.6
bergstrom,USW00013904,2021-10-13T02:53:00+00:00,2021-10-12T21:53:00-05:00,2021-10-12T20:53:00,FM-15,,T,1,,16.093,25.6,90.0,8.2
bergstrom,USW00013904,2021-10-13T03:51:00+00:00,2021-10-12T22:51:00-05:00,2021-10-12T21:51:00,FM-16,,,0,,16.093,26.0,84.0,8.2
bergstrom,USW00013904,2021-10-13T03:53:00+00:00,2021-10-12T22:53:00-05:00,2021-10-12T21:53:00,FM-15,0.0,0.0,0,,16.093,25.6,87.0,7.2
bergstrom,USW00013904,2021-10-13T04:53:00+00:00,2021-10-12T23:53:00-05:00,2021-10-12T22:53:00,FM-15,0.0,0.0,0,,16.093,25.6,87.0,6.7
bergstrom,USW00013904,2021-10-13T05:53:00+00:00,2021-10-13T00:53:00-05:00,2021-10-12T23:53:00,FM-15,0.0,0.0,0,,16.093,25.6,87.0,6.7
bergstrom,USW00013904,2021-10-13T06:53:00+00:00,2021-10-13T01:53:00-05:00,2021-10-13T00:53:00,FM-15,0.0,0.0,0,,16.093,25.6,87.0,7.7
bergstrom,USW00013904,2021-10-13T07:53:00+00:00,2021-10-13T02:53:00-05:00,2021-10-13T01:53:00,FM-15,0.0,0.0,0,,16.093,25.6,87.0,5.7
bergstrom,USW00013904,2021-10-13T08:53:00+00:00,2021-10-13T03:53:00-05:00,2021-10-13T02:53:00,FM-15,0.0,0.0,0,,16.093,25.6,87.0,5.7
bergstrom,USW00013904,2021-10-13T09:53:00+00:00,2021-10-13T04:53:00-05:00,2021-10-13T03:53:00,FM-15,0.0,0.0,0,,16.093,25.6,87.0,6.2
bergstrom,USW00013904,2021-10-13T10:53:00+00:00,2021-10-13T05:53:00-05:00,2021-10-13T04:53:00,FM-15,0.0,0.0,0,,16.093,25.6,87.0,4.6
bergstrom,USW00013904,2021-10-13T11:53:00+00:00,2021-10-13T06:53:00-05:00,2021-10-13T05:53:00,FM-15,,T,1,,16.093,25.6,87.0,4.6
bergstrom,USW00013904,2021-10-13T12:51:00+00:00,2021-10-13T07:51:00-05:00,2021-10-13T06:51:00,FM-16,,,0,,16.093,25.0,89.0,5.1
bergstrom,USW00013904,2021-10-13T12:53:00+00:00,2021-10-13T07:53:00-05:00,2021-10-13T06:53:00,FM-15,0.0,0.0,0,,16.093,25.0,90.0,5.1
bergstrom,USW00013904,2021-10-13T13:53:00+00:00,2021-10-13T08:53:00-05:00,2021-10-13T07:53:00,FM-15,0.0,0.0,0,,16.093,26.1,85.0,6.2
bergstrom,USW00013904,2021-10-13T14:53:00+00:00,2021-10-13T09:53:00-05:00,2021-10-13T08:53:00,FM-15,0.0,0.0,0,,16.093,27.2,79.0,7.2
bergstrom,USW00013904,2021-10-13T15:35:00+00:00,2021-10-13T10:35:00-05:00,2021-10-13T09:35:00,FM-16,,,0,,16.093,28.3,74.0,7.7
bergstrom,USW00013904,2021-10-13T15:53:00+00:00,2021-10-13T10:53:00-05:00,2021-10-13T09:53:00,FM-15,0.0,0.0,0,,16.093,27.8,74.0,6.7
bergstrom,USW00013904,2021-10-13T16:43:00+00:00,2021-10-13T11:43:00-05:00,2021-10-13T10:43:00,FM-16,,,0,,16.093,28.3,72.0,7.2
bergstrom,USW00013904,2021-10-13T16:53:00+00:00,2021-10-13T11:53:00-05:00,2021-10-13T10:53:00,FM-15,0.0,0.0,0,,16.093,28.9,70.0,6.2
bergstrom,USW00013904,2021-10-13T17:53:00+00:00,2021-10-13T12:53:00-05:00,2021-10-13T11:53:00,FM-15,0.0,0.0,0,,16.093,30.6,63.0,6.2
bergstrom,USW00013904,2021-10-13T18:53:00+00:00,2021-10-13T13:53:00-05:00,2021-10-13T12:53:00,FM-15,0.0,0.0,0,,16.093,30.6,59.0,7.2
bergstrom,USW00013904,2021-10-13T19:53:00+00:00,2021-10-13T14:53:00-05:00,2021-10-13T13:53:00,FM-15,0.0,0.0,0,,16.093,30.0,61.0,5.7
bergstrom,USW00013904,2021-10-13T20:53:00+00:00,2021-10-13T15:53:00-05:00,2021-10-13T14:53:00,FM-15,,T,1,,16.093,29.4,61.0,6.2
bergstrom,USW00013904,2021-10-13T21:53:00+00:00,2021-10-13T16:53:00-05:00,2021-10-13T15:53:00,FM-15,,T,1,,16.093,30.0,61.0,4.6
bergstrom,USW00013904,2021-10-13T22:53:00+00:00,2021-10-13T17:53:00-05:00,2021-10-13T16:53:00,FM-15,0.0,0.0,0,,16.093,29.4,63.0,6.2
bergstrom,USW00013904,2021-10-13T23:53:00+00:00,2021-10-13T18:53:00-05:00,2021-10-13T17:53:00,FM-15,0.0,0.0,0,,16.093,28.3,67.0,4.6
bergstrom,USW00013904,2021-10-14T00:53:00+00:00,2021-10-13T19:53:00-05:00,2021-10-13T18:53:00,FM-15,0.0,0.0,0,,16.093,27.2,74.0,4.1
bergstrom,USW00013904,2021-10-14T01:53:00+00:00,2021-10-13T20:53:00-05:00,2021-10-13T19:53:00,FM-15,0.0,0.0,0,,16.093,27.2,74.0,4.1
bergstrom,USW00013904,2021-10-14T02:53:00+00:00,2021-10-13T21:53:00-05:00,2021-10-13T20:53:00,FM-15,0.0,0.0,0,,16.093,26.7,76.0,2.6
bergstrom,USW00013904,2021-10-14T03:17:00+00:00,2021-10-13T22:17:00-05:00,2021-10-13T21:17:00,FM-16,,,0,,16.093,21.7,84.0,8.8
bergstrom,USW00013904,2021-10-14T03:45:00+00:00,2021-10-13T22:45:00-05:00,2021-10-13T21:45:00,FM-16,,,1,TS RA:02 BR:1 |TS RA BR |RA,4.828,20.0,96.0,7.7
bergstrom,USW00013904,2021-10-14T03:53:00+00:00,2021-10-13T22:53:00-05:00,2021-10-13T21:53:00,FM-15,16.3,16.3,1,TS +RA:02 BR:1 |TS RA BR |RA,4.023,20.0,96.0,4.1
bergstrom,USW00013904,2021-10-14T04:08:00+00:00,2021-10-13T23:08:00-05:00,2021-10-13T22:08:00,FM-16,,,1,TS +RA:02 BR:1 |TS RA BR |RA,2.012,19.4,100.0,4.1
bergstrom,USW00013904,2021-10-14T04:28:00+00:00,2021-10-13T23:28:00-05:00,2021-10-13T22:28:00,FM-16,,,1,TS +RA:02 BR:1 |TS RA BR |RA,4.023,19.4,100.0,5.7
bergstrom,USW00013904,2021-10-14T04:51:00+00:00,2021-10-13T23:51:00-05:00,2021-10-13T22:51:00,FM-16,,,1,TS RA:02 BR:1 |TS RA BR |RA,9.656,20.0,100.0,3.6
bergstrom,USW00013904,2021-10-14T04:53:00+00:00,2021-10-13T23:53:00-05:00,2021-10-13T22:53:00,FM-15,37.1,37.1,1,TS RA:02 BR:1 |TS RA BR |RA,9.656,20.0,100.0,4.6
bergstrom,USW00013904,2021-10-14T05:15:00+00:00,2021-10-14T00:15:00-05:00,2021-10-13T23:15:00,FM-16,,,1,TS +RA:02 BR:1 |TS RA BR |RA,4.023,20.0,96.0,6.2
bergstrom,USW00013904,2021-10-14T05:43:00+00:00,2021-10-14T00:43:00-05:00,2021-10-13T23:43:00,FM-16,,,1,TS RA:02 BR:1 |TS RA BR |RA,9.656,19.4,100.0,2.6
bergstrom,USW00013904,2021-10-14T05:53:00+00:00,2021-10-14T00:53:00-05:00,2021-10-13T23:53:00,FM-15,20.6,20.6,1,TS RA:02 BR:1 |TS RA BR |RA,9.656,19.4,100.0,2.6
bergstrom,USW00013904,2021-10-14T06:42:00+00:00,2021-10-14T01:42:00-05:00,2021-10-14T00:42:00,FM-16,,,1,TS RA:02 |TS RA |RA,11.265,20.0,100.0,4.1
bergstrom,USW00013904,2021-10-14T06:53:00+00:00,2021-10-14T01:53:00-05:00,2021-10-14T00:53:00,FM-15,4.8,4.8,1,TS RA:02 |TS RA |RA,11.265,20.0,100.0,4.6
bergstrom,USW00013904,2021-10-14T07:16:00+00:00,2021-10-14T02:16:00-05:00,2021-10-14T01:16:00,FM-16,,,1,-RA:02 |RA |RA,16.093,20.0,100.0,4.1
bergstrom,USW00013904,2021-10-14T07:53:00+00:00,2021-10-14T02:53:00-05:00,2021-10-14T01:53:00,FM-15,0.3,0.3,1,,3.219,20.0,100.0,3.1
bergstrom,USW00013904,2021-10-14T08:24:00+00:00,2021-10-14T03:24:00-05:00,2021-10-14T02:24:00,FM-16,,,1,-RA:02 |RA |RA,3.219,20.6,100.0,2.1
bergstrom,USW00013904,2021-10-14T08:35:00+00:00,2021-10-14T03:35:00-05:00,2021-10-14T02:35:00,FM-16,,,1,TS +RA:02 BR:1 |TS RA BR |RA,3.219,20.6,100.0,3.6
bergstrom,USW00013904,2021-10-14T08:49:00+00:00,2021-10-14T03:49:00-05:00,2021-10-14T02:49:00,FM-16,,,1,TS -RA:02 BR:1 |TS RA BR |RA,3.219,21.0,100.0,3.1
bergstrom,USW00013904,2021-10-14T08:53:00+00:00,2021-10-14T03:53:00-05:00,2021-10-14T02:53:00,FM-15,7.9,7.9,1,TS -RA:02 BR:1 |TS RA BR |RA,3.219,21.1,97.0,1.5
bergstrom,USW00013904,2021-10-14T09:11:00+00:00,2021-10-14T04:11:00-05:00,2021-10-14T03:11:00,FM-16,,,1,-RA:02 |RA |RA,3.219,21.1,97.0,3.6
bergstrom,USW00013904,2021-10-14T09:19:00+00:00,2021-10-14T04:19:00-05:00,2021-10-14T03:19:00,FM-16,,,1,-RA:02 |RA |RA,16.093,21.1,97.0,3.1
bergstrom,USW00013904,2021-10-14T09:53:00+00:00,2021-10-14T04:53:00-05:00,2021-10-14T03:53:00,FM-15,,T,1,,16.093,21.1,97.0,3.6
bergstrom,USW00013904,2021-10-14T10:41:00+00:00,2021-10-14T05:41:00-05:00,2021-10-14T04:41:00,FM-16,,,0,,16.093,21.1,100.0,0.0
bergstrom,USW00013904,2021-10-14T10:53:00+00:00,2021-10-14T05:53:00-05:00,2021-10-14T04:53:00,FM-15,0.0,0.0,0,,16.093,21.1,100.0,2.6
bergstrom,USW00013904,2021-10-14T11:53:00+00:00,2021-10-14T06:53:00-05:00,2021-10-14T05:53:00,FM-15,0.0,0.0,0,,16.093,21.7,96.0,2.6
bergstrom,USW00013904,2021-10-14T12:19:00+00:00,2021-10-14T07:19:00-05:00,2021-10-14T06:19:00,FM-16,,,0,,16.093,21.7,96.0,1.5
bergstrom,USW00013904,2021-10-14T12:53:00+00:00,2021-10-14T07:53:00-05:00,2021-10-14T06:53:00,FM-15,0.0,0.0,0,,16.093,21.7,96.0,0.0
bergstrom,USW00013904,2021-10-14T13:28:00+00:00,2021-10-14T08:28:00-05:00,2021-10-14T07:28:00,FM-16,,,0,,16.093,22.2,94.0,2.1
bergstrom,USW00013904,2021-10-14T13:53:00+00:00,2021-10-14T08:53:00-05:00,2021-10-14T07:53:00,FM-15,0.0,0.0,0,,16.093,22.2,97.0,3.1
bergstrom,USW00013904,2021-10-14T14:53:00+00:00,2021-10-14T09:53:00-05:00,2021-10-14T08:53:00,FM-15,0.0,0.0,0,,16.093,22.8,94.0,2.6
bergstrom,USW00013904,2021-10-14T15:40:00+00:00,2021-10-14T10:40:00-05:00,2021-10-14T09:40:00,FM-16,,,0,,16.093,23.3,91.0,0.0
bergstrom,USW00013904,2021-10-14T15:53:00+00:00,2021-10-14T10:53:00-05:00,2021-10-14T09:53:00,FM-15,0.0,0.0,0,,16.093,23.3,91.0,0.0
bergstrom,USW00013904,2021-10-14T16:53:00+00:00,2021-10-14T11:53:00-05:00,2021-10-14T10:53:00,FM-15,0.0,0.0,0,,16.093,23.9,88.0,2.1
bergstrom,USW00013904,2021-10-14T17:53:00+00:00,2021-10-14T12:53:00-05:00,2021-10-14T11:53:00,FM-15,0.0,0.0,0,,16.093,25.0,82.0,1.5
bergstrom,USW00013904,2021-10-14T18:53:00+00:00,2021-10-14T13:53:00-05:00,2021-10-14T12:53:00,FM-15,0.0,0.0,0,,16.093,23.9,88.0,4.1
bergstrom,USW00013904,2021-10-14T19:33:00+00:00,2021-10-14T14:33:00-05:00,2021-10-14T13:33:00,FM-16,,,0,,16.093,24.4,85.0,2.6
bergstrom,USW00013904,2021-10-14T19:53:00+00:00,2021-10-14T14:53:00-05:00,2021-10-14T13:53:00,FM-15,,T,1,,16.093,24.4,85.0,4.1
bergstrom,USW00013904,2021-10-14T20:51:00+00:00,2021-10-14T15:51:00-05:00,2021-10-14T14:51:00,FM-16,,,0,,16.093,26.0,79.0,3.1
bergstrom,USW00013904,2021-10-14T20:53:00+00:00,2021-10-14T15:53:00-05:00,2021-10-14T14:53:00,FM-15,0.0,0.0,0,,16.093,26.1,77.0,3.1
bergstrom,USW00013904,2021-10-14T21:53:00+00:00,2021-10-14T16:53:00-05:00,2021-10-14T15:53:00,FM-15,0.0,0.0,0,,16.093,26.1,77.0,2.1
bergstrom,USW00013904,2021-10-14T22:40:00+00:00,2021-10-14T17:40:00-05:00,2021-10-14T16:40:00,FM-16,,,0,,16.093,26.1,79.0,0.0
bergstrom,USW00013904,2021-10-14T22:53:00+00:00,2021-10-14T17:53:00-05:00,2021-10-14T16:53:00,FM-15,0.0,0.0,0,,16.093,25.6,79.0,0.0
bergstrom,USW00013904,2021-10-14T23:30:00+00:00,2021-10-14T18:30:00-05:00,2021-10-14T17:30:00,FM-16,,,0,,16.093,26.1,79.0,0.0
bergstrom,USW00013904,2021-10-14T23:53:00+00:00,2021-10-14T18:53:00-05:00,2021-10-14T17:53:00,FM-15,0.0,0.0,0,,16.093,25.0,82.0,2.1
bergstrom,USW00013904,2021-10-15T00:53:00+00:00,2021-10-14T19:53:00-05:00,2021-10-14T18:53:00,FM-15,0.0,0.0,0,,16.093,22.2,97.0,0.0
bergstrom,USW00013904,2021-10-15T01:53:00+00:00,2021-10-14T20:53:00-05:00,2021-10-14T19:53:00,FM-15,0.0,0.0,0,,16.093,20.6,96.0,0.0
bergstrom,USW00013904,2021-10-15T02:53:00+00:00,2021-10-14T21:53:00-05:00,2021-10-14T20:53:00,FM-15,0.0,0.0,0,BCFG:2 |FG |,16.093,19.4,100.0,0.0
bergstrom,USW00013904,2021-10-15T03:53:00+00:00,2021-10-14T22:53:00-05:00,2021-10-14T21:53:00,FM-15,0.0,0.0,0,BCFG:2 |FG |,16.093,19.4,100.0,0.0
bergstrom,USW00013904,2021-10-15T04:53:00+00:00,2021-10-14T23:53:00-05:00,2021-10-14T22:53:00,FM-15,0.0,0.0,0,,16.093,19.4,100.0,0.0
bergstrom,USW00013904,2021-10-15T05:53:00+00:00,2021-10-15T00:53:00-05:00,2021-10-14T23:53:00,FM-15,0.0,0.0,0,,16.093,18.3,100.0,1.5
bergstrom,USW00013904,2021-10-15T06:24:00+00:00,2021-10-15T01:24:00-05:00,2021-10-15T00:24:00,FM-16,,,0,BCFG:2 |FG |,16.093,18.3,100.0,0.0
bergstrom,USW00013904,2021-10-15T06:53:00+00:00,2021-10-15T01:53:00-05:00,2021-10-15T00:53:00,FM-15,0.0,0.0,0,BCFG:2 |FG |,16.093,18.9,100.0,0.0
bergstrom,USW00013904,2021-10-15T07:53:00+00:00,2021-10-15T02:53:00-05:00,2021-10-15T01:53:00,FM-15,0.0,0.0,0,BCFG:2 |FG |,16.093,17.8,100.0,0.0
bergstrom,USW00013904,2021-10-15T08:53:00+00:00,2021-10-15T03:53:00-05:00,2021-10-15T02:53:00,FM-15,0.0,0.0,0,BCFG:2 |FG |,11.265,18.3,100.0,0.0
bergstrom,USW00013904,2021-10-15T09:16:00+00:00,2021-10-15T04:16:00-05:00,2021-10-15T03:16:00,FM-16,,,0,BR:1 |BR |,4.023,18.3,100.0,0.0
bergstrom,USW00013904,2021-10-15T09:37:00+00:00,2021-10-15T04:37:00-05:00,2021-10-15T03:37:00,FM-16,,,0,BR:1 |BR |,6.437,18.9,100.0,0.0
bergstrom,USW00013904,2021-10-15T09:53:00+00:00,2021-10-15T04:53:00-05:00,2021-10-15T03:53:00,FM-15,0.0,0.0,0,BR:1 |BR |,6.437,18.3,100.0,0.0
bergstrom,USW00013904,2021-10-15T10:19:00+00:00,2021-10-15T05:19:00-05:00,2021-10-15T04:19:00,FM-16,,,0,,14.484,18.9,100.0,0.0
bergstrom,USW00013904,2021-10-15T10:53:00+00:00,2021-10-15T05:53:00-05:00,2021-10-15T04:53:00,FM-15,0.0,0.0,0,,12.875,18.3,100.0,0.0
bergstrom,USW00013904,2021-10-15T11:09:00+00:00,2021-10-15T06:09:00-05:00,2021-10-15T05:09:00,FM-16,,,0,BCFG:2 |FG |,9.656,17.8,100.0,0.0
bergstrom,USW00013904,2021-10-15T11:28:00+00:00,2021-10-15T06:28:00-05:00,2021-10-15T05:28:00,FM-16,,,0,BCFG:2 |FG |,9.656,20.0,96.0,0.0
bergstrom,USW00013904,2021-10-15T11:53:00+00:00,2021-10-15T06:53:00-05:00,2021-10-15T05:53:00,FM-15,0.0,0.0,0,BCFG:2 |FG |,8.047,20.0,96.0,0.0
bergstrom,USW00013904,2021-10-15T12:53:00+00:00,2021-10-15T07:53:00-05:00,2021-10-15T06:53:00,FM-15,0.0,0.0,0,,12.875,20.6,96.0,0.0
bergstrom,USW00013904,2021-10-15T13:53:00+00:00,2021-10-15T08:53:00-05:00,2021-10-15T07:53:00,FM-15,,T,1,,14.484,22.2,97.0,1.5
bergstrom,USW00013904,2021-10-15T14:16:00+00:00,2021-10-15T09:16:00-05:00,2021-10-15T08:16:00,FM-16,,,0,,16.093,23.3,94.0,0.0
bergstrom,USW00013904,2021-10-15T14:51:00+00:00,2021-10-15T09:51:00-05:00,2021-10-15T08:51:00,FM-16,,,0,,16.093,24.0,94.0,2.1
bergstrom,USW00013904,2021-10-15T14:53:00+00:00,2021-10-15T09:53:00-05:00,2021-10-15T08:53:00,FM-15,0.0,0.0,0,,16.093,24.4,94.0,0.0
bergstrom,USW00013904,2021-10-15T15:53:00+00:00,2021-10-15T10:53:00-05:00,2021-10-15T09:53:00,FM-15,0.0,0.0,0,,16.093,26.7,82.0,2.6
bergstrom,USW00013904,2021-10-15T16:00:00+00:00,2021-10-15T11:00:00-05:00,2021-10-15T10:00:00,FM-16,,,0,,16.093,26.7,82.0,3.1
bergstrom,USW00013904,2021-10-15T16:23:00+00:00,2021-10-15T11:23:00-05:00,2021-10-15T10:23:00,FM-16,,,0,,16.093,27.8,77.0,3.1
bergstrom,USW00013904,2021-10-15T16:53:00+00:00,2021-10-15T11:53:00-05:00,2021-10-15T10:53:00,FM-15,0.0,0.0,0,,16.093,29.4,68.0,2.1
bergstrom,USW00013904,2021-10-15T17:53:00+00:00,2021-10-15T12:53:00-05:00,2021-10-15T11:53:00,FM-15,0.0,0.0,0,,16.093,29.4,63.0,0.0
bergstrom,USW00013904,2021-10-15T18:53:00+00:00,2021-10-15T13:53:00-05:00,2021-10-15T12:53:00,FM-15,0.0,0.0,0,,16.093,31.1,55.0,4.1
bergstrom,USW00013904,2021-10-15T19:53:00+00:00,2021-10-15T14:53:00-05:00,2021-10-15T13:53:00,FM-15,0.0,0.0,0,,16.093,30.6,57.0,2.6
bergstrom,USW00013904,2021-10-15T20:53:00+00:00,2021-10-15T15:53:00-05:00,2021-10-15T14:53:00,FM-15,,T,1,,16.093,27.8,46.0,7.7
bergstrom,USW00013904,2021-10-15T21:53:00+00:00,2021-10-15T16:53:00-05:00,2021-10-15T15:53:00,FM-15,0.0,0.0,0,,16.093,26.1,52.0,9.3
bergstrom,USW00013904,2021-10-15T22:53:00+00:00,2021-10-15T17:53:00-05:00,2021-10-15T16:53:00,FM-15,0.0,0.0,0,,16.093,25.6,50.0,9.3
bergstrom,USW00013904,2021-10-15T23:53:00+00:00,2021-10-15T18:53:00-05:00,2021-10-15T17:53:00,FM-15,0.0,0.0,0,,16.093,22.8,57.0,7.2
bergstrom,USW00013904,2021-10-16T00:53:00+00:00,2021-10-15T19:53:00-05:00,2021-10-15T18:53:00,FM-15,0.0,0.0,0,,16.093,22.2,57.0,5.7
bergstrom,USW00013904,2021-10-16T01:53:00+00:00,2021-10-15T20:53:00-05:00,2021-10-15T19:53:00,FM-15,0.0,0.0,0,,16.093,21.1,59.0,9.3
bergstrom,USW00013904,2021-10-16T02:53:00+00:00,2021-10-15T21:53:00-05:00,2021-10-15T20:53:00,FM-15,0.0,0.0,0,,16.093,20.6,53.0,7.2
bergstrom,USW00013904,2021-10-16T03:53:00+00:00,2021-10-15T22:53:00-05:00,2021-10-15T21:53:00,FM-15,,T,1,,16.093,20.0,51.0,7.7
bergstrom,USW00013904,2021-10-16T04:53:00+00:00,2021-10-15T23:53:00-05:00,2021-10-15T22:53:00,FM-15,0.0,0.0,0,,16.093,18.9,50.0,7.7
bergstrom,USW00013904,2021-10-16T05:53:00+00:00,2021-10-16T00:53:00-05:00,2021-10-15T23:53:00,FM-15,0.0,0.0,0,,16.093,17.8,52.0,6.7
bergstrom,USW00013904,2021-10-16T06:53:00+00:00,2021-10-16T01:53:00-05:00,2021-10-16T00:53:00,FM-15,0.0,0.0,0,,16.093,17.2,52.0,7.2
bergstrom,USW00013904,2021-10-16T07:53:00+00:00,2021-10-16T02:53:00-05:00,2021-10-16T01:53:00,FM-15,0.0,0.0,0,,16.093,16.1,54.0,7.2
bergstrom,USW00013904,2021-10-16T08:53:00+00:00,2021-10-16T03:53:00-05:00,2021-10-16T02:53:00,FM-15,0.0,0.0,0,,16.093,16.1,52.0,7.2
bergstrom,USW00013904,2021-10-16T09:53:00+00:00,2021-10-16T04:53:00-05:00,2021-10-16T03:53:00,FM-15,0.0,0.0,0,,16.093,15.6,53.0,6.7
bergstrom,USW00013904,2021-10-16T10:53:00+00:00,2021-10-16T05:53:00-05:00,2021-10-16T04:53:00,FM-15,0.0,0.0,0,,16.093,13.9,62.0,6.2
bergstrom,USW00013904,2021-10-16T11:53:00+00:00,2021-10-16T06:53:00-05:00,2021-10-16T05:53:00,FM-15,0.0,0.0,0,,16.093,13.9,60.0,4.6
bergstrom,USW00013904,2021-10-16T12:53:00+00:00,2021-10-16T07:53:00-05:00,2021-10-16T06:53:00,FM-15,0.0,0.0,0,,16.093,13.9,62.0,4.6
bergstrom,USW00013904,2021-10-16T13:53:00+00:00,2021-10-16T08:53:00-05:00,2021-10-16T07:53:00,FM-15,0.0,0.0,0,,16.093,15.6,56.0,5.1
bergstrom,USW00013904,2021-10-16T14:53:00+00:00,2021-10-16T09:53:00-05:00,2021-10-16T08:53:00,FM-15,0.0,0.0,0,,16.093,18.3,47.0,7.2
bergstrom,USW00013904,2021-10-16T15:53:00+00:00,2021-10-16T10:53:00-05:00,2021-10-16T09:53:00,FM-15,0.0,0.0,0,,16.093,20.0,40.0,7.2
bergstrom,USW00013904,2021-10-16T16:53:00+00:00,2021-10-16T11:53:00-05:00,2021-10-16T10:53:00,FM-15,0.0,0.0,0,,16.093,20.6,35.0,7.2
bergstrom,USW00013904,2021-10-16T17:53:00+00:00,2021-10-16T12:53:00-05:00,2021-10-16T11:53:00,FM-15,0.0,0.0,0,,16.093,21.7,31.0,8.2
bergstrom,USW00013904,2021-10-16T18:53:00+00:00,2021-10-16T13:53:00-05:00,2021-10-16T12:53:00,FM-15,0.0,0.0,0,,16.093,22.2,30.0,7.2
bergstrom,USW00013904,2021-10-16T19:53:00+00:00,2021-10-16T14:53:00-05:00,2021-10-16T13:53:00,FM-15,0.0,0.0,0,,16.093,22.8,29.0,5.7
bergstrom,USW00013904,2021-10-16T20:53:00+00:00,2021-10-16T15:53:00-05:00,2021-10-16T14:53:00,FM-15,0.0,0.0,0,,16.093,23.3,27.0,5.1
bergstrom,USW00013904,2021-10-16T21:53:00+00:00,2021-10-16T16:53:00-05:00,2021-10-16T15:53:00,FM-15,0.0,0.0,0,,16.093,22.8,28.0,5.7
bergstrom,USW00013904,2021-10-16T22:53:00+00:00,2021-10-16T17:53:00-05:00,2021-10-16T16:53:00,FM-15,0.0,0.0,0,,16.093,21.7,28.0,6.2
bergstrom,USW00013904,2021-10-16T23:53:00+00:00,2021-10-16T18:53:00-05:00,2021-10-16T17:53:00,FM-15,0.0,0.0,0,,16.093,19.4,32.0,6.2
bergstrom,USW00013904,2021-10-17T00:53:00+00:00,2021-10-16T19:53:00-05:00,2021-10-16T18:53:00,FM-15,0.0,0.0,0,,16.093,13.9,53.0,3.6
bergstrom,USW00013904,2021-10-17T01:53:00+00:00,2021-10-16T20:53:00-05:00,2021-10-16T19:53:00,FM-15,0.0,0.0,0,,16.093,12.8,64.0,2.6
bergstrom,USW00013904,2021-10-17T02:53:00+00:00,2021-10-16T21:53:00-05:00,2021-10-16T20:53:00,FM-15,0.0,0.0,0,,16.093,11.1,77.0,0.0
bergstrom,USW00013904,2021-10-17T03:53:00+00:00,2021-10-16T22:53:00-05:00,2021-10-16T21:53:00,FM-15,0.0,0.0,0,,16.093,10.0,89.0,0.0
bergstrom,USW00013904,2021-10-17T04:53:00+00:00,2021-10-16T23:53:00-05:00,2021-10-16T22:53:00,FM-15,0.0,0.0,0,,16.093,10.0,89.0,0.0
bergstrom,USW00013904,2021-10-17T05:53:00+00:00,2021-10-17T00:53:00-05:00,2021-10-16T23:53:00,FM-15,0.0,0.0,0,,16.093,9.4,90.0,1.5
bergstrom,USW00013904,2021-10-17T06:53:00+00:00,2021-10-17T01:53:00-05:00,2021-10-17T00:53:00,FM-15,0.0,0.0,0,,16.093,10.0,83.0,2.1
bergstrom,USW00013904,2021-10-17T07:53:00+00:00,2021-10-17T02:53:00-05:00,2021-10-17T01:53:00,FM-15,0.0,0.0,0,,16.093,10.0,80.0,0.0
bergstrom,USW00013904,2021-10-17T08:53:00+00:00,2021-10-17T03:53:00-05:00,2021-10-17T02:53:00,FM-15,0.0,0.0,0,,16.093,7.8,93.0,0.0
bergstrom,USW00013904,2021-10-17T09:53:00+00:00,2021-10-17T04:53:00-05:00,2021-10-17T03:53:00,FM-15,0.0,0.0,0,,16.093,8.3,93.0,0.0
bergstrom,USW00013904,2021-10-17T10:53:00+00:00,2021-10-17T05:53:00-05:00,2021-10-17T04:53:00,FM-15,0.0,0.0,0,,16.093,8.3,93.0,1.5
bergstrom,USW00013904,2021-10-17T11:53:00+00:00,2021-10-17T06:53:00-05:00,2021-10-17T05:53:00,FM-15,0.0,0.0,0,,16.093,9.4,86.0,2.6
bergstrom,USW00013904,2021-10-17T12:53:00+00:00,2021-10-17T07:53:00-05:00,2021-10-17T06:53:00,FM-15,0.0,0.0,0,,16.093,8.9,89.0,1.5
bergstrom,USW00013904,2021-10-17T13:53:00+00:00,2021-10-17T08:53:00-05:00,2021-10-17T07:53:00,FM-15,0.0,0.0,0,,16.093,13.3,75.0,0.0
bergstrom,USW00013904,2021-10-17T14:53:00+00:00,2021-10-17T09:53:00-05:00,2021-10-17T08:53:00,FM-15,0.0,0.0,0,,16.093,14.4,62.0,3.1
bergstrom,USW00013904,2021-10-17T15:53:00+00:00,2021-10-17T10:53:00-05:00,2021-10-17T09:53:00,FM-15,0.0,0.0,0,,16.093,18.3,42.0,0.0
bergstrom,USW00013904,2021-10-17T16:53:00+00:00,2021-10-17T11:53:00-05:00,2021-10-17T10:53:00,FM-15,0.0,0.0,0,,16.093,20.0,36.0,2.6
bergstrom,USW00013904,2021-10-17T17:53:00+00:00,2021-10-17T12:53:00-05:00,2021-10-17T11:53:00,FM-15,0.0,0.0,0,,16.093,21.7,27.0,4.1
bergstrom,USW00013904,2021-10-17T18:53:00+00:00,2021-10-17T13:53:00-05:00,2021-10-17T12:53:00,FM-15,0.0,0.0,0,,16.093,21.7,28.0,2.1
bergstrom,USW00013904,2021-10-17T19:53:00+00:00,2021-10-17T14:53:00-05:00,2021-10-17T13:53:00,FM-15,0.0,0.0,0,,16.093,22.8,28.0,2.1
bergstrom,USW00013904,2021-10-17T20:53:00+00:00,2021-10-17T15:53:00-05:00,2021-10-17T14:53:00,FM-15,0.0,0.0,0,,16.093,22.8,29.0,2.1
bergstrom,USW00013904,2021-10-17T21:53:00+00:00,2021-10-17T16:53:00-05:00,2021-10-17T15:53:00,FM-15,0.0,0.0,0,,16.093,22.8,29.0,0.0
bergstrom,USW00013904,2021-10-17T22:53:00+00:00,2021-10-17T17:53:00-05:00,2021-10-17T16:53:00,FM-15,0.0,0.0,0,,16.093,22.2,30.0,2.1
bergstrom,USW00013904,2021-10-17T23:53:00+00:00,2021-10-17T18:53:00-05:00,2021-10-17T17:53:00,FM-15,0.0,0.0,0,,16.093,19.4,42.0,3.1
bergstrom,USW00013904,2021-10-18T00:53:00+00:00,2021-10-17T19:53:00-05:00,2021-10-17T18:53:00,FM-15,0.0,0.0,0,,16.093,14.4,65.0,0.0
bergstrom,USW00013904,2021-10-18T01:53:00+00:00,2021-10-17T20:53:00-05:00,2021-10-17T19:53:00,FM-15,0.0,0.0,0,,16.093,13.9,69.0,0.0
bergstrom,USW00013904,2021-10-18T02:53:00+00:00,2021-10-17T21:53:00-05:00,2021-10-17T20:53:00,FM-15,0.0,0.0,0,,16.093,12.2,77.0,0.0
bergstrom,USW00013904,2021-10-18T03:53:00+00:00,2021-10-17T22:53:00-05:00,2021-10-17T21:53:00,FM-15,0.0,0.0,0,,16.093,13.9,67.0,0.0
bergstrom,USW00013904,2021-10-18T04:53:00+00:00,2021-10-17T23:53:00-05:00,2021-10-17T22:53:00,FM-15,0.0,0.0,0,,16.093,10.6,86.0,0.0
bergstrom,USW00013904,2021-10-18T05:53:00+00:00,2021-10-18T00:53:00-05:00,2021-10-17T23:53:00,FM-15,0.0,0.0,0,,16.093,10.0,89.0,0.0
bergstrom,USW00013904,2021-10-18T06:53:00+00:00,2021-10-18T01:53:00-05:00,2021-10-18T00:53:00,FM-15,0.0,0.0,0,,16.093,9.4,90.0,0.0
bergstrom,USW00013904,2021-10-18T07:53:00+00:00,2021-10-18T02:53:00-05:00,2021-10-18T01:53:00,FM-15,0.0,0.0,0,,16.093,8.9,96.0,0.0
bergstrom,USW00013904,2021-10-18T08:53:00+00:00,2021-10-18T03:53:00-05:00,2021-10-18T02:53:00,FM-15,0.0,0.0,0,,16.093,7.8,93.0,0.0
bergstrom,USW00013904,2021-10-18T09:53:00+00:00,2021-10-18T04:53:00-05:00,2021-10-18T03:53:00,FM-15,0.0,0.0,0,,16.093,7.2,97.0,0.0
bergstrom,USW00013904,2021-10-18T10:53:00+00:00,2021-10-18T05:53:00-05:00,2021-10-18T04:53:00,FM-15,0.0,0.0,0,,16.093,7.2,97.0,0.0
bergstrom,USW00013904,2021-10-18T11:53:00+00:00,2021-10-18T06:53:00-05:00,2021-10-18T05:53:00,FM-15,0.0,0.0,0,,16.093,7.2,97.0,0.0
bergstrom,USW00013904,2021-10-18T12:53:00+00:00,2021-10-18T07:53:00-05:00,2021-10-18T06:53:00,FM-15,0.0,0.0,0,,16.093,7.2,97.0,0.0
bergstrom,USW00013904,2021-10-18T13:53:00+00:00,2021-10-18T08:53:00-05:00,2021-10-18T07:53:00,FM-15,0.0,0.0,0,,16.093,11.7,89.0,0.0
bergstrom,USW00013904,2021-10-18T14:53:00+00:00,2021-10-18T09:53:00-05:00,2021-10-18T08:53:00,FM-15,0.0,0.0,0,,16.093,15.6,67.0,0.0
bergstrom,USW00013904,2021-10-18T15:53:00+00:00,2021-10-18T10:53:00-05:00,2021-10-18T09:53:00,FM-15,0.0,0.0,0,,16.093,20.0,55.0,4.1
bergstrom,USW00013904,2021-10-18T16:53:00+00:00,2021-10-18T11:53:00-05:00,2021-10-18T10:53:00,FM-15,0.0,0.0,0,,16.093,21.1,44.0,4.1
bergstrom,USW00013904,2021-10-18T17:53:00+00:00,2021-10-18T12:53:00-05:00,2021-10-18T11:53:00,FM-15,0.0,0.0,0,,16.093,22.8,40.0,4.6
bergstrom,USW00013904,2021-10-18T18:53:00+00:00,2021-10-18T13:53:00-05:00,2021-10-18T12:53:00,FM-15,0.0,0.0,0,,16.093,23.9,36.0,4.1
bergstrom,USW00013904,2021-10-18T19:53:00+00:00,2021-10-18T14:53:00-05:00,2021-10-18T13:53:00,FM-15,0.0,0.0,0,,16.093,24.4,36.0,3.6
bergstrom,USW00013904,2021-10-18T20:53:00+00:00,2021-10-18T15:53:00-05:00,2021-10-18T14:53:00,FM-15,0.0,0.0,0,,16.093,24.4,37.0,3.6
bergstrom,USW00013904,2021-10-18T21:53:00+00:00,2021-10-18T16:53:00-05:00,2021-10-18T15:53:00,FM-15,0.0,0.0,0,,16.093,25.0,37.0,3.6
bergstrom,USW00013904,2021-10-18T22:53:00+00:00,2021-10-18T17:53:00-05:00,2021-10-18T16:53:00,FM-15,0.0,0.0,0,,16.093,23.9,40.0,4.6
bergstrom,USW00013904,2021-10-18T23:53:00+00:00,2021-10-18T18:53:00-05:00,2021-10-18T17:53:00,FM-15,0.0,0.0,0,,16.093,21.1,49.0,3.1
bergstrom,USW00013904,2021-10-19T00:53:00+00:00,2021-10-18T19:53:00-05:00,2021-10-18T18:53:00,FM-15,0.0,0.0,0,,16.093,19.4,59.0,3.1
bergstrom,USW00013904,2021-10-19T01:53:00+00:00,2021-10-18T20:53:00-05:00,2021-10-18T19:53:00,FM-15,0.0,0.0,0,,16.093,18.3,63.0,2.6
bergstrom,USW00013904,2021-10-19T02:53:00+00:00,2021-10-18T21:53:00-05:00,2021-10-18T20:53:00,FM-15,0.0,0.0,0,,16.093,17.8,68.0,3.6
bergstrom,USW00013904,2021-10-19T03:53:00+00:00,2021-10-18T22:53:00-05:00,2021-10-18T21:53:00,FM-15,0.0,0.0,0,,16.093,15.0,81.0,2.6
bergstrom,USW00013904,2021-10-19T04:53:00+00:00,2021-10-18T23:53:00-05:00,2021-10-18T22:53:00,FM-15,0.0,0.0,0,,16.093,13.9,87.0,2.1
bergstrom,USW00013904,2021-10-19T05:53:00+00:00,2021-10-19T00:53:00-05:00,2021-10-18T23:53:00,FM-15,0.0,0.0,0,,16.093,13.9,90.0,2.6
bergstrom,USW00013904,2021-10-19T06:53:00+00:00,2021-10-19T01:53:00-05:00,2021-10-19T00:53:00,FM-15,0.0,0.0,0,,16.093,13.9,90.0,1.5
bergstrom,USW00013904,2021-10-19T07:53:00+00:00,2021-10-19T02:53:00-05:00,2021-10-19T01:53:00,FM-15,0.0,0.0,0,,16.093,12.2,97.0,0.0
bergstrom,USW00013904,2021-10-19T08:53:00+00:00,2021-10-19T03:53:00-05:00,2021-10-19T02:53:00,FM-15,0.0,0.0,0,,16.093,10.6,96.0,0.0
bergstrom,USW00013904,2021-10-19T09:53:00+00:00,2021-10-19T04:53:00-05:00,2021-10-19T03:53:00,FM-15,0.0,0.0,0,,16.093,11.7,96.0,0.0
bergstrom,USW00013904,2021-10-19T10:53:00+00:00,2021-10-19T05:53:00-05:00,2021-10-19T04:53:00,FM-15,0.0,0.0,0,,16.093,11.7,96.0,0.0
bergstrom,USW00013904,2021-10-19T11:53:00+00:00,2021-10-19T06:53:00-05:00,2021-10-19T05:53:00,FM-15,0.0,0.0,0,,12.875,11.1,97.0,0.0
bergstrom,USW00013904,2021-10-19T12:53:00+00:00,2021-10-19T07:53:00-05:00,2021-10-19T06:53:00,FM-15,0.0,0.0,0,BCFG:2 |FG |,14.484,11.7,96.0,0.0
bergstrom,USW00013904,2021-10-19T13:53:00+00:00,2021-10-19T08:53:00-05:00,2021-10-19T07:53:00,FM-15,0.0,0.0,0,,16.093,15.6,90.0,0.0
bergstrom,USW00013904,2021-10-19T14:53:00+00:00,2021-10-19T09:53:00-05:00,2021-10-19T08:53:00,FM-15,0.0,0.0,0,,16.093,19.4,73.0,3.6
bergstrom,USW00013904,2021-10-19T15:53:00+00:00,2021-10-19T10:53:00-05:00,2021-10-19T09:53:00,FM-15,0.0,0.0,0,,16.093,22.8,64.0,4.6
bergstrom,USW00013904,2021-10-19T16:53:00+00:00,2021-10-19T11:53:00-05:00,2021-10-19T10:53:00,FM-15,0.0,0.0,0,,16.093,24.4,60.0,5.7
bergstrom,USW00013904,2021-10-19T17:53:00+00:00,2021-10-19T12:53:00-05:00,2021-10-19T11:53:00,FM-15,0.0,0.0,0,,16.093,25.6,58.0,4.1
bergstrom,USW00013904,2021-10-19T18:53:00+00:00,2021-10-19T13:53:00-05:00,2021-10-19T12:53:00,FM-15,0.0,0.0,0,,16.093,26.7,52.0,4.6
bergstrom,USW00013904,2021-10-19T19:53:00+00:00,2021-10-19T14:53:00-05:00,2021-10-19T13:53:00,FM-15,0.0,0.0,0,,16.093,27.8,49.0,5.7
bergstrom,USW00013904,2021-10-19T20:53:00+00:00,2021-10-19T15:53:00-05:00,2021-10-19T14:53:00,FM-15,0.0,0.0,0,,16.093,27.8,44.0,4.6
bergstrom,USW00013904,2021-10-19T21:53:00+00:00,2021-10-19T16:53:00-05:00,2021-10-19T15:53:00,FM-15,0.0,0.0,0,,16.093,28.3,44.0,6.7
bergstrom,USW00013904,2021-10-19T22:53:00+00:00,2021-10-19T17:53:00-05:00,2021-10-19T16:53:00,FM-15,0.0,0.0,0,,16.093,27.2,47.0,5.1
bergstrom,USW00013904,2021-10-19T23:53:00+00:00,2021-10-19T18:53:00-05:00,2021-10-19T17:53:00,FM-15,0.0,0.0,0,,16.093,25.0,54.0,3.6
bergstrom,USW00013904,2021-10-20T00:53:00+00:00,2021-10-19T19:53:00-05:00,2021-10-19T18:53:00,FM-15,0.0,0.0,0,,16.093,23.3,62.0,3.6
bergstrom,USW00013904,2021-10-20T01:53:00+00:00,2021-10-19T20:53:00-05:00,2021-10-19T19:53:00,FM-15,0.0,0.0,0,,16.093,22.8,66.0,4.1
bergstrom,USW00013904,2021-10-20T02:53:00+00:00,2021-10-19T21:53:00-05:00,2021-10-19T20:53:00,FM-15,0.0,0.0,0,,16.093,21.7,73.0,4.6
bergstrom,USW00013904,2021-10-20T03:53:00+00:00,2021-10-19T22:53:00-05:00,2021-10-19T21:53:00,FM-15,0.0,0.0,0,,16.093,20.6,81.0,4.6
bergstrom,USW00013904,2021-10-20T04:53:00+00:00,2021-10-19T23:53:00-05:00,2021-10-19T22:53:00,FM-15,0.0,0.0,0,,16.093,19.4,87.0,4.1
bergstrom,USW00013904,2021-10-20T05:53:00+00:00,2021-10-20T00:53:00-05:00,2021-10-19T23:53:00,FM-15,0.0,0.0,0,,16.093,18.3,90.0,1.5
bergstrom,USW00013904,2021-10-20T06:53:00+00:00,2021-10-20T01:53:00-05:00,2021-10-20T00:53:00,FM-15,0.0,0.0,0,,16.093,16.7,96.0,1.5
bergstrom,USW00013904,2021-10-20T07:28:00+00:00,2021-10-20T02:28:00-05:00,2021-10-20T01:28:00,FM-16,,,0,,16.093,15.6,100.0,0.0
bergstrom,USW00013904,2021-10-20T07:51:00+00:00,2021-10-20T02:51:00-05:00,2021-10-20T01:51:00,FM-16,,,0,,16.093,16.0,100.0,0.0
bergstrom,USW00013904,2021-10-20T07:53:00+00:00,2021-10-20T02:53:00-05:00,2021-10-20T01:53:00,FM-15,0.0,0.0,0,,16.093,16.1,97.0,0.0
bergstrom,USW00013904,2021-10-20T08:14:00+00:00,2021-10-20T03:14:00-05:00,2021-10-20T02:14:00,FM-16,,,0,,14.484,16.7,100.0,0.0
bergstrom,USW00013904,2021-10-20T08:53:00+00:00,2021-10-20T03:53:00-05:00,2021-10-20T02:53:00,FM-15,0.0,0.0,0,,14.484,17.2,97.0,0.0
bergstrom,USW00013904,2021-10-20T09:32:00+00:00,2021-10-20T04:32:00-05:00,2021-10-20T03:32:00,FM-16,,,0,,14.484,17.2,100.0,0.0
bergstrom,USW00013904,2021-10-20T09:51:00+00:00,2021-10-20T04:51:00-05:00,2021-10-20T03:51:00,FM-16,,,0,,16.093,17.0,94.0,0.0
bergstrom,USW00013904,2021-10-20T09:53:00+00:00,2021-10-20T04:53:00-05:00,2021-10-20T03:53:00,FM-15,0.0,0.0,0,,16.093,16.7,96.0,0.0
bergstrom,USW00013904,2021-10-20T10:53:00+00:00,2021-10-20T05:53:00-05:00,2021-10-20T04:53:00,FM-15,0.0,0.0,0,,16.093,17.2,100.0,0.0
bergstrom,USW00013904,2021-10-20T11:53:00+00:00,2021-10-20T06:53:00-05:00,2021-10-20T05:53:00,FM-15,0.0,0.0,0,,16.093,17.8,100.0,0.0
bergstrom,USW00013904,2021-10-20T12:53:00+00:00,2021-10-20T07:53:00-05:00,2021-10-20T06:53:00,FM-15,0.0,0.0,0,,16.093,18.3,100.0,0.0
bergstrom,USW00013904,2021-10-20T13:53:00+00:00,2021-10-20T08:53:00-05:00,2021-10-20T07:53:00,FM-15,0.0,0.0,0,,16.093,18.9,96.0,0.0
bergstrom,USW00013904,2021-10-20T14:53:00+00:00,2021-10-20T09:53:00-05:00,2021-10-20T08:53:00,FM-15,0.0,0.0,0,,16.093,20.0,93.0,0.0
bergstrom,USW00013904,2021-10-20T15:53:00+00:00,2021-10-20T10:53:00-05:00,2021-10-20T09:53:00,FM-15,0.0,0.0,0,,16.093,21.7,90.0,0.0
bergstrom,USW00013904,2021-10-20T16:53:00+00:00,2021-10-20T11:53:00-05:00,2021-10-20T10:53:00,FM-15,0.0,0.0,0,,16.093,22.2,84.0,0.0
bergstrom,USW00013904,2021-10-20T17:53:00+00:00,2021-10-20T12:53:00-05:00,2021-10-20T11:53:00,FM-15,0.0,0.0,0,,16.093,21.7,84.0,0.0
bergstrom,USW00013904,2021-10-20T18:53:00+00:00,2021-10-20T13:53:00-05:00,2021-10-20T12:53:00,FM-15,0.0,0.0,0,,16.093,21.7,87.0,0.0
bergstrom,USW00013904,2021-10-20T19:53:00+00:00,2021-10-20T14:53:00-05:00,2021-10-20T13:53:00,FM-15,0.0,0.0,0,,16.093,22.2,84.0,0.0
bergstrom,USW00013904,2021-10-20T20:53:00+00:00,2021-10-20T15:53:00-05:00,2021-10-20T14:53:00,FM-15,0.0,0.0,0,,16.093,22.8,81.0,0.0
bergstrom,USW00013904,2021-10-20T21:53:00+00:00,2021-10-20T16:53:00-05:00,2021-10-20T15:53:00,FM-15,0.0,0.0,0,,16.093,25.6,64.0,0.0
bergstrom,USW00013904,2021-10-20T22:53:00+00:00,2021-10-20T17:53:00-05:00,2021-10-20T16:53:00,FM-15,0.0,0.0,0,,16.093,25.0,71.0,1.5
bergstrom,USW00013904,2021-10-20T23:53:00+00:00,2021-10-20T18:53:00-05:00,2021-10-20T17:53:00,FM-15,0.0,0.0,0,,16.093,22.8,81.0,0.0
bergstrom,USW00013904,2021-10-21T00:53:00+00:00,2021-10-20T19:53:00-05:00,2021-10-20T18:53:00,FM-15,0.0,0.0,0,,16.093,20.6,90.0,0.0
bergstrom,USW00013904,2021-10-21T01:53:00+00:00,2021-10-20T20:53:00-05:00,2021-10-20T19:53:00,FM-15,0.0,0.0,0,,16.093,19.4,97.0,0.0
bergstrom,USW00013904,2021-10-21T02:53:00+00:00,2021-10-20T21:53:00-05:00,2021-10-20T20:53:00,FM-15,0.0,0.0,0,,16.093,18.3,97.0,0.0
bergstrom,USW00013904,2021-10-21T03:53:00+00:00,2021-10-20T22:53:00-05:00,2021-10-20T21:53:00,FM-15,0.0,0.0,0,,16.093,17.8,100.0,0.0
bergstrom,USW00013904,2021-10-21T04:53:00+00:00,2021-10-20T23:53:00-05:00,2021-10-20T22:53:00,FM-15,0.0,0.0,0,,16.093,17.2,100.0,0.0
bergstrom,USW00013904,2021-10-21T05:53:00+00:00,2021-10-21T00:53:00-05:00,2021-10-20T23:53:00,FM-15,0.0,0.0,0,,16.093,16.7,96.0,0.0
bergstrom,USW00013904,2021-10-21T06:53:00+00:00,2021-10-21T01:53:00-05:00,2021-10-21T00:53:00,FM-15,0.0,0.0,0,,16.093,16.1,97.0,0.0
bergstrom,USW00013904,2021-10-21T07:53:00+00:00,2021-10-21T02:53:00-05:00,2021-10-21T01:53:00,FM-15,0.0,0.0,0,,16.093,16.1,100.0,0.0
bergstrom,USW00013904,2021-10-21T08:53:00+00:00,2021-10-21T03:53:00-05:00,2021-10-21T02:53:00,FM-15,0.0,0.0,0,,16.093,16.7,100.0,0.0
bergstrom,USW00013904,2021-10-21T09:53:00+00:00,2021-10-21T04:53:00-05:00,2021-10-21T03:53:00,FM-15,0.0,0.0,0,,16.093,16.1,100.0,1.5
bergstrom,USW00013904,2021-10-21T10:53:00+00:00,2021-10-21T05:53:00-05:00,2021-10-21T04:53:00,FM-15,0.0,0.0,0,,16.093,16.1,100.0,0.0
bergstrom,USW00013904,2021-10-21T11:53:00+00:00,2021-10-21T06:53:00-05:00,2021-10-21T05:53:00,FM-15,0.0,0.0,0,,16.093,15.6,100.0,0.0
bergstrom,USW00013904,2021-10-21T12:53:00+00:00,2021-10-21T07:53:00-05:00,2021-10-21T06:53:00,FM-15,0.0,0.0,0,,16.093,16.7,96.0,1.5
bergstrom,USW00013904,2021-10-21T13:53:00+00:00,2021-10-21T08:53:00-05:00,2021-10-21T07:53:00,FM-15,0.0,0.0,0,,16.093,19.4,97.0,0.0
bergstrom,USW00013904,2021-10-21T14:53:00+00:00,2021-10-21T09:53:00-05:00,2021-10-21T08:53:00,FM-15,0.0,0.0,0,,16.093,20.6,93.0,2.1
bergstrom,USW00013904,2021-10-21T15:53:00+00:00,2021-10-21T10:53:00-05:00,2021-10-21T09:53:00,FM-15,0.0,0.0,0,,16.093,23.9,76.0,2.1
bergstrom,USW00013904,2021-10-21T16:53:00+00:00,2021-10-21T11:53:00-05:00,2021-10-21T10:53:00,FM-15,0.0,0.0,0,,16.093,27.8,60.0,2.1
bergstrom,USW00013904,2021-10-21T17:53:00+00:00,2021-10-21T12:53:00-05:00,2021-10-21T11:53:00,FM-15,0.0,0.0,0,,16.093,27.8,56.0,1.5
bergstrom,USW00013904,2021-10-21T18:53:00+00:00,2021-10-21T13:53:00-05:00,2021-10-21T12:53:00,FM-15,0.0,0.0,0,,16.093,28.3,53.0,2.6
bergstrom,USW00013904,2021-10-21T19:53:00+00:00,2021-10-21T14:53:00-05:00,2021-10-21T13:53:00,FM-15,0.0,0.0,0,,16.093,28.9,53.0,2.6
bergstrom,USW00013904,2021-10-21T20:53:00+00:00,2021-10-21T15:53:00-05:00,2021-10-21T14:53:00,FM-15,0.0,0.0,0,,16.093,28.9,51.0,2.6
bergstrom,USW00013904,2021-10-21T21:53:00+00:00,2021-10-21T16:53:00-05:00,2021-10-21T15:53:00,FM-15,0.0,0.0,0,,16.093,28.3,53.0,3.1
bergstrom,USW00013904,2021-10-21T22:53:00+00:00,2021-10-21T17:53:00-05:00,2021-10-21T16:53:00,FM-15,0.0,0.0,0,,16.093,28.3,53.0,2.6
bergstrom,USW00013904,2021-10-21T23:53:00+00:00,2021-10-21T18:53:00-05:00,2021-10-21T17:53:00,FM-15,0.0,0.0,0,,16.093,27.2,57.0,2.1
bergstrom,USW00013904,2021-10-22T00:53:00+00:00,2021-10-21T19:53:00-05:00,2021-10-21T18:53:00,FM-15,0.0,0.0,0,,16.093,21.7,81.0,0.0
bergstrom,USW00013904,2021-10-22T01:53:00+00:00,2021-10-21T20:53:00-05:00,2021-10-21T19:53:00,FM-15,0.0,0.0,0,,16.093,20.6,87.0,0.0
bergstrom,USW00013904,2021-10-22T02:53:00+00:00,2021-10-21T21:53:00-05:00,2021-10-21T20:53:00,FM-15,0.0,0.0,0,,16.093,19.4,93.0,0.0
bergstrom,USW00013904,2021-10-22T03:53:00+00:00,2021-10-21T22:53:00-05:00,2021-10-21T21:53:00,FM-15,0.0,0.0,0,,16.093,18.9,93.0,0.0
bergstrom,USW00013904,2021-10-22T04:53:00+00:00,2021-10-21T23:53:00-05:00,2021-10-21T22:53:00,FM-15,0.0,0.0,0,,16.093,18.3,97.0,0.0
bergstrom,USW00013904,2021-10-22T05:53:00+00:00,2021-10-22T00:53:00-05:00,2021-10-21T23:53:00,FM-15,0.0,0.0,0,,16.093,18.9,93.0,0.0
bergstrom,USW00013904,2021-10-22T06:53:00+00:00,2021-10-22T01:53:00-05:00,2021-10-22T00:53:00,FM-15,0.0,0.0,0,,16.093,19.4,93.0,0.0
bergstrom,USW00013904,2021-10-22T07:53:00+00:00,2021-10-22T02:53:00-05:00,2021-10-22T01:53:00,FM-15,0.0,0.0,0,,16.093,18.3,93.0,0.0
bergstrom,USW00013904,2021-10-22T08:53:00+00:00,2021-10-22T03:53:00-05:00,2021-10-22T02:53:00,FM-15,0.0,0.0,0,,16.093,18.3,93.0,0.0
bergstrom,USW00013904,2021-10-22T09:53:00+00:00,2021-10-22T04:53:00-05:00,2021-10-22T03:53:00,FM-15,0.0,0.0,0,,16.093,17.2,97.0,0.0
bergstrom,USW00013904,2021-10-22T10:03:00+00:00,2021-10-22T05:03:00-05:00,2021-10-22T04:03:00,FM-16,,,0,BR:1 |BR |,2.816,16.1,97.0,0.0
bergstrom,USW00013904,2021-10-22T10:11:00+00:00,2021-10-22T05:11:00-05:00,2021-10-22T04:11:00,FM-16,,,0,,16.093,17.2,97.0,0.0
bergstrom,USW00013904,2021-10-22T10:53:00+00:00,2021-10-22T05:53:00-05:00,2021-10-22T04:53:00,FM-15,0.0,0.0,0,BCFG:2 |FG |,16.093,17.2,93.0,0.0
bergstrom,USW00013904,2021-10-22T11:53:00+00:00,2021-10-22T06:53:00-05:00,2021-10-22T05:53:00,FM-15,0.0,0.0,0,BCFG:2 |FG |,16.093,16.7,96.0,0.0
bergstrom,USW00013904,2021-10-22T12:53:00+00:00,2021-10-22T07:53:00-05:00,2021-10-22T06:53:00,FM-15,0.0,0.0,0,BCFG:2 |FG |,14.484,17.8,93.0,0.0
bergstrom,USW00013904,2021-10-22T13:53:00+00:00,2021-10-22T08:53:00-05:00,2021-10-22T07:53:00,FM-15,0.0,0.0,0,,16.093,21.1,87.0,0.0
bergstrom,USW00013904,2021-10-22T14:53:00+00:00,2021-10-22T09:53:00-05:00,2021-10-22T08:53:00,FM-15,0.0,0.0,0,,16.093,22.8,79.0,0.0
bergstrom,USW00013904,2021-10-22T15:53:00+00:00,2021-10-22T10:53:00-05:00,2021-10-22T09:53:00,FM-15,0.0,0.0,0,,16.093,25.0,69.0,0.0
bergstrom,USW00013904,2021-10-22T16:53:00+00:00,2021-10-22T11:53:00-05:00,2021-10-22T10:53:00,FM-15,0.0,0.0,0,,16.093,27.8,60.0,0.0
bergstrom,USW00013904,2021-10-22T17:53:00+00:00,2021-10-22T12:53:00-05:00,2021-10-22T11:53:00,FM-15,0.0,0.0,0,,16.093,27.2,61.0,3.1
bergstrom,USW00013904,2021-10-22T18:53:00+00:00,2021-10-22T13:53:00-05:00,2021-10-22T12:53:00,FM-15,0.0,0.0,0,,16.093,28.3,53.0,2.6
bergstrom,USW00013904,2021-10-22T19:53:00+00:00,2021-10-22T14:53:00-05:00,2021-10-22T13:53:00,FM-15,0.0,0.0,0,,16.093,28.9,49.0,3.1
bergstrom,USW00013904,2021-10-22T20:53:00+00:00,2021-10-22T15:53:00-05:00,2021-10-22T14:53:00,FM-15,0.0,0.0,0,,16.093,30.0,46.0,2.1
bergstrom,USW00013904,2021-10-22T21:53:00+00:00,2021-10-22T16:53:00-05:00,2021-10-22T15:53:00,FM-15,0.0,0.0,0,,16.093,28.9,51.0,3.6
bergstrom,USW00013904,2021-10-22T22:53:00+00:00,2021-10-22T17:53:00-05:00,2021-10-22T16:53:00,FM-15,0.0,0.0,0,,16.093,27.8,55.0,3.1
bergstrom,USW00013904,2021-10-22T23:53:00+00:00,2021-10-22T18:53:00-05:00,2021-10-22T17:53:00,FM-15,0.0,0.0,0,,16.093,25.6,60.0,2.1
bergstrom,USW00013904,2021-10-23T00:53:00+00:00,2021-10-22T19:53:00-05:00,2021-10-22T18:53:00,FM-15,0.0,0.0,0,,16.093,21.1,79.0,0.0
bergstrom,USW00013904,2021-10-23T01:53:00+00:00,2021-10-22T20:53:00-05:00,2021-10-22T19:53:00,FM-15,0.0,0.0,0,,16.093,20.6,81.0,0.0
bergstrom,USW00013904,2021-10-23T02:53:00+00:00,2021-10-22T21:53:00-05:00,2021-10-22T20:53:00,FM-15,0.0,0.0,0,,16.093,20.0,84.0,2.1
bergstrom,USW00013904,2021-10-23T03:53:00+00:00,2021-10-22T22:53:00-05:00,2021-10-22T21:53:00,FM-15,0.0,0.0,0,,16.093,19.4,87.0,2.6
bergstrom,USW00013904,2021-10-23T04:53:00+00:00,2021-10-22T23:53:00-05:00,2021-10-22T22:53:00,FM-15,0.0,0.0,0,,16.093,20.6,87.0,3.6
bergstrom,USW00013904,2021-10-23T05:53:00+00:00,2021-10-23T00:53:00-05:00,2021-10-22T23:53:00,FM-15,0.0,0.0,0,,16.093,21.1,90.0,3.1
bergstrom,USW00013904,2021-10-23T06:32:00+00:00,2021-10-23T01:32:00-05:00,2021-10-23T00:32:00,FM-16,,,0,,16.093,21.1,93.0,3.1
bergstrom,USW00013904,2021-10-23T06:53:00+00:00,2021-10-23T01:53:00-05:00,2021-10-23T00:53:00,FM-15,0.0,0.0,0,,16.093,21.1,93.0,2.6
bergstrom,USW00013904,2021-10-23T07:49:00+00:00,2021-10-23T02:49:00-05:00,2021-10-23T01:49:00,FM-16,,,1,-DZ:01 BR:1 |DZ BR |DZ,1.207,22.0,94.0,2.6
bergstrom,USW00013904,2021-10-23T07:53:00+00:00,2021-10-23T02:53:00-05:00,2021-10-23T01:53:00,FM-15,,T,1,-DZ:01 BR:1 |DZ BR |DZ,1.207,21.7,96.0,2.1
bergstrom,USW00013904,2021-10-23T08:53:00+00:00,2021-10-23T03:53:00-05:00,2021-10-23T02:53:00,FM-15,0.0,0.0,0,BR:1 |BR |,1.207,22.2,94.0,4.6
bergstrom,USW00013904,2021-10-23T09:36:00+00:00,2021-10-23T04:36:00-05:00,2021-10-23T03:36:00,FM-16,,,0,,12.875,22.8,94.0,3.1
bergstrom,USW00013904,2021-10-23T09:53:00+00:00,2021-10-23T04:53:00-05:00,2021-10-23T03:53:00,FM-15,0.0,0.0,0,,12.875,22.8,90.0,3.6
bergstrom,USW00013904,2021-10-23T10:51:00+00:00,2021-10-23T05:51:00-05:00,2021-10-23T04:51:00,FM-16,,,0,,12.875,22.0,94.0,3.1
bergstrom,USW00013904,2021-10-23T10:53:00+00:00,2021-10-23T05:53:00-05:00,2021-10-23T04:53:00,FM-15,0.0,0.0,0,,12.875,22.2,94.0,2.6
bergstrom,USW00013904,2021-10-23T11:51:00+00:00,2021-10-23T06:51:00-05:00,2021-10-23T05:51:00,FM-16,,,0,,16.093,22.0,94.0,2.6
bergstrom,USW00013904,2021-10-23T11:53:00+00:00,2021-10-23T06:53:00-05:00,2021-10-23T05:53:00,FM-15,0.0,0.0,0,,14.484,22.2,91.0,2.1
bergstrom,USW00013904,2021-10-23T12:51:00+00:00,2021-10-23T07:51:00-05:00,2021-10-23T06:51:00,FM-16,,,0,,12.875,22.0,94.0,2.6
bergstrom,USW00013904,2021-10-23T12:53:00+00:00,2021-10-23T07:53:00-05:00,2021-10-23T06:53:00,FM-15,0.0,0.0,0,,12.875,22.2,91.0,2.1
bergstrom,USW00013904,2021-10-23T13:52:00+00:00,2021-10-23T08:52:00-05:00,2021-10-23T07:52:00,FM-15,0.0,0.0,0,,16.093,22.8,90.0,1.5
bergstrom,USW00013904,2021-10-23T14:11:00+00:00,2021-10-23T09:11:00-05:00,2021-10-23T08:11:00,FM-16,,,0,,16.093,23.3,88.0,3.6
bergstrom,USW00013904,2021-10-23T14:51:00+00:00,2021-10-23T09:51:00-05:00,2021-10-23T08:51:00,FM-16,,,0,,16.093,24.0,89.0,3.1
bergstrom,USW00013904,2021-10-23T14:53:00+00:00,2021-10-23T09:53:00-05:00,2021-10-23T08:53:00,FM-15,0.0,0.0,0,,16.093,24.4,85.0,4.1
bergstrom,USW00013904,2021-10-23T15:51:00+00:00,2021-10-23T10:51:00-05:00,2021-10-23T09:51:00,FM-16,,,0,,16.093,26.0,74.0,5.1
bergstrom,USW00013904,2021-10-23T15:53:00+00:00,2021-10-23T10:53:00-05:00,2021-10-23T09:53:00,FM-15,0.0,0.0,0,,16.093,26.1,74.0,6.2
bergstrom,USW00013904,2021-10-23T16:53:00+00:00,2021-10-23T11:53:00-05:00,2021-10-23T10:53:00,FM-15,0.0,0.0,0,,16.093,27.2,67.0,5.1
bergstrom,USW00013904,2021-10-23T17:53:00+00:00,2021-10-23T12:53:00-05:00,2021-10-23T11:53:00,FM-15,0.0,0.0,0,,16.093,28.9,61.0,5.7
bergstrom,USW00013904,2021-10-23T18:53:00+00:00,2021-10-23T13:53:00-05:00,2021-10-23T12:53:00,FM-15,0.0,0.0,0,,16.093,29.4,57.0,4.6
bergstrom,USW00013904,2021-10-23T19:53:00+00:00,2021-10-23T14:53:00-05:00,2021-10-23T13:53:00,FM-15,0.0,0.0,0,,16.093,30.0,53.0,5.1
bergstrom,USW00013904,2021-10-23T20:53:00+00:00,2021-10-23T15:53:00-05:00,2021-10-23T14:53:00,FM-15,0.0,0.0,0,,16.093,30.6,51.0,5.7
bergstrom,USW00013904,2021-10-23T21:53:00+00:00,2021-10-23T16:53:00-05:00,2021-10-23T15:53:00,FM-15,0.0,0.0,0,,16.093,30.0,53.0,7.2
bergstrom,USW00013904,2021-10-23T22:53:00+00:00,2021-10-23T17:53:00-05:00,2021-10-23T16:53:00,FM-15,0.0,0.0,0,,16.093,28.9,57.0,4.6
bergstrom,USW00013904,2021-10-23T23:53:00+00:00,2021-10-23T18:53:00-05:00,2021-10-23T17:53:00,FM-15,0.0,0.0,0,,16.093,26.1,67.0,8.8
bergstrom,USW00013904,2021-10-24T00:53:00+00:00,2021-10-23T19:53:00-05:00,2021-10-23T18:53:00,FM-15,0.0,0.0,0,,16.093,23.9,71.0,4.6
bergstrom,USW00013904,2021-10-24T01:53:00+00:00,2021-10-23T20:53:00-05:00,2021-10-23T19:53:00,FM-15,0.0,0.0,0,,16.093,22.8,79.0,5.1
bergstrom,USW00013904,2021-10-24T02:53:00+00:00,2021-10-23T21:53:00-05:00,2021-10-23T20:53:00,FM-15,0.0,0.0,0,,16.093,22.2,79.0,4.6
bergstrom,USW00013904,2021-10-24T03:53:00+00:00,2021-10-23T22:53:00-05:00,2021-10-23T21:53:00,FM-15,0.0,0.0,0,,16.093,21.1,84.0,3.6
bergstrom,USW00013904,2021-10-24T04:53:00+00:00,2021-10-23T23:53:00-05:00,2021-10-23T22:53:00,FM-15,0.0,0.0,0,,16.093,20.6,90.0,3.1
bergstrom,USW00013904,2021-10-24T05:53:00+00:00,2021-10-24T00:53:00-05:00,2021-10-23T23:53:00,FM-15,0.0,0.0,0,,16.093,20.0,90.0,2.6
bergstrom,USW00013904,2021-10-24T06:53:00+00:00,2021-10-24T01:53:00-05:00,2021-10-24T00:53:00,FM-15,0.0,0.0,0,,16.093,19.4,93.0,2.1
bergstrom,USW00013904,2021-10-24T07:10:00+00:00,2021-10-24T02:10:00-05:00,2021-10-24T01:10:00,FM-16,,,0,,16.093,20.0,93.0,2.6
bergstrom,USW00013904,2021-10-24T07:51:00+00:00,2021-10-24T02:51:00-05:00,2021-10-24T01:51:00,FM-16,,,0,,16.093,21.0,88.0,0.0
bergstrom,USW00013904,2021-10-24T07:53:00+00:00,2021-10-24T02:53:00-05:00,2021-10-24T01:53:00,FM-15,0.0,0.0,0,,16.093,20.6,93.0,0.0
bergstrom,USW00013904,2021-10-24T08:32:00+00:00,2021-10-24T03:32:00-05:00,2021-10-24T02:32:00,FM-16,,,0,BR:1 |BR |,9.656,20.6,96.0,2.6
bergstrom,USW00013904,2021-10-24T08:39:00+00:00,2021-10-24T03:39:00-05:00,2021-10-24T02:39:00,FM-16,,,0,BR:1 |BR |,3.219,20.6,96.0,3.1
bergstrom,USW00013904,2021-10-24T08:51:00+00:00,2021-10-24T03:51:00-05:00,2021-10-24T02:51:00,FM-16,,,1,-DZ:01 BR:1 |DZ BR |DZ,1.609,21.0,94.0,3.1
bergstrom,USW00013904,2021-10-24T08:53:00+00:00,2021-10-24T03:53:00-05:00,2021-10-24T02:53:00,FM-15,,T,1,-DZ:01 BR:1 |DZ BR |DZ,1.609,20.6,100.0,3.1
bergstrom,USW00013904,2021-10-24T09:51:00+00:00,2021-10-24T04:51:00-05:00,2021-10-24T03:51:00,FM-16,,,1,-DZ:01 BR:1 |DZ BR |DZ,1.207,21.0,100.0,3.1
bergstrom,USW00013904,2021-10-24T09:53:00+00:00,2021-10-24T04:53:00-05:00,2021-10-24T03:53:00,FM-15,,T,1,-DZ:01 BR:1 |DZ BR |DZ,1.207,20.6,100.0,3.1
bergstrom,USW00013904,2021-10-24T10:24:00+00:00,2021-10-24T05:24:00-05:00,2021-10-24T04:24:00,FM-16,,,1,-DZ:01 BR:1 |DZ BR |DZ,1.609,21.1,97.0,2.6
bergstrom,USW00013904,2021-10-24T10:53:00+00:00,2021-10-24T05:53:00-05:00,2021-10-24T04:53:00,FM-15,,T,1,-DZ:01 BR:1 |DZ BR |DZ,1.609,21.1,97.0,3.1
bergstrom,USW00013904,2021-10-24T11:53:00+00:00,2021-10-24T06:53:00-05:00,2021-10-24T05:53:00,FM-15,0.3,0.3,1,-DZ:01 BR:1 |DZ BR |DZ,1.609,21.1,97.0,3.1
bergstrom,USW00013904,2021-10-24T12:41:00+00:00,2021-10-24T07:41:00-05:00,2021-10-24T06:41:00,FM-16,,,1,-DZ:01 BR:1 |DZ BR |DZ,3.219,21.1,97.0,1.5
bergstrom,USW00013904,2021-10-24T12:53:00+00:00,2021-10-24T07:53:00-05:00,2021-10-24T06:53:00,FM-15,,T,1,-DZ:01 BR:1 |DZ BR |DZ,4.828,21.1,97.0,2.6
bergstrom,USW00013904,2021-10-24T13:53:00+00:00,2021-10-24T08:53:00-05:00,2021-10-24T07:53:00,FM-15,,T,1,BR:1 |BR |,4.828,21.7,96.0,1.5
bergstrom,USW00013904,2021-10-24T14:51:00+00:00,2021-10-24T09:51:00-05:00,2021-10-24T08:51:00,FM-16,,,0,BR:1 |BR |,8.047,22.0,94.0,2.6
bergstrom,USW00013904,2021-10-24T14:53:00+00:00,2021-10-24T09:53:00-05:00,2021-10-24T08:53:00,FM-15,0.0,0.0,0,BR:1 |BR |,8.047,22.2,94.0,2.1
bergstrom,USW00013904,2021-10-24T15:53:00+00:00,2021-10-24T10:53:00-05:00,2021-10-24T09:53:00,FM-15,,T,1,BR:1 |BR |,9.656,23.3,91.0,1.5
bergstrom,USW00013904,2021-10-24T16:41:00+00:00,2021-10-24T11:41:00-05:00,2021-10-24T10:41:00,FM-16,,,0,,14.484,24.4,88.0,2.1
bergstrom,USW00013904,2021-10-24T16:51:00+00:00,2021-10-24T11:51:00-05:00,2021-10-24T10:51:00,FM-16,,,0,,16.093,25.0,83.0,3.1
bergstrom,USW00013904,2021-10-24T16:53:00+00:00,2021-10-24T11:53:00-05:00,2021-10-24T10:53:00,FM-15,0.0,0.0,0,,16.093,25.0,82.0,3.1
bergstrom,USW00013904,2021-10-24T17:28:00+00:00,2021-10-24T12:28:00-05:00,2021-10-24T11:28:00,FM-16,,,0,,16.093,25.6,74.0,2.1
bergstrom,USW00013904,2021-10-24T17:53:00+00:00,2021-10-24T12:53:00-05:00,2021-10-24T11:53:00,FM-15,0.0,0.0,0,,16.093,27.2,67.0,4.6
bergstrom,USW00013904,2021-10-24T18:53:00+00:00,2021-10-24T13:53:00-05:00,2021-10-24T12:53:00,FM-15,0.0,0.0,0,,16.093,28.9,57.0,4.1
bergstrom,USW00013904,2021-10-24T19:53:00+00:00,2021-10-24T14:53:00-05:00,2021-10-24T13:53:00,FM-15,0.0,0.0,0,,16.093,29.4,57.0,4.6
bergstrom,USW00013904,2021-10-24T20:53:00+00:00,2021-10-24T15:53:00-05:00,2021-10-24T14:53:00,FM-15,0.0,0.0,0,,16.093,29.4,57.0,5.1
bergstrom,USW00013904,2021-10-24T21:53:00+00:00,2021-10-24T16:53:00-05:00,2021-10-24T15:53:00,FM-15,0.0,0.0,0,,16.093,30.0,53.0,3.6
bergstrom,USW00013904,2021-10-24T22:53:00+00:00,2021-10-24T17:53:00-05:00,2021-10-24T16:53:00,FM-15,0.0,0.0,0,,16.093,28.9,59.0,2.6
bergstrom,USW00013904,2021-10-24T23:53:00+00:00,2021-10-24T18:53:00-05:00,2021-10-24T17:53:00,FM-15,0.0,0.0,0,,16.093,26.1,72.0,2.1
bergstrom,USW00013904,2021-10-25T00:53:00+00:00,2021-10-24T19:53:00-05:00,2021-10-24T18:53:00,FM-15,0.0,0.0,0,,16.093,24.4,82.0,1.5
bergstrom,USW00013904,2021-10-25T01:53:00+00:00,2021-10-24T20:53:00-05:00,2021-10-24T19:53:00,FM-15,0.0,0.0,0,,16.093,23.3,85.0,2.1
bergstrom,USW00013904,2021-10-25T02:53:00+00:00,2021-10-24T21:53:00-05:00,2021-10-24T20:53:00,FM-15,0.0,0.0,0,,16.093,21.1,93.0,0.0
bergstrom,USW00013904,2021-10-25T03:53:00+00:00,2021-10-24T22:53:00-05:00,2021-10-24T21:53:00,FM-15,0.0,0.0,0,,16.093,21.1,90.0,0.0
bergstrom,USW00013904,2021-10-25T04:53:00+00:00,2021-10-24T23:53:00-05:00,2021-10-24T22:53:00,FM-15,0.0,0.0,0,,16.093,20.6,93.0,1.5
bergstrom,USW00013904,2021-10-25T05:53:00+00:00,2021-10-25T00:53:00-05:00,2021-10-24T23:53:00,FM-15,0.0,0.0,0,,16.093,21.1,93.0,1.5
bergstrom,USW00013904,2021-10-25T06:53:00+00:00,2021-10-25T01:53:00-05:00,2021-10-25T00:53:00,FM-15,0.0,0.0,0,,16.093,21.7,96.0,2.1
bergstrom,USW00013904,2021-10-25T07:53:00+00:00,2021-10-25T02:53:00-05:00,2021-10-25T01:53:00,FM-15,0.0,0.0,0,,12.875,20.6,96.0,0.0
bergstrom,USW00013904,2021-10-25T08:05:00+00:00,2021-10-25T03:05:00-05:00,2021-10-25T02:05:00,FM-16,,,0,,12.875,20.6,96.0,1.5
bergstrom,USW00013904,2021-10-25T08:53:00+00:00,2021-10-25T03:53:00-05:00,2021-10-25T02:53:00,FM-15,0.0,0.0,0,,12.875,21.7,96.0,3.1
bergstrom,USW00013904,2021-10-25T09:01:00+00:00,2021-10-25T04:01:00-05:00,2021-10-25T03:01:00,FM-16,,,0,,16.093,21.7,96.0,2.6
bergstrom,USW00013904,2021-10-25T09:53:00+00:00,2021-10-25T04:53:00-05:00,2021-10-25T03:53:00,FM-15,0.0,0.0,0,,16.093,21.7,96.0,3.1
bergstrom,USW00013904,2021-10-25T10:53:00+00:00,2021-10-25T05:53:00-05:00,2021-10-25T04:53:00,FM-15,0.0,0.0,0,,16.093,22.8,96.0,3.1
bergstrom,USW00013904,2021-10-25T11:53:00+00:00,2021-10-25T06:53:00-05:00,2021-10-25T05:53:00,FM-15,0.0,0.0,0,,16.093,22.8,96.0,2.6
bergstrom,USW00013904,2021-10-25T12:53:00+00:00,2021-10-25T07:53:00-05:00,2021-10-25T06:53:00,FM-15,0.0,0.0,0,BCFG:2 |FG |,11.265,23.3,94.0,1.5
bergstrom,USW00013904,2021-10-25T13:24:00+00:00,2021-10-25T08:24:00-05:00,2021-10-25T07:24:00,FM-16,,,0,BCFG:2 |FG |,11.265,23.3,97.0,0.0
bergstrom,USW00013904,2021-10-25T13:53:00+00:00,2021-10-25T08:53:00-05:00,2021-10-25T07:53:00,FM-15,,T,1,-DZ:01 BR:1 |DZ BR |DZ,8.047,23.3,97.0,0.0
bergstrom,USW00013904,2021-10-25T14:53:00+00:00,2021-10-25T09:53:00-05:00,2021-10-25T08:53:00,FM-15,,T,1,,16.093,24.4,91.0,0.0
bergstrom,USW00013904,2021-10-25T15:53:00+00:00,2021-10-25T10:53:00-05:00,2021-10-25T09:53:00,FM-15,0.0,0.0,0,,16.093,25.0,88.0,0.0
bergstrom,USW00013904,2021-10-25T16:16:00+00:00,2021-10-25T11:16:00-05:00,2021-10-25T10:16:00,FM-16,,,0,,16.093,25.6,85.0,1.5
bergstrom,USW00013904,2021-10-25T16:53:00+00:00,2021-10-25T11:53:00-05:00,2021-10-25T10:53:00,FM-15,0.0,0.0,0,,16.093,26.1,82.0,2.1
bergstrom,USW00013904,2021-10-25T17:15:00+00:00,2021-10-25T12:15:00-05:00,2021-10-25T11:15:00,FM-16,,,0,,16.093,26.7,76.0,2.1
bergstrom,USW00013904,2021-10-25T17:53:00+00:00,2021-10-25T12:53:00-05:00,2021-10-25T11:53:00,FM-15,0.0,0.0,0,,16.093,28.3,72.0,3.1
bergstrom,USW00013904,2021-10-25T18:18:00+00:00,2021-10-25T13:18:00-05:00,2021-10-25T12:18:00,FM-16,,,0,,16.093,28.3,72.0,2.6
bergstrom,USW00013904,2021-10-25T18:53:00+00:00,2021-10-25T13:53:00-05:00,2021-10-25T12:53:00,FM-15,0.0,0.0,0,,16.093,30.0,65.0,1.5
bergstrom,USW00013904,2021-10-25T19:53:00+00:00,2021-10-25T14:53:00-05:00,2021-10-25T13:53:00,FM-15,0.0,0.0,0,,16.093,31.1,61.0,
bergstrom,USW00013904,2021-10-25T20:53:00+00:00,2021-10-25T15:53:00-05:00,2021-10-25T14:53:00,FM-15,0.0,0.0,0,,16.093,31.1,61.0,5.1
bergstrom,USW00013904,2021-10-25T21:53:00+00:00,2021-10-25T16:53:00-05:00,2021-10-25T15:53:00,FM-15,0.0,0.0,0,,16.093,30.0,65.0,4.1
bergstrom,USW00013904,2021-10-25T22:53:00+00:00,2021-10-25T17:53:00-05:00,2021-10-25T16:53:00,FM-15,0.0,0.0,0,,16.093,28.3,70.0,5.1
bergstrom,USW00013904,2021-10-25T23:53:00+00:00,2021-10-25T18:53:00-05:00,2021-10-25T17:53:00,FM-15,0.0,0.0,0,,16.093,26.7,74.0,2.6
bergstrom,USW00013904,2021-10-26T00:53:00+00:00,2021-10-25T19:53:00-05:00,2021-10-25T18:53:00,FM-15,0.0,0.0,0,,16.093,22.2,94.0,0.0
bergstrom,USW00013904,2021-10-26T01:53:00+00:00,2021-10-25T20:53:00-05:00,2021-10-25T19:53:00,FM-15,0.0,0.0,0,,16.093,20.6,100.0,0.0
bergstrom,USW00013904,2021-10-26T02:53:00+00:00,2021-10-25T21:53:00-05:00,2021-10-25T20:53:00,FM-15,0.0,0.0,0,,16.093,21.1,97.0,0.0
bergstrom,USW00013904,2021-10-26T03:53:00+00:00,2021-10-25T22:53:00-05:00,2021-10-25T21:53:00,FM-15,0.0,0.0,0,,16.093,20.6,96.0,0.0
bergstrom,USW00013904,2021-10-26T04:53:00+00:00,2021-10-25T23:53:00-05:00,2021-10-25T22:53:00,FM-15,0.0,0.0,0,,16.093,21.7,94.0,1.5
bergstrom,USW00013904,2021-10-26T05:53:00+00:00,2021-10-26T00:53:00-05:00,2021-10-25T23:53:00,FM-15,0.0,0.0,0,,16.093,21.1,97.0,2.1
bergstrom,USW00013904,2021-10-26T06:53:00+00:00,2021-10-26T01:53:00-05:00,2021-10-26T00:53:00,FM-15,0.0,0.0,0,,16.093,21.1,97.0,1.5
bergstrom,USW00013904,2021-10-26T07:42:00+00:00,2021-10-26T02:42:00-05:00,2021-10-26T01:42:00,FM-16,,,0,,12.875,20.6,100.0,2.1
bergstrom,USW00013904,2021-10-26T07:51:00+00:00,2021-10-26T02:51:00-05:00,2021-10-26T01:51:00,FM-16,,,0,,12.875,21.0,100.0,2.6
bergstrom,USW00013904,2021-10-26T07:53:00+00:00,2021-10-26T02:53:00-05:00,2021-10-26T01:53:00,FM-15,0.0,0.0,0,BR:1 |BR |,9.656,21.1,97.0,2.6
bergstrom,USW00013904,2021-10-26T08:53:00+00:00,2021-10-26T03:53:00-05:00,2021-10-26T02:53:00,FM-15,0.0,0.0,0,BR:1 |BR |,6.437,22.8,96.0,4.6
bergstrom,USW00013904,2021-10-26T09:08:00+00:00,2021-10-26T04:08:00-05:00,2021-10-26T03:08:00,FM-16,,,0,BR:1 |BR |,8.047,22.8,96.0,4.6
bergstrom,USW00013904,2021-10-26T09:51:00+00:00,2021-10-26T04:51:00-05:00,2021-10-26T03:51:00,FM-16,,,0,,12.875,23.0,94.0,4.1
bergstrom,USW00013904,2021-10-26T09:53:00+00:00,2021-10-26T04:53:00-05:00,2021-10-26T03:53:00,FM-15,,T,1,,12.875,23.3,94.0,3.1
bergstrom,USW00013904,2021-10-26T10:51:00+00:00,2021-10-26T05:51:00-05:00,2021-10-26T04:51:00,FM-16,,,0,,12.875,23.0,94.0,2.6
bergstrom,USW00013904,2021-10-26T10:53:00+00:00,2021-10-26T05:53:00-05:00,2021-10-26T04:53:00,FM-15,0.0,0.0,0,,12.875,22.8,96.0,2.6
bergstrom,USW00013904,2021-10-26T11:53:00+00:00,2021-10-26T06:53:00-05:00,2021-10-26T05:53:00,FM-15,0.0,0.0,0,,14.484,23.3,97.0,2.6
bergstrom,USW00013904,2021-10-26T12:45:00+00:00,2021-10-26T07:45:00-05:00,2021-10-26T06:45:00,FM-16,,,0,,16.093,23.3,97.0,2.6
bergstrom,USW00013904,2021-10-26T12:53:00+00:00,2021-10-26T07:53:00-05:00,2021-10-26T06:53:00,FM-15,0.0,0.0,0,,16.093,23.9,94.0,2.6
bergstrom,USW00013904,2021-10-26T13:51:00+00:00,2021-10-26T08:51:00-05:00,2021-10-26T07:51:00,FM-16,,,0,,16.093,24.0,94.0,3.1
bergstrom,USW00013904,2021-10-26T13:53:00+00:00,2021-10-26T08:53:00-05:00,2021-10-26T07:53:00,FM-15,0.0,0.0,0,,16.093,24.4,94.0,3.1
bergstrom,USW00013904,2021-10-26T14:53:00+00:00,2021-10-26T09:53:00-05:00,2021-10-26T08:53:00,FM-15,0.0,0.0,0,,16.093,25.6,85.0,4.6
bergstrom,USW00013904,2021-10-26T15:44:00+00:00,2021-10-26T10:44:00-05:00,2021-10-26T09:44:00,FM-16,,,0,,16.093,26.1,79.0,5.7
bergstrom,USW00013904,2021-10-26T15:53:00+00:00,2021-10-26T10:53:00-05:00,2021-10-26T09:53:00,FM-15,0.0,0.0,0,,16.093,26.7,76.0,6.2
bergstrom,USW00013904,2021-10-26T16:40:00+00:00,2021-10-26T11:40:00-05:00,2021-10-26T10:40:00,FM-16,,,0,,16.093,28.3,70.0,8.2
bergstrom,USW00013904,2021-10-26T16:53:00+00:00,2021-10-26T11:53:00-05:00,2021-10-26T10:53:00,FM-15,0.0,0.0,0,,16.093,27.8,74.0,5.7
bergstrom,USW00013904,2021-10-26T17:51:00+00:00,2021-10-26T12:51:00-05:00,2021-10-26T11:51:00,FM-16,,,0,,16.093,28.0,70.0,7.2
bergstrom,USW00013904,2021-10-26T17:53:00+00:00,2021-10-26T12:53:00-05:00,2021-10-26T11:53:00,FM-15,0.0,0.0,0,,16.093,27.8,69.0,6.2
bergstrom,USW00013904,2021-10-26T18:53:00+00:00,2021-10-26T13:53:00-05:00,2021-10-26T12:53:00,FM-15,0.0,0.0,0,,16.093,28.3,67.0,5.7
bergstrom,USW00013904,2021-10-26T19:53:00+00:00,2021-10-26T14:53:00-05:00,2021-10-26T13:53:00,FM-15,0.0,0.0,0,,16.093,29.4,63.0,6.7
bergstrom,USW00013904,2021-10-26T20:53:00+00:00,2021-10-26T15:53:00-05:00,2021-10-26T14:53:00,FM-15,0.0,0.0,0,,16.093,29.4,61.0,8.2
bergstrom,USW00013904,2021-10-26T21:53:00+00:00,2021-10-26T16:53:00-05:00,2021-10-26T15:53:00,FM-15,0.0,0.0,0,,16.093,29.4,59.0,7.2
bergstrom,USW00013904,2021-10-26T22:53:00+00:00,2021-10-26T17:53:00-05:00,2021-10-26T16:53:00,FM-15,0.0,0.0,0,,16.093,27.8,65.0,6.2
bergstrom,USW00013904,2021-10-26T23:53:00+00:00,2021-10-26T18:53:00-05:00,2021-10-26T17:53:00,FM-15,0.0,0.0,0,,16.093,26.7,71.0,4.1
bergstrom,USW00013904,2021-10-27T00:53:00+00:00,2021-10-26T19:53:00-05:00,2021-10-26T18:53:00,FM-15,0.0,0.0,0,,16.093,26.1,74.0,4.1
bergstrom,USW00013904,2021-10-27T01:53:00+00:00,2021-10-26T20:53:00-05:00,2021-10-26T19:53:00,FM-15,0.0,0.0,0,,16.093,25.6,76.0,4.6
bergstrom,USW00013904,2021-10-27T02:53:00+00:00,2021-10-26T21:53:00-05:00,2021-10-26T20:53:00,FM-15,0.0,0.0,0,,16.093,25.0,79.0,5.1
bergstrom,USW00013904,2021-10-27T03:12:00+00:00,2021-10-26T22:12:00-05:00,2021-10-26T21:12:00,FM-16,,,0,,16.093,25.6,79.0,7.2
bergstrom,USW00013904,2021-10-27T03:53:00+00:00,2021-10-26T22:53:00-05:00,2021-10-26T21:53:00,FM-15,0.0,0.0,0,,16.093,25.6,82.0,7.2
bergstrom,USW00013904,2021-10-27T04:53:00+00:00,2021-10-26T23:53:00-05:00,2021-10-26T22:53:00,FM-15,0.0,0.0,0,,16.093,25.6,82.0,6.7
bergstrom,USW00013904,2021-10-27T05:53:00+00:00,2021-10-27T00:53:00-05:00,2021-10-26T23:53:00,FM-15,0.0,0.0,0,,16.093,25.0,85.0,7.7
bergstrom,USW00013904,2021-10-27T06:53:00+00:00,2021-10-27T01:53:00-05:00,2021-10-27T00:53:00,FM-15,0.0,0.0,0,,16.093,25.0,85.0,7.7
bergstrom,USW00013904,2021-10-27T07:53:00+00:00,2021-10-27T02:53:00-05:00,2021-10-27T01:53:00,FM-15,0.0,0.0,0,,16.093,25.0,88.0,6.7
bergstrom,USW00013904,2021-10-27T08:53:00+00:00,2021-10-27T03:53:00-05:00,2021-10-27T02:53:00,FM-15,0.0,0.0,0,,16.093,25.0,88.0,6.7
bergstrom,USW00013904,2021-10-27T09:53:00+00:00,2021-10-27T04:53:00-05:00,2021-10-27T03:53:00,FM-15,0.0,0.0,0,,16.093,25.6,85.0,7.2
bergstrom,USW00013904,2021-10-27T10:23:00+00:00,2021-10-27T05:23:00-05:00,2021-10-27T04:23:00,FM-16,,,1,-RA:02 BR:1 |RA BR |RA,8.047,17.2,90.0,8.2
bergstrom,USW00013904,2021-10-27T10:27:00+00:00,2021-10-27T05:27:00-05:00,2021-10-27T04:27:00,FM-16,,,1,-RA:02 BR:1 |RA BR |RA,9.656,17.2,90.0,9.3
bergstrom,USW00013904,2021-10-27T10:48:00+00:00,2021-10-27T05:48:00-05:00,2021-10-27T04:48:00,FM-16,,,1,TS -RA:02 BR:1 |TS RA BR |RA,6.437,17.0,94.0,5.7
bergstrom,USW00013904,2021-10-27T10:53:00+00:00,2021-10-27T05:53:00-05:00,2021-10-27T04:53:00,FM-15,16.5,16.5,1,TS -RA:02 BR:1 |TS RA BR |RA,6.437,16.7,93.0,4.6
bergstrom,USW00013904,2021-10-27T11:51:00+00:00,2021-10-27T06:51:00-05:00,2021-10-27T05:51:00,FM-16,,,1,VCTS -RA:02 |RA |RA,14.484,17.0,88.0,2.1
bergstrom,USW00013904,2021-10-27T11:53:00+00:00,2021-10-27T06:53:00-05:00,2021-10-27T05:53:00,FM-15,3.6,3.6,1,-RA:02 |RA |RA,14.484,17.2,87.0,3.1
bergstrom,USW00013904,2021-10-27T12:13:00+00:00,2021-10-27T07:13:00-05:00,2021-10-27T06:13:00,FM-16,,,1,-RA:02 |RA |RA,16.093,17.2,90.0,0.0
bergstrom,USW00013904,2021-10-27T12:53:00+00:00,2021-10-27T07:53:00-05:00,2021-10-27T06:53:00,FM-15,0.8,0.8,1,-RA:02 |RA |RA,16.093,17.2,90.0,0.0
bergstrom,USW00013904,2021-10-27T13:53:00+00:00,2021-10-27T08:53:00-05:00,2021-10-27T07:53:00,FM-15,,T,1,,16.093,17.8,90.0,2.1
bergstrom,USW00013904,2021-10-27T14:53:00+00:00,2021-10-27T09:53:00-05:00,2021-10-27T08:53:00,FM-15,0.0,0.0,0,,16.093,19.4,76.0,2.1
bergstrom,USW00013904,2021-10-27T15:53:00+00:00,2021-10-27T10:53:00-05:00,2021-10-27T09:53:00,FM-15,0.0,0.0,0,,16.093,21.7,53.0,4.6
bergstrom,USW00013904,2021-10-27T16:53:00+00:00,2021-10-27T11:53:00-05:00,2021-10-27T10:53:00,FM-15,0.0,0.0,0,,16.093,24.4,33.0,7.2
bergstrom,USW00013904,2021-10-27T17:53:00+00:00,2021-10-27T12:53:00-05:00,2021-10-27T11:53:00,FM-15,0.0,0.0,0,,16.093,25.0,24.0,8.2
bergstrom,USW00013904,2021-10-27T18:53:00+00:00,2021-10-27T13:53:00-05:00,2021-10-27T12:53:00,FM-15,0.0,0.0,0,,16.093,25.6,22.0,8.2
bergstrom,USW00013904,2021-10-27T19:53:00+00:00,2021-10-27T14:53:00-05:00,2021-10-27T13:53:00,FM-15,0.0,0.0,0,,16.093,25.6,28.0,6.7
bergstrom,USW00013904,2021-10-27T20:53:00+00:00,2021-10-27T15:53:00-05:00,2021-10-27T14:53:00,FM-15,0.0,0.0,0,,16.093,25.0,33.0,9.8
bergstrom,USW00013904,2021-10-27T21:53:00+00:00,2021-10-27T16:53:00-05:00,2021-10-27T15:53:00,FM-15,0.0,0.0,0,,16.093,24.4,31.0,8.2
bergstrom,USW00013904,2021-10-27T22:53:00+00:00,2021-10-27T17:53:00-05:00,2021-10-27T16:53:00,FM-15,0.0,0.0,0,,16.093,23.3,32.0,6.2
bergstrom,USW00013904,2021-10-27T23:53:00+00:00,2021-10-27T18:53:00-05:00,2021-10-27T17:53:00,FM-15,0.0,0.0,0,,16.093,22.2,33.0,3.1
bergstrom,USW00013904,2021-10-28T00:53:00+00:00,2021-10-27T19:53:00-05:00,2021-10-27T18:53:00,FM-15,0.0,0.0,0,,16.093,20.6,38.0,2.1
bergstrom,USW00013904,2021-10-28T01:53:00+00:00,2021-10-27T20:53:00-05:00,2021-10-27T19:53:00,FM-15,0.0,0.0,0,,16.093,16.7,56.0,2.1
bergstrom,USW00013904,2021-10-28T02:53:00+00:00,2021-10-27T21:53:00-05:00,2021-10-27T20:53:00,FM-15,0.0,0.0,0,,16.093,16.7,54.0,2.1
bergstrom,USW00013904,2021-10-28T03:53:00+00:00,2021-10-27T22:53:00-05:00,2021-10-27T21:53:00,FM-15,0.0,0.0,0,,16.093,15.6,56.0,2.6
bergstrom,USW00013904,2021-10-28T04:53:00+00:00,2021-10-27T23:53:00-05:00,2021-10-27T22:53:00,FM-15,0.0,0.0,0,,16.093,15.0,56.0,3.6
bergstrom,USW00013904,2021-10-28T05:53:00+00:00,2021-10-28T00:53:00-05:00,2021-10-27T23:53:00,FM-15,0.0,0.0,0,,12.875,13.9,60.0,2.6
bergstrom,USW00013904,2021-10-28T06:53:00+00:00,2021-10-28T01:53:00-05:00,2021-10-28T00:53:00,FM-15,0.0,0.0,0,,16.093,12.2,69.0,2.1
bergstrom,USW00013904,2021-10-28T07:53:00+00:00,2021-10-28T02:53:00-05:00,2021-10-28T01:53:00,FM-15,0.0,0.0,0,,16.093,13.9,53.0,2.6
bergstrom,USW00013904,2021-10-28T08:53:00+00:00,2021-10-28T03:53:00-05:00,2021-10-28T02:53:00,FM-15,0.0,0.0,0,,16.093,15.6,42.0,3.6
bergstrom,USW00013904,2021-10-28T09:53:00+00:00,2021-10-28T04:53:00-05:00,2021-10-28T03:53:00,FM-15,0.0,0.0,0,,16.093,15.0,44.0,3.6
bergstrom,USW00013904,2021-10-28T10:53:00+00:00,2021-10-28T05:53:00-05:00,2021-10-28T04:53:00,FM-15,0.0,0.0,0,,16.093,13.9,47.0,3.6
bergstrom,USW00013904,2021-10-28T11:53:00+00:00,2021-10-28T06:53:00-05:00,2021-10-28T05:53:00,FM-15,0.0,0.0,0,,16.093,13.3,49.0,3.1
bergstrom,USW00013904,2021-10-28T12:53:00+00:00,2021-10-28T07:53:00-05:00,2021-10-28T06:53:00,FM-15,0.0,0.0,0,,16.093,13.9,45.0,3.1
bergstrom,USW00013904,2021-10-28T13:53:00+00:00,2021-10-28T08:53:00-05:00,2021-10-28T07:53:00,FM-15,0.0,0.0,0,,16.093,16.7,35.0,4.6
bergstrom,USW00013904,2021-10-28T14:53:00+00:00,2021-10-28T09:53:00-05:00,2021-10-28T08:53:00,FM-15,0.0,0.0,0,,16.093,18.9,32.0,6.2
bergstrom,USW00013904,2021-10-28T15:53:00+00:00,2021-10-28T10:53:00-05:00,2021-10-28T09:53:00,FM-15,0.0,0.0,0,,16.093,21.1,29.0,6.2
bergstrom,USW00013904,2021-10-28T16:53:00+00:00,2021-10-28T11:53:00-05:00,2021-10-28T10:53:00,FM-15,0.0,0.0,0,,16.093,22.2,27.0,6.7
bergstrom,USW00013904,2021-10-28T17:53:00+00:00,2021-10-28T12:53:00-05:00,2021-10-28T11:53:00,FM-15,0.0,0.0,0,,16.093,24.4,22.0,8.2
bergstrom,USW00013904,2021-10-28T18:53:00+00:00,2021-10-28T13:53:00-05:00,2021-10-28T12:53:00,FM-15,0.0,0.0,0,,16.093,25.0,19.0,10.8
bergstrom,USW00013904,2021-10-28T19:53:00+00:00,2021-10-28T14:53:00-05:00,2021-10-28T13:53:00,FM-15,0.0,0.0,0,,16.093,25.6,20.0,6.2
bergstrom,USW00013904,2021-10-28T20:53:00+00:00,2021-10-28T15:53:00-05:00,2021-10-28T14:53:00,FM-15,0.0,0.0,0,,16.093,25.6,19.0,10.3
bergstrom,USW00013904,2021-10-28T21:53:00+00:00,2021-10-28T16:53:00-05:00,2021-10-28T15:53:00,FM-15,0.0,0.0,0,,16.093,25.0,18.0,11.3
bergstrom,USW00013904,2021-10-28T22:53:00+00:00,2021-10-28T17:53:00-05:00,2021-10-28T16:53:00,FM-15,0.0,0.0,0,,16.093,23.9,19.0,9.8
bergstrom,USW00013904,2021-10-28T23:53:00+00:00,2021-10-28T18:53:00-05:00,2021-10-28T17:53:00,FM-15,0.0,0.0,0,,16.093,22.8,21.0,6.7
bergstrom,USW00013904,2021-10-29T00:53:00+00:00,2021-10-28T19:53:00-05:00,2021-10-28T18:53:00,FM-15,0.0,0.0,0,,16.093,21.7,24.0,4.1
bergstrom,USW00013904,2021-10-29T01:53:00+00:00,2021-10-28T20:53:00-05:00,2021-10-28T19:53:00,FM-15,0.0,0.0,0,,16.093,20.0,27.0,3.1
bergstrom,USW00013904,2021-10-29T02:53:00+00:00,2021-10-28T21:53:00-05:00,2021-10-28T20:53:00,FM-15,0.0,0.0,0,,16.093,18.3,33.0,3.1
bergstrom,USW00013904,2021-10-29T03:53:00+00:00,2021-10-28T22:53:00-05:00,2021-10-28T21:53:00,FM-15,0.0,0.0,0,,16.093,17.2,34.0,2.6
bergstrom,USW00013904,2021-10-29T04:53:00+00:00,2021-10-28T23:53:00-05:00,2021-10-28T22:53:00,FM-15,0.0,0.0,0,,16.093,14.4,48.0,2.6
bergstrom,USW00013904,2021-10-29T05:53:00+00:00,2021-10-29T00:53:00-05:00,2021-10-28T23:53:00,FM-15,0.0,0.0,0,,16.093,15.6,41.0,2.1
bergstrom,USW00013904,2021-10-29T06:53:00+00:00,2021-10-29T01:53:00-05:00,2021-10-29T00:53:00,FM-15,0.0,0.0,0,,16.093,14.4,44.0,2.6
bergstrom,USW00013904,2021-10-29T07:53:00+00:00,2021-10-29T02:53:00-05:00,2021-10-29T01:53:00,FM-15,0.0,0.0,0,,16.093,14.4,42.0,2.6
bergstrom,USW00013904,2021-10-29T08:53:00+00:00,2021-10-29T03:53:00-05:00,2021-10-29T02:53:00,FM-15,0.0,0.0,0,,16.093,13.3,46.0,2.1
bergstrom,USW00013904,2021-10-29T09:53:00+00:00,2021-10-29T04:53:00-05:00,2021-10-29T03:53:00,FM-15,0.0,0.0,0,,16.093,13.9,41.0,2.6
bergstrom,USW00013904,2021-10-29T10:53:00+00:00,2021-10-29T05:53:00-05:00,2021-10-29T04:53:00,FM-15,0.0,0.0,0,,16.093,14.4,38.0,3.1
bergstrom,USW00013904,2021-10-29T11:53:00+00:00,2021-10-29T06:53:00-05:00,2021-10-29T05:53:00,FM-15,0.0,0.0,0,,16.093,14.4,36.0,3.1
bergstrom,USW00013904,2021-10-29T12:53:00+00:00,2021-10-29T07:53:00-05:00,2021-10-29T06:53:00,FM-15,0.0,0.0,0,,16.093,14.4,36.0,4.1
bergstrom,USW00013904,2021-10-29T13:53:00+00:00,2021-10-29T08:53:00-05:00,2021-10-29T07:53:00,FM-15,0.0,0.0,0,,16.093,15.6,35.0,5.7
bergstrom,USW00013904,2021-10-29T14:53:00+00:00,2021-10-29T09:53:00-05:00,2021-10-29T08:53:00,FM-15,0.0,0.0,0,,16.093,17.2,31.0,5.7
bergstrom,USW00013904,2021-10-29T15:53:00+00:00,2021-10-29T10:53:00-05:00,2021-10-29T09:53:00,FM-15,0.0,0.0,0,,16.093,18.3,29.0,5.7
bergstrom,USW00013904,2021-10-29T16:53:00+00:00,2021-10-29T11:53:00-05:00,2021-10-29T10:53:00,FM-15,0.0,0.0,0,,16.093,20.6,22.0,9.3
bergstrom,USW00013904,2021-10-29T17:53:00+00:00,2021-10-29T12:53:00-05:00,2021-10-29T11:53:00,FM-15,0.0,0.0,0,,16.093,21.7,22.0,7.2
bergstrom,USW00013904,2021-10-29T18:53:00+00:00,2021-10-29T13:53:00-05:00,2021-10-29T12:53:00,FM-15,0.0,0.0,0,,16.093,22.2,20.0,6.2
bergstrom,USW00013904,2021-10-29T19:53:00+00:00,2021-10-29T14:53:00-05:00,2021-10-29T13:53:00,FM-15,0.0,0.0,0,,16.093,23.3,16.0,8.8
bergstrom,USW00013904,2021-10-29T20:53:00+00:00,2021-10-29T15:53:00-05:00,2021-10-29T14:53:00,FM-15,0.0,0.0,0,,16.093,23.3,14.0,6.2
bergstrom,USW00013904,2021-10-29T21:53:00+00:00,2021-10-29T16:53:00-05:00,2021-10-29T15:53:00,FM-15,0.0,0.0,0,,16.093,23.3,14.0,6.2
bergstrom,USW00013904,2021-10-29T22:53:00+00:00,2021-10-29T17:53:00-05:00,2021-10-29T16:53:00,FM-15,0.0,0.0,0,,16.093,22.2,17.0,5.7
bergstrom,USW00013904,2021-10-29T23:53:00+00:00,2021-10-29T18:53:00-05:00,2021-10-29T17:53:00,FM-15,0.0,0.0,0,,16.093,19.4,23.0,2.6
bergstrom,USW00013904,2021-10-30T00:53:00+00:00,2021-10-29T19:53:00-05:00,2021-10-29T18:53:00,FM-15,0.0,0.0,0,,16.093,12.2,51.0,1.5
bergstrom,USW00013904,2021-10-30T01:53:00+00:00,2021-10-29T20:53:00-05:00,2021-10-29T19:53:00,FM-15,0.0,0.0,0,,16.093,10.0,68.0,0.0
bergstrom,USW00013904,2021-10-30T02:53:00+00:00,2021-10-29T21:53:00-05:00,2021-10-29T20:53:00,FM-15,0.0,0.0,0,,16.093,10.6,66.0,1.5
bergstrom,USW00013904,2021-10-30T03:53:00+00:00,2021-10-29T22:53:00-05:00,2021-10-29T21:53:00,FM-15,0.0,0.0,0,,16.093,8.9,77.0,2.1
bergstrom,USW00013904,2021-10-30T04:53:00+00:00,2021-10-29T23:53:00-05:00,2021-10-29T22:53:00,FM-15,0.0,0.0,0,,16.093,10.0,61.0,3.6
bergstrom,USW00013904,2021-10-30T05:53:00+00:00,2021-10-30T00:53:00-05:00,2021-10-29T23:53:00,FM-15,0.0,0.0,0,,16.093,9.4,64.0,3.1
bergstrom,USW00013904,2021-10-30T06:53:00+00:00,2021-10-30T01:53:00-05:00,2021-10-30T00:53:00,FM-15,0.0,0.0,0,,16.093,8.3,69.0,3.1
bergstrom,USW00013904,2021-10-30T07:53:00+00:00,2021-10-30T02:53:00-05:00,2021-10-30T01:53:00,FM-15,0.0,0.0,0,,16.093,9.4,61.0,2.1
bergstrom,USW00013904,2021-10-30T08:53:00+00:00,2021-10-30T03:53:00-05:00,2021-10-30T02:53:00,FM-15,0.0,0.0,0,,16.093,9.4,61.0,3.6
bergstrom,USW00013904,2021-10-30T09:53:00+00:00,2021-10-30T04:53:00-05:00,2021-10-30T03:53:00,FM-15,0.0,0.0,0,,16.093,8.3,66.0,2.1
bergstrom,USW00013904,2021-10-30T10:53:00+00:00,2021-10-30T05:53:00-05:00,2021-10-30T04:53:00,FM-15,0.0,0.0,0,,16.093,7.2,71.0,0.0
bergstrom,USW00013904,2021-10-30T11:53:00+00:00,2021-10-30T06:53:00-05:00,2021-10-30T05:53:00,FM-15,0.0,0.0,0,,16.093,5.6,85.0,0.0
bergstrom,USW00013904,2021-10-30T12:53:00+00:00,2021-10-30T07:53:00-05:00,2021-10-30T06:53:00,FM-15,0.0,0.0,0,,16.093,4.4,93.0,0.0
bergstrom,USW00013904,2021-10-30T13:53:00+00:00,2021-10-30T08:53:00-05:00,2021-10-30T07:53:00,FM-15,0.0,0.0,0,,16.093,11.1,66.0,0.0
bergstrom,USW00013904,2021-10-30T14:53:00+00:00,2021-10-30T09:53:00-05:00,2021-10-30T08:53:00,FM-15,0.0,0.0,0,,16.093,17.2,43.0,0.0
bergstrom,USW00013904,2021-10-30T15:53:00+00:00,2021-10-30T10:53:00-05:00,2021-10-30T09:53:00,FM-15,0.0,0.0,0,,16.093,20.6,29.0,1.5
bergstrom,USW00013904,2021-10-30T16:53:00+00:00,2021-10-30T11:53:00-05:00,2021-10-30T10:53:00,FM-15,0.0,0.0,0,,16.093,21.1,26.0,0.0
bergstrom,USW00013904,2021-10-30T17:53:00+00:00,2021-10-30T12:53:00-05:00,2021-10-30T11:53:00,FM-15,0.0,0.0,0,,16.093,23.9,22.0,3.1
bergstrom,USW00013904,2021-10-30T18:53:00+00:00,2021-10-30T13:53:00-05:00,2021-10-30T12:53:00,FM-15,0.0,0.0,0,,16.093,25.0,21.0,1.5
bergstrom,USW00013904,2021-10-30T19:53:00+00:00,2021-10-30T14:53:00-05:00,2021-10-30T13:53:00,FM-15,0.0,0.0,0,,16.093,25.6,25.0,4.6
bergstrom,USW00013904,2021-10-30T20:53:00+00:00,2021-10-30T15:53:00-05:00,2021-10-30T14:53:00,FM-15,0.0,0.0,0,,16.093,26.1,25.0,2.6
bergstrom,USW00013904,2021-10-30T21:53:00+00:00,2021-10-30T16:53:00-05:00,2021-10-30T15:53:00,FM-15,0.0,0.0,0,,16.093,26.1,25.0,3.1
bergstrom,USW00013904,2021-10-30T22:53:00+00:00,2021-10-30T17:53:00-05:00,2021-10-30T16:53:00,FM-15,0.0,0.0,0,,16.093,24.4,30.0,3.6
bergstrom,USW00013904,2021-10-30T23:53:00+00:00,2021-10-30T18:53:00-05:00,2021-10-30T17:53:00,FM-15,0.0,0.0,0,,16.093,18.3,49.0,2.1
bergstrom,USW00013904,2021-10-31T00:53:00+00:00,2021-10-30T19:53:00-05:00,2021-10-30T18:53:00,FM-15,0.0,0.0,0,,16.093,14.4,67.0,1.5
bergstrom,USW00013904,2021-10-31T01:53:00+00:00,2021-10-30T20:53:00-05:00,2021-10-30T19:53:00,FM-15,0.0,0.0,0,,16.093,13.3,70.0,0.0
bergstrom,USW00013904,2021-10-31T02:53:00+00:00,2021-10-30T21:53:00-05:00,2021-10-30T20:53:00,FM-15,0.0,0.0,0,,16.093,11.7,80.0,0.0
bergstrom,USW00013904,2021-10-31T03:53:00+00:00,2021-10-30T22:53:00-05:00,2021-10-30T21:53:00,FM-15,0.0,0.0,0,,16.093,10.0,83.0,0.0
bergstrom,USW00013904,2021-10-31T04:53:00+00:00,2021-10-30T23:53:00-05:00,2021-10-30T22:53:00,FM-15,0.0,0.0,0,,16.093,10.0,86.0,0.0
bergstrom,USW00013904,2021-10-31T05:53:00+00:00,2021-10-31T00:53:00-05:00,2021-10-30T23:53:00,FM-15,0.0,0.0,0,,16.093,9.4,86.0,0.0
bergstrom,USW00013904,2021-10-31T06:53:00+00:00,2021-10-31T01:53:00-05:00,2021-10-31T00:53:00,FM-15,0.0,0.0,0,,16.093,8.3,90.0,0.0
bergstrom,USW00013904,2021-10-31T07:53:00+00:00,2021-10-31T02:53:00-05:00,2021-10-31T01:53:00,FM-15,0.0,0.0,0,,16.093,8.3,90.0,0.0
bergstrom,USW00013904,2021-10-31T08:53:00+00:00,2021-10-31T03:53:00-05:00,2021-10-31T02:53:00,FM-15,0.0,0.0,0,,16.093,7.8,93.0,0.0
bergstrom,USW00013904,2021-10-31T09:53:00+00:00,2021-10-31T04:53:00-05:00,2021-10-31T03:53:00,FM-15,0.0,0.0,0,,16.093,6.7,96.0,0.0
bergstrom,USW00013904,2021-10-31T10:53:00+00:00,2021-10-31T05:53:00-05:00,2021-10-31T04:53:00,FM-15,0.0,0.0,0,,16.093,6.1,97.0,0.0
bergstrom,USW00013904,2021-10-31T11:53:00+00:00,2021-10-31T06:53:00-05:00,2021-10-31T05:53:00,FM-15,0.0,0.0,0,,16.093,6.1,97.0,0.0
bergstrom,USW00013904,2021-10-31T12:53:00+00:00,2021-10-31T07:53:00-05:00,2021-10-31T06:53:00,FM-15,0.0,0.0,0,,16.093,7.2,90.0,0.0
bergstrom,USW00013904,2021-10-31T13:53:00+00:00,2021-10-31T08:53:00-05:00,2021-10-31T07:53:00,FM-15,0.0,0.0,0,,16.093,12.2,83.0,0.0
bergstrom,USW00013904,2021-10-31T14:53:00+00:00,2021-10-31T09:53:00-05:00,2021-10-31T08:53:00,FM-15,0.0,0.0,0,,16.093,16.7,70.0,0.0
bergstrom,USW00013904,2021-10-31T15:53:00+00:00,2021-10-31T10:53:00-05:00,2021-10-31T09:53:00,FM-15,0.0,0.0,0,,16.093,22.8,59.0,3.1
bergstrom,USW00013904,2021-10-31T16:53:00+00:00,2021-10-31T11:53:00-05:00,2021-10-31T10:53:00,FM-15,0.0,0.0,0,,16.093,24.4,56.0,5.1
bergstrom,USW00013904,2021-10-31T17:53:00+00:00,2021-10-31T12:53:00-05:00,2021-10-31T11:53:00,FM-15,0.0,0.0,0,,16.093,26.1,50.0,4.1
bergstrom,USW00013904,2021-10-31T18:53:00+00:00,2021-10-31T13:53:00-05:00,2021-10-31T12:53:00,FM-15,0.0,0.0,0,,16.093,27.2,41.0,5.1
bergstrom,USW00013904,2021-10-31T19:53:00+00:00,2021-10-31T14:53:00-05:00,2021-10-31T13:53:00,FM-15,0.0,0.0,0,,16.093,27.2,42.0,4.6
bergstrom,USW00013904,2021-10-31T20:53:00+00:00,2021-10-31T15:53:00-05:00,2021-10-31T14:53:00,FM-15,0.0,0.0,0,,16.093,27.2,42.0,4.1
bergstrom,USW00013904,2021-10-31T21:53:00+00:00,2021-10-31T16:53:00-05:00,2021-10-31T15:53:00,FM-15,0.0,0.0,0,,16.093,27.2,39.0,4.6
bergstrom,USW00013904,2021-10-31T22:53:00+00:00,2021-10-31T17:53:00-05:00,2021-10-31T16:53:00,FM-15,0.0,0.0,0,,16.093,26.1,39.0,3.6
bergstrom,USW00013904,2021-10-31T23:53:00+00:00,2021-10-31T18:53:00-05:00,2021-10-31T17:53:00,FM-15,0.0,0.0,0,,16.093,23.3,46.0,2.6
bergstrom,USW00013904,2021-11-01T00:53:00+00:00,2021-10-31T19:53:00-05:00,2021-10-31T18:53:00,FM-15,0.0,0.0,0,,16.093,17.2,70.0,0.0
bergstrom,USW00013904,2021-11-01T01:53:00+00:00,2021-10-31T20:53:00-05:00,2021-10-31T19:53:00,FM-15,0.0,0.0,0,,16.093,16.1,75.0,0.0
bergstrom,USW00013904,2021-11-01T02:53:00+00:00,2021-10-31T21:53:00-05:00,2021-10-31T20:53:00,FM-15,0.0,0.0,0,,16.093,13.9,87.0,0.0
bergstrom,USW00013904,2021-11-01T03:53:00+00:00,2021-10-31T22:53:00-05:00,2021-10-31T21:53:00,FM-15,0.0,0.0,0,,16.093,12.8,90.0,0.0
bergstrom,USW00013904,2021-11-01T04:53:00+00:00,2021-10-31T23:53:00-05:00,2021-10-31T22:53:00,FM-15,0.0,0.0,0,,16.093,11.1,97.0,0.0
bergstrom,USW00013904,2021-11-01T05:53:00+00:00,2021-11-01T00:53:00-05:00,2021-10-31T23:53:00,FM-15,0.0,0.0,0,,16.093,11.1,93.0,0.0
bergstrom,USW00013904,2021-11-01T06:53:00+00:00,2021-11-01T01:53:00-05:00,2021-11-01T00:53:00,FM-15,0.0,0.0,0,,16.093,10.0,96.0,0.0
bergstrom,USW00013904,2021-11-01T07:53:00+00:00,2021-11-01T02:53:00-05:00,2021-11-01T01:53:00,FM-15,0.0,0.0,0,,16.093,10.6,92.0,0.0
bergstrom,USW00013904,2021-11-01T08:53:00+00:00,2021-11-01T03:53:00-05:00,2021-11-01T02:53:00,FM-15,0.0,0.0,0,,16.093,10.0,96.0,0.0
bergstrom,USW00013904,2021-11-01T09:53:00+00:00,2021-11-01T04:53:00-05:00,2021-11-01T03:53:00,FM-15,0.0,0.0,0,,16.093,9.4,97.0,0.0
bergstrom,USW00013904,2021-11-01T10:53:00+00:00,2021-11-01T05:53:00-05:00,2021-11-01T04:53:00,FM-15,0.0,0.0,0,,16.093,9.4,93.0,0.0
bergstrom,USW00013904,2021-11-01T11:53:00+00:00,2021-11-01T06:53:00-05:00,2021-11-01T05:53:00,FM-15,0.0,0.0,0,,16.093,9.4,93.0,0.0
bergstrom,USW00013904,2021-11-01T12:53:00+00:00,2021-11-01T07:53:00-05:00,2021-11-01T06:53:00,FM-15,0.0,0.0,0,,12.875,8.3,100.0,0.0
bergstrom,USW00013904,2021-11-01T13:53:00+00:00,2021-11-01T08:53:00-05:00,2021-11-01T07:53:00,FM-15,0.0,0.0,0,,12.875,13.3,90.0,0.0
bergstrom,USW00013904,2021-11-01T14:53:00+00:00,2021-11-01T09:53:00-05:00,2021-11-01T08:53:00,FM-15,0.0,0.0,0,,16.093,16.7,78.0,0.0
bergstrom,USW00013904,2021-11-01T15:53:00+00:00,2021-11-01T10:53:00-05:00,2021-11-01T09:53:00,FM-15,0.0,0.0,0,,16.093,20.6,70.0,0.0
bergstrom,USW00013904,2021-11-01T16:53:00+00:00,2021-11-01T11:53:00-05:00,2021-11-01T10:53:00,FM-15,0.0,0.0,0,,16.093,23.3,62.0,3.6
bergstrom,USW00013904,2021-11-01T17:53:00+00:00,2021-11-01T12:53:00-05:00,2021-11-01T11:53:00,FM-15,0.0,0.0,0,,16.093,24.4,58.0,3.6
bergstrom,USW00013904,2021-11-01T18:53:00+00:00,2021-11-01T13:53:00-05:00,2021-11-01T12:53:00,FM-15,0.0,0.0,0,,16.093,25.6,48.0,5.1
bergstrom,USW00013904,2021-11-01T19:53:00+00:00,2021-11-01T14:53:00-05:00,2021-11-01T13:53:00,FM-15,0.0,0.0,0,,16.093,26.7,45.0,4.1
bergstrom,USW00013904,2021-11-01T20:53:00+00:00,2021-11-01T15:53:00-05:00,2021-11-01T14:53:00,FM-15,0.0,0.0,0,,16.093,26.7,44.0,5.1
bergstrom,USW00013904,2021-11-01T21:53:00+00:00,2021-11-01T16:53:00-05:00,2021-11-01T15:53:00,FM-15,0.0,0.0,0,,16.093,26.7,45.0,5.7
bergstrom,USW00013904,2021-11-01T22:53:00+00:00,2021-11-01T17:53:00-05:00,2021-11-01T16:53:00,FM-15,0.0,0.0,0,,16.093,25.6,48.0,4.1
bergstrom,USW00013904,2021-11-01T23:53:00+00:00,2021-11-01T18:53:00-05:00,2021-11-01T17:53:00,FM-15,0.0,0.0,0,,16.093,21.1,66.0,2.6
bergstrom,USW00013904,2021-11-02T00:53:00+00:00,2021-11-01T19:53:00-05:00,2021-11-01T18:53:00,FM-15,0.0,0.0,0,,16.093,17.8,81.0,1.5
bergstrom,USW00013904,2021-11-02T01:53:00+00:00,2021-11-01T20:53:00-05:00,2021-11-01T19:53:00,FM-15,0.0,0.0,0,,16.093,17.2,84.0,0.0
bergstrom,USW00013904,2021-11-02T02:53:00+00:00,2021-11-01T21:53:00-05:00,2021-11-01T20:53:00,FM-15,0.0,0.0,0,,16.093,15.0,93.0,1.5
bergstrom,USW00013904,2021-11-02T03:53:00+00:00,2021-11-01T22:53:00-05:00,2021-11-01T21:53:00,FM-15,0.0,0.0,0,,16.093,14.4,97.0,0.0
bergstrom,USW00013904,2021-11-02T04:53:00+00:00,2021-11-01T23:53:00-05:00,2021-11-01T22:53:00,FM-15,0.0,0.0,0,,16.093,14.4,97.0,0.0
bergstrom,USW00013904,2021-11-02T05:53:00+00:00,2021-11-02T00:53:00-05:00,2021-11-01T23:53:00,FM-15,0.0,0.0,0,,16.093,13.3,100.0,0.0
bergstrom,USW00013904,2021-11-02T06:53:00+00:00,2021-11-02T01:53:00-05:00,2021-11-02T00:53:00,FM-15,0.0,0.0,0,,16.093,11.7,100.0,0.0
bergstrom,USW00013904,2021-11-02T07:53:00+00:00,2021-11-02T02:53:00-05:00,2021-11-02T01:53:00,FM-15,0.0,0.0,0,,16.093,11.7,100.0,0.0
bergstrom,USW00013904,2021-11-02T08:05:00+00:00,2021-11-02T03:05:00-05:00,2021-11-02T02:05:00,FM-16,,,0,BCFG:2 |FG |,14.484,12.2,97.0,0.0
bergstrom,USW00013904,2021-11-02T08:53:00+00:00,2021-11-02T03:53:00-05:00,2021-11-02T02:53:00,FM-15,0.0,0.0,0,BCFG:2 |FG |,16.093,12.2,93.0,0.0
bergstrom,USW00013904,2021-11-02T09:53:00+00:00,2021-11-02T04:53:00-05:00,2021-11-02T03:53:00,FM-15,0.0,0.0,0,,16.093,12.8,96.0,0.0
bergstrom,USW00013904,2021-11-02T10:51:00+00:00,2021-11-02T05:51:00-05:00,2021-11-02T04:51:00,FM-16,,,0,,16.093,12.0,100.0,0.0
bergstrom,USW00013904,2021-11-02T10:53:00+00:00,2021-11-02T05:53:00-05:00,2021-11-02T04:53:00,FM-15,0.0,0.0,0,,16.093,12.2,100.0,1.5
bergstrom,USW00013904,2021-11-02T11:53:00+00:00,2021-11-02T06:53:00-05:00,2021-11-02T05:53:00,FM-15,0.0,0.0,0,,16.093,12.8,96.0,0.0
bergstrom,USW00013904,2021-11-02T12:53:00+00:00,2021-11-02T07:53:00-05:00,2021-11-02T06:53:00,FM-15,0.0,0.0,0,,12.875,12.8,96.0,0.0
bergstrom,USW00013904,2021-11-02T13:53:00+00:00,2021-11-02T08:53:00-05:00,2021-11-02T07:53:00,FM-15,0.0,0.0,0,,14.484,16.1,93.0,0.0
bergstrom,USW00013904,2021-11-02T14:25:00+00:00,2021-11-02T09:25:00-05:00,2021-11-02T08:25:00,FM-16,,,0,,16.093,17.2,90.0,1.5
bergstrom,USW00013904,2021-11-02T14:51:00+00:00,2021-11-02T09:51:00-05:00,2021-11-02T08:51:00,FM-16,,,0,,16.093,18.0,88.0,2.6
bergstrom,USW00013904,2021-11-02T14:53:00+00:00,2021-11-02T09:53:00-05:00,2021-11-02T08:53:00,FM-15,0.0,0.0,0,,3.219,17.8,93.0,2.1
bergstrom,USW00013904,2021-11-02T15:09:00+00:00,2021-11-02T10:09:00-05:00,2021-11-02T09:09:00,FM-16,,,0,,0.805,17.2,97.0,3.1
bergstrom,USW00013904,2021-11-02T15:48:00+00:00,2021-11-02T10:48:00-05:00,2021-11-02T09:48:00,FM-16,,,0,,0.805,18.0,94.0,3.1
bergstrom,USW00013904,2021-11-02T15:53:00+00:00,2021-11-02T10:53:00-05:00,2021-11-02T09:53:00,FM-15,0.0,0.0,0,,0.805,17.8,93.0,2.6
bergstrom,USW00013904,2021-11-02T15:58:00+00:00,2021-11-02T10:58:00-05:00,2021-11-02T09:58:00,FM-16,,,0,,1.609,17.8,93.0,2.6
bergstrom,USW00013904,2021-11-02T16:28:00+00:00,2021-11-02T11:28:00-05:00,2021-11-02T10:28:00,FM-16,,,0,,1.609,18.9,90.0,2.1
bergstrom,USW00013904,2021-11-02T16:37:00+00:00,2021-11-02T11:37:00-05:00,2021-11-02T10:37:00,FM-16,,,0,,4.828,19.4,87.0,0.0
bergstrom,USW00013904,2021-11-02T16:53:00+00:00,2021-11-02T11:53:00-05:00,2021-11-02T10:53:00,FM-15,0.0,0.0,0,,14.484,21.1,82.0,2.1
bergstrom,USW00013904,2021-11-02T17:10:00+00:00,2021-11-02T12:10:00-05:00,2021-11-02T11:10:00,FM-16,,,0,,16.093,21.7,79.0,2.6
bergstrom,USW00013904,2021-11-02T17:53:00+00:00,2021-11-02T12:53:00-05:00,2021-11-02T11:53:00,FM-15,0.0,0.0,0,,16.093,24.4,67.0,1.5
bergstrom,USW00013904,2021-11-02T18:53:00+00:00,2021-11-02T13:53:00-05:00,2021-11-02T12:53:00,FM-15,0.0,0.0,0,,16.093,24.4,67.0,2.6
bergstrom,USW00013904,2021-11-02T19:53:00+00:00,2021-11-02T14:53:00-05:00,2021-11-02T13:53:00,FM-15,0.0,0.0,0,,16.093,24.4,62.0,2.1
bergstrom,USW00013904,2021-11-02T20:53:00+00:00,2021-11-02T15:53:00-05:00,2021-11-02T14:53:00,FM-15,0.0,0.0,0,,16.093,25.0,60.0,0.0
bergstrom,USW00013904,2021-11-02T21:53:00+00:00,2021-11-02T16:53:00-05:00,2021-11-02T15:53:00,FM-15,0.0,0.0,0,,16.093,25.6,58.0,3.1
bergstrom,USW00013904,2021-11-02T22:53:00+00:00,2021-11-02T17:53:00-05:00,2021-11-02T16:53:00,FM-15,0.0,0.0,0,,16.093,24.4,64.0,3.6
bergstrom,USW00013904,2021-11-02T23:53:00+00:00,2021-11-02T18:53:00-05:00,2021-11-02T17:53:00,FM-15,0.0,0.0,0,,16.093,23.3,69.0,2.6
bergstrom,USW00013904,2021-11-03T00:53:00+00:00,2021-11-02T19:53:00-05:00,2021-11-02T18:53:00,FM-15,0.0,0.0,0,,16.093,21.1,76.0,3.6
bergstrom,USW00013904,2021-11-03T01:53:00+00:00,2021-11-02T20:53:00-05:00,2021-11-02T19:53:00,FM-15,0.0,0.0,0,,16.093,20.6,78.0,2.6
bergstrom,USW00013904,2021-11-03T02:53:00+00:00,2021-11-02T21:53:00-05:00,2021-11-02T20:53:00,FM-15,0.0,0.0,0,,16.093,20.6,78.0,0.0
bergstrom,USW00013904,2021-11-03T03:30:00+00:00,2021-11-02T22:30:00-05:00,2021-11-02T21:30:00,FM-16,,,0,,16.093,20.6,78.0,4.1
bergstrom,USW00013904,2021-11-03T03:53:00+00:00,2021-11-02T22:53:00-05:00,2021-11-02T21:53:00,FM-15,0.0,0.0,0,,16.093,20.0,78.0,3.6
bergstrom,USW00013904,2021-11-03T04:53:00+00:00,2021-11-02T23:53:00-05:00,2021-11-02T22:53:00,FM-15,0.0,0.0,0,,16.093,20.0,81.0,2.6
bergstrom,USW00013904,2021-11-03T05:53:00+00:00,2021-11-03T00:53:00-05:00,2021-11-02T23:53:00,FM-15,0.0,0.0,0,,16.093,18.9,87.0,2.6
bergstrom,USW00013904,2021-11-03T06:53:00+00:00,2021-11-03T01:53:00-05:00,2021-11-03T00:53:00,FM-15,0.0,0.0,0,,16.093,17.8,90.0,2.6
bergstrom,USW00013904,2021-11-03T07:53:00+00:00,2021-11-03T02:53:00-05:00,2021-11-03T01:53:00,FM-15,0.0,0.0,0,,16.093,17.8,87.0,1.5
bergstrom,USW00013904,2021-11-03T08:40:00+00:00,2021-11-03T03:40:00-05:00,2021-11-03T02:40:00,FM-16,,,0,,16.093,17.2,90.0,1.5
bergstrom,USW00013904,2021-11-03T08:53:00+00:00,2021-11-03T03:53:00-05:00,2021-11-03T02:53:00,FM-15,0.0,0.0,0,,16.093,17.2,90.0,0.0
bergstrom,USW00013904,2021-11-03T09:11:00+00:00,2021-11-03T04:11:00-05:00,2021-11-03T03:11:00,FM-16,,,0,,16.093,17.2,90.0,2.6
bergstrom,USW00013904,2021-11-03T09:53:00+00:00,2021-11-03T04:53:00-05:00,2021-11-03T03:53:00,FM-15,0.0,0.0,0,,12.875,17.2,90.0,3.6
bergstrom,USW00013904,2021-11-03T10:53:00+00:00,2021-11-03T05:53:00-05:00,2021-11-03T04:53:00,FM-15,,T,1,,14.484,16.7,90.0,2.6
bergstrom,USW00013904,2021-11-03T11:45:00+00:00,2021-11-03T06:45:00-05:00,2021-11-03T05:45:00,FM-16,,,0,,14.484,16.7,90.0,4.6
bergstrom,USW00013904,2021-11-03T11:53:00+00:00,2021-11-03T06:53:00-05:00,2021-11-03T05:53:00,FM-15,0.0,0.0,0,,14.484,16.7,90.0,3.6
bergstrom,USW00013904,2021-11-03T12:51:00+00:00,2021-11-03T07:51:00-05:00,2021-11-03T06:51:00,FM-16,,,1,-RA:02 |RA |RA,16.093,16.0,94.0,3.1
bergstrom,USW00013904,2021-11-03T12:53:00+00:00,2021-11-03T07:53:00-05:00,2021-11-03T06:53:00,FM-15,,T,1,-RA:02 |RA |RA,16.093,16.1,93.0,3.1
bergstrom,USW00013904,2021-11-03T13:21:00+00:00,2021-11-03T08:21:00-05:00,2021-11-03T07:21:00,FM-16,,,1,-RA:02 |RA |RA,4.828,15.6,93.0,4.1
bergstrom,USW00013904,2021-11-03T13:53:00+00:00,2021-11-03T08:53:00-05:00,2021-11-03T07:53:00,FM-15,1.0,1.0,1,-RA:02 |RA |RA,4.828,13.9,96.0,8.2
bergstrom,USW00013904,2021-11-03T14:35:00+00:00,2021-11-03T09:35:00-05:00,2021-11-03T08:35:00,FM-16,,,1,RA:02 BR:1 |RA s BR s |RA s,0.805,13.3,90.0,9.3
bergstrom,USW00013904,2021-11-03T14:41:00+00:00,2021-11-03T09:41:00-05:00,2021-11-03T08:41:00,FM-16,,,1,TS -RA:02 BR:1 |TS s RA s BR s |RA s,0.805,12.8,93.0,6.2
bergstrom,USW00013904,2021-11-03T14:51:00+00:00,2021-11-03T09:51:00-05:00,2021-11-03T08:51:00,FM-16,,,1,TS -RA:02 BR:1 |TS RA BR |RA,2.414,13.0,94.0,6.2
bergstrom,USW00013904,2021-11-03T14:53:00+00:00,2021-11-03T09:53:00-05:00,2021-11-03T08:53:00,FM-15,7.1,7.1,1,TS -RA:02 BR:1 |TS RA BR |RA,9.656,12.8,93.0,5.1
bergstrom,USW00013904,2021-11-03T15:23:00+00:00,2021-11-03T10:23:00-05:00,2021-11-03T09:23:00,FM-16,,,1,-RA:02 |RA |RA,11.265,12.8,93.0,5.7
bergstrom,USW00013904,2021-11-03T15:46:00+00:00,2021-11-03T10:46:00-05:00,2021-11-03T09:46:00,FM-16,,,1,-RA:02 |RA |RA,11.265,12.2,93.0,5.7
bergstrom,USW00013904,2021-11-03T15:53:00+00:00,2021-11-03T10:53:00-05:00,2021-11-03T09:53:00,FM-15,2.3,2.3,1,-RA:02 |RA |RA,11.265,12.2,93.0,4.6
bergstrom,USW00013904,2021-11-03T16:05:00+00:00,2021-11-03T11:05:00-05:00,2021-11-03T10:05:00,FM-16,,,1,-RA:02 BR:1 |RA BR |RA,2.414,12.2,93.0,4.1
bergstrom,USW00013904,2021-11-03T16:17:00+00:00,2021-11-03T11:17:00-05:00,2021-11-03T10:17:00,FM-16,,,1,TS RA:02 BR:1 |TS RA BR |RA,2.414,11.7,96.0,6.2
bergstrom,USW00013904,2021-11-03T16:51:00+00:00,2021-11-03T11:51:00-05:00,2021-11-03T10:51:00,FM-16,,,1,TS -RA:02 BR:1 |TS RA BR |RA,2.414,12.0,94.0,7.7
bergstrom,USW00013904,2021-11-03T16:53:00+00:00,2021-11-03T11:53:00-05:00,2021-11-03T10:53:00,FM-15,14.2,14.2,1,TS -RA:02 BR:1 |TS RA BR |RA,2.414,11.7,96.0,6.2
bergstrom,USW00013904,2021-11-03T17:35:00+00:00,2021-11-03T12:35:00-05:00,2021-11-03T11:35:00,FM-16,,,1,TS -RA:02 BR:1 |TS RA BR |RA,2.414,12.2,93.0,7.2
bergstrom,USW00013904,2021-11-03T17:38:00+00:00,2021-11-03T12:38:00-05:00,2021-11-03T11:38:00,FM-16,,,1,TS -RA:02 BR:1 |TS RA BR |RA,6.437,12.2,93.0,7.7
bergstrom,USW00013904,2021-11-03T17:53:00+00:00,2021-11-03T12:53:00-05:00,2021-11-03T11:53:00,FM-15,5.6,5.6,1,TS -RA:02 BR:1 |TS RA BR |RA,8.047,11.7,96.0,4.6
bergstrom,USW00013904,2021-11-03T18:37:00+00:00,2021-11-03T13:37:00-05:00,2021-11-03T12:37:00,FM-16,,,1,RA:02 BR:1 |RA BR |RA,8.047,11.1,97.0,8.2
bergstrom,USW00013904,2021-11-03T18:53:00+00:00,2021-11-03T13:53:00-05:00,2021-11-03T12:53:00,FM-15,4.6,4.6,1,-RA:02 BR:1 |RA BR |RA,8.047,11.7,93.0,6.2
bergstrom,USW00013904,2021-11-03T19:53:00+00:00,2021-11-03T14:53:00-05:00,2021-11-03T13:53:00,FM-15,4.6,4.6,1,-RA:02 |RA |RA,11.265,11.7,93.0,5.7
bergstrom,USW00013904,2021-11-03T20:13:00+00:00,2021-11-03T15:13:00-05:00,2021-11-03T14:13:00,FM-16,,,1,-RA:02 |RA |RA,11.265,11.1,93.0,6.7
bergstrom,USW00013904,2021-11-03T20:53:00+00:00,2021-11-03T15:53:00-05:00,2021-11-03T14:53:00,FM-15,2.3,2.3,1,-RA:02 |RA |RA,14.484,11.1,93.0,4.1
bergstrom,USW00013904,2021-11-03T21:53:00+00:00,2021-11-03T16:53:00-05:00,2021-11-03T15:53:00,FM-15,6.1,6.1,1,+RA:02 BR:1 |RA BR |RA,9.656,11.1,97.0,3.1
bergstrom,USW00013904,2021-11-03T22:53:00+00:00,2021-11-03T17:53:00-05:00,2021-11-03T16:53:00,FM-15,1.8,1.8,1,RA:02 |RA |RA,12.875,11.7,93.0,6.2
bergstrom,USW00013904,2021-11-03T23:27:00+00:00,2021-11-03T18:27:00-05:00,2021-11-03T17:27:00,FM-16,,,1,-RA:02 |RA |RA,12.875,11.7,93.0,4.6
bergstrom,USW00013904,2021-11-03T23:51:00+00:00,2021-11-03T18:51:00-05:00,2021-11-03T17:51:00,FM-16,,,1,-RA:02 |RA |RA,12.875,11.0,100.0,6.7
bergstrom,USW00013904,2021-11-03T23:53:00+00:00,2021-11-03T18:53:00-05:00,2021-11-03T17:53:00,FM-15,1.3,1.3,1,-RA:02 |RA |RA,12.875,11.1,93.0,6.2
bergstrom,USW00013904,2021-11-04T00:53:00+00:00,2021-11-03T19:53:00-05:00,2021-11-03T18:53:00,FM-15,0.8,0.8,1,,16.093,11.1,89.0,6.7
bergstrom,USW00013904,2021-11-04T01:53:00+00:00,2021-11-03T20:53:00-05:00,2021-11-03T19:53:00,FM-15,,T,1,,16.093,10.6,89.0,7.7
bergstrom,USW00013904,2021-11-04T02:53:00+00:00,2021-11-03T21:53:00-05:00,2021-11-03T20:53:00,FM-15,,T,1,-DZ:01 BR:1 |DZ BR |DZ,9.656,10.0,93.0,6.7
bergstrom,USW00013904,2021-11-04T03:53:00+00:00,2021-11-03T22:53:00-05:00,2021-11-03T21:53:00,FM-15,,T,1,-DZ:01 |DZ |DZ,11.265,10.0,93.0,6.2
bergstrom,USW00013904,2021-11-04T04:51:00+00:00,2021-11-03T23:51:00-05:00,2021-11-03T22:51:00,FM-16,,,0,,12.875,10.0,88.0,6.7
bergstrom,USW00013904,2021-11-04T04:53:00+00:00,2021-11-03T23:53:00-05:00,2021-11-03T22:53:00,FM-15,,T,1,,12.875,10.0,89.0,6.7
bergstrom,USW00013904,2021-11-04T05:31:00+00:00,2021-11-04T00:31:00-05:00,2021-11-03T23:31:00,FM-16,,,0,,16.093,10.0,89.0,7.2
bergstrom,USW00013904,2021-11-04T05:53:00+00:00,2021-11-04T00:53:00-05:00,2021-11-03T23:53:00,FM-15,0.0,0.0,0,,16.093,10.0,89.0,6.2
bergstrom,USW00013904,2021-11-04T06:19:00+00:00,2021-11-04T01:19:00-05:00,2021-11-04T00:19:00,FM-16,,,0,,16.093,10.0,89.0,6.7
bergstrom,USW00013904,2021-11-04T06:53:00+00:00,2021-11-04T01:53:00-05:00,2021-11-04T00:53:00,FM-15,0.0,0.0,0,,16.093,10.0,86.0,6.7
bergstrom,USW00013904,2021-11-04T07:53:00+00:00,2021-11-04T02:53:00-05:00,2021-11-04T01:53:00,FM-15,0.0,0.0,0,,16.093,10.0,89.0,6.7
bergstrom,USW00013904,2021-11-04T08:53:00+00:00,2021-11-04T03:53:00-05:00,2021-11-04T02:53:00,FM-15,0.0,0.0,0,,16.093,10.0,86.0,6.7
bergstrom,USW00013904,2021-11-04T09:53:00+00:00,2021-11-04T04:53:00-05:00,2021-11-04T03:53:00,FM-15,0.0,0.0,0,,16.093,10.0,89.0,6.2
bergstrom,USW00013904,2021-11-04T10:20:00+00:00,2021-11-04T05:20:00-05:00,2021-11-04T04:20:00,FM-16,,,0,,16.093,9.4,93.0,5.7
bergstrom,USW00013904,2021-11-04T10:51:00+00:00,2021-11-04T05:51:00-05:00,2021-11-04T04:51:00,FM-16,,,0,,16.093,9.0,87.0,6.2
bergstrom,USW00013904,2021-11-04T10:53:00+00:00,2021-11-04T05:53:00-05:00,2021-11-04T04:53:00,FM-15,0.0,0.0,0,,16.093,9.4,86.0,5.1
bergstrom,USW00013904,2021-11-04T11:53:00+00:00,2021-11-04T06:53:00-05:00,2021-11-04T05:53:00,FM-15,0.0,0.0,0,,16.093,9.4,86.0,8.2
bergstrom,USW00013904,2021-11-04T12:53:00+00:00,2021-11-04T07:53:00-05:00,2021-11-04T06:53:00,FM-15,0.0,0.0,0,,16.093,9.4,90.0,8.2
bergstrom,USW00013904,2021-11-04T13:53:00+00:00,2021-11-04T08:53:00-05:00,2021-11-04T07:53:00,FM-15,0.0,0.0,0,,16.093,10.0,83.0,6.7
bergstrom,USW00013904,2021-11-04T14:53:00+00:00,2021-11-04T09:53:00-05:00,2021-11-04T08:53:00,FM-15,0.0,0.0,0,,16.093,10.0,83.0,8.8
bergstrom,USW00013904,2021-11-04T15:53:00+00:00,2021-11-04T10:53:00-05:00,2021-11-04T09:53:00,FM-15,0.0,0.0,0,,16.093,10.6,80.0,7.2
bergstrom,USW00013904,2021-11-04T16:47:00+00:00,2021-11-04T11:47:00-05:00,2021-11-04T10:47:00,FM-16,,,0,,16.093,11.0,82.0,6.7
bergstrom,USW00013904,2021-11-04T16:53:00+00:00,2021-11-04T11:53:00-05:00,2021-11-04T10:53:00,FM-15,0.0,0.0,0,,16.093,11.1,80.0,6.2
bergstrom,USW00013904,2021-11-04T17:53:00+00:00,2021-11-04T12:53:00-05:00,2021-11-04T11:53:00,FM-15,0.0,0.0,0,,16.093,12.2,75.0,6.7
bergstrom,USW00013904,2021-11-04T18:46:00+00:00,2021-11-04T13:46:00-05:00,2021-11-04T12:46:00,FM-16,,,0,,16.093,13.3,70.0,5.1
bergstrom,USW00013904,2021-11-04T18:53:00+00:00,2021-11-04T13:53:00-05:00,2021-11-04T12:53:00,FM-15,0.0,0.0,0,,16.093,13.3,70.0,5.1
bergstrom,USW00013904,2021-11-04T19:53:00+00:00,2021-11-04T14:53:00-05:00,2021-11-04T13:53:00,FM-15,0.0,0.0,0,,16.093,14.4,65.0,5.1
bergstrom,USW00013904,2021-11-04T20:53:00+00:00,2021-11-04T15:53:00-05:00,2021-11-04T14:53:00,FM-15,0.0,0.0,0,,16.093,14.4,62.0,6.2
bergstrom,USW00013904,2021-11-04T21:53:00+00:00,2021-11-04T16:53:00-05:00,2021-11-04T15:53:00,FM-15,0.0,0.0,0,,16.093,15.6,58.0,5.1
bergstrom,USW00013904,2021-11-04T22:53:00+00:00,2021-11-04T17:53:00-05:00,2021-11-04T16:53:00,FM-15,0.0,0.0,0,,16.093,13.9,62.0,3.6
bergstrom,USW00013904,2021-11-04T23:53:00+00:00,2021-11-04T18:53:00-05:00,2021-11-04T17:53:00,FM-15,0.0,0.0,0,,16.093,12.8,67.0,3.6
bergstrom,USW00013904,2021-11-05T00:53:00+00:00,2021-11-04T19:53:00-05:00,2021-11-04T18:53:00,FM-15,0.0,0.0,0,,16.093,11.7,72.0,2.6
bergstrom,USW00013904,2021-11-05T01:53:00+00:00,2021-11-04T20:53:00-05:00,2021-11-04T19:53:00,FM-15,0.0,0.0,0,,16.093,8.9,83.0,1.5
bergstrom,USW00013904,2021-11-05T02:53:00+00:00,2021-11-04T21:53:00-05:00,2021-11-04T20:53:00,FM-15,0.0,0.0,0,,14.484,7.2,97.0,0.0
bergstrom,USW00013904,2021-11-05T03:53:00+00:00,2021-11-04T22:53:00-05:00,2021-11-04T21:53:00,FM-15,0.0,0.0,0,,14.484,7.2,93.0,1.5
bergstrom,USW00013904,2021-11-05T04:53:00+00:00,2021-11-04T23:53:00-05:00,2021-11-04T22:53:00,FM-15,0.0,0.0,0,,16.093,7.2,90.0,2.6
bergstrom,USW00013904,2021-11-05T05:53:00+00:00,2021-11-05T00:53:00-05:00,2021-11-04T23:53:00,FM-15,0.0,0.0,0,,16.093,6.1,89.0,0.0
bergstrom,USW00013904,2021-11-05T06:53:00+00:00,2021-11-05T01:53:00-05:00,2021-11-05T00:53:00,FM-15,0.0,0.0,0,,16.093,5.6,92.0,0.0
bergstrom,USW00013904,2021-11-05T07:53:00+00:00,2021-11-05T02:53:00-05:00,2021-11-05T01:53:00,FM-15,0.0,0.0,0,,16.093,5.6,92.0,0.0
bergstrom,USW00013904,2021-11-05T08:53:00+00:00,2021-11-05T03:53:00-05:00,2021-11-05T02:53:00,FM-15,0.0,0.0,0,,16.093,5.0,93.0,0.0
bergstrom,USW00013904,2021-11-05T09:53:00+00:00,2021-11-05T04:53:00-05:00,2021-11-05T03:53:00,FM-15,0.0,0.0,0,,16.093,4.4,93.0,0.0
bergstrom,USW00013904,2021-11-05T10:53:00+00:00,2021-11-05T05:53:00-05:00,2021-11-05T04:53:00,FM-15,0.0,0.0,0,,16.093,3.9,96.0,0.0
bergstrom,USW00013904,2021-11-05T11:53:00+00:00,2021-11-05T06:53:00-05:00,2021-11-05T05:53:00,FM-15,0.0,0.0,0,,16.093,3.9,96.0,0.0
bergstrom,USW00013904,2021-11-05T12:53:00+00:00,2021-11-05T07:53:00-05:00,2021-11-05T06:53:00,FM-15,0.0,0.0,0,,16.093,3.9,93.0,0.0
bergstrom,USW00013904,2021-11-05T13:53:00+00:00,2021-11-05T08:53:00-05:00,2021-11-05T07:53:00,FM-15,0.0,0.0,0,,16.093,7.2,97.0,0.0
bergstrom,USW00013904,2021-11-05T14:53:00+00:00,2021-11-05T09:53:00-05:00,2021-11-05T08:53:00,FM-15,0.0,0.0,0,,16.093,11.1,69.0,2.6
bergstrom,USW00013904,2021-11-05T15:53:00+00:00,2021-11-05T10:53:00-05:00,2021-11-05T09:53:00,FM-15,0.0,0.0,0,,16.093,12.2,57.0,2.1
bergstrom,USW00013904,2021-11-05T16:53:00+00:00,2021-11-05T11:53:00-05:00,2021-11-05T10:53:00,FM-15,0.0,0.0,0,,16.093,14.4,50.0,0.0
bergstrom,USW00013904,2021-11-05T17:53:00+00:00,2021-11-05T12:53:00-05:00,2021-11-05T11:53:00,FM-15,0.0,0.0,0,,16.093,15.6,47.0,0.0
bergstrom,USW00013904,2021-11-05T18:53:00+00:00,2021-11-05T13:53:00-05:00,2021-11-05T12:53:00,FM-15,0.0,0.0,0,,16.093,16.1,46.0,1.5
bergstrom,USW00013904,2021-11-05T19:53:00+00:00,2021-11-05T14:53:00-05:00,2021-11-05T13:53:00,FM-15,0.0,0.0,0,,16.093,17.2,45.0,2.1
bergstrom,USW00013904,2021-11-05T20:53:00+00:00,2021-11-05T15:53:00-05:00,2021-11-05T14:53:00,FM-15,0.0,0.0,0,,16.093,17.2,45.0,2.6
bergstrom,USW00013904,2021-11-05T21:53:00+00:00,2021-11-05T16:53:00-05:00,2021-11-05T15:53:00,FM-15,0.0,0.0,0,,16.093,17.2,47.0,3.1
bergstrom,USW00013904,2021-11-05T22:53:00+00:00,2021-11-05T17:53:00-05:00,2021-11-05T16:53:00,FM-15,0.0,0.0,0,,16.093,16.1,50.0,3.1
bergstrom,USW00013904,2021-11-05T23:53:00+00:00,2021-11-05T18:53:00-05:00,2021-11-05T17:53:00,FM-15,0.0,0.0,0,,16.093,13.9,60.0,3.1
bergstrom,USW00013904,2021-11-06T00:53:00+00:00,2021-11-05T19:53:00-05:00,2021-11-05T18:53:00,FM-15,0.0,0.0,0,,16.093,12.2,67.0,2.1
bergstrom,USW00013904,2021-11-06T01:53:00+00:00,2021-11-05T20:53:00-05:00,2021-11-05T19:53:00,FM-15,0.0,0.0,0,,16.093,8.3,86.0,0.0
bergstrom,USW00013904,2021-11-06T02:53:00+00:00,2021-11-05T21:53:00-05:00,2021-11-05T20:53:00,FM-15,0.0,0.0,0,,16.093,7.2,93.0,0.0
bergstrom,USW00013904,2021-11-06T03:53:00+00:00,2021-11-05T22:53:00-05:00,2021-11-05T21:53:00,FM-15,0.0,0.0,0,,16.093,7.2,93.0,0.0
bergstrom,USW00013904,2021-11-06T04:53:00+00:00,2021-11-05T23:53:00-05:00,2021-11-05T22:53:00,FM-15,0.0,0.0,0,,16.093,6.1,97.0,0.0
bergstrom,USW00013904,2021-11-06T05:53:00+00:00,2021-11-06T00:53:00-05:00,2021-11-05T23:53:00,FM-15,0.0,0.0,0,,16.093,5.6,96.0,0.0
bergstrom,USW00013904,2021-11-06T06:53:00+00:00,2021-11-06T01:53:00-05:00,2021-11-06T00:53:00,FM-15,0.0,0.0,0,,16.093,5.0,93.0,0.0
bergstrom,USW00013904,2021-11-06T07:53:00+00:00,2021-11-06T02:53:00-05:00,2021-11-06T01:53:00,FM-15,0.0,0.0,0,,16.093,4.4,97.0,0.0
bergstrom,USW00013904,2021-11-06T08:53:00+00:00,2021-11-06T03:53:00-05:00,2021-11-06T02:53:00,FM-15,0.0,0.0,0,,16.093,5.0,96.0,0.0
bergstrom,USW00013904,2021-11-06T09:53:00+00:00,2021-11-06T04:53:00-05:00,2021-11-06T03:53:00,FM-15,0.0,0.0,0,,14.484,3.9,96.0,0.0
bergstrom,USW00013904,2021-11-06T10:53:00+00:00,2021-11-06T05:53:00-05:00,2021-11-06T04:53:00,FM-15,0.0,0.0,0,BCFG:2 |FG |,14.484,3.3,97.0,0.0
bergstrom,USW00013904,2021-11-06T11:53:00+00:00,2021-11-06T06:53:00-05:00,2021-11-06T05:53:00,FM-15,0.0,0.0,0,BCFG:2 |FG |,16.093,3.9,96.0,1.5
bergstrom,USW00013904,2021-11-06T12:53:00+00:00,2021-11-06T07:53:00-05:00,2021-11-06T06:53:00,FM-15,0.0,0.0,0,BCFG:2 |FG |,16.093,4.4,93.0,0.0
bergstrom,USW00013904,2021-11-06T13:53:00+00:00,2021-11-06T08:53:00-05:00,2021-11-06T07:53:00,FM-15,0.0,0.0,0,,16.093,7.2,97.0,0.0
bergstrom,USW00013904,2021-11-06T14:53:00+00:00,2021-11-06T09:53:00-05:00,2021-11-06T08:53:00,FM-15,0.0,0.0,0,,16.093,11.1,77.0,0.0
bergstrom,USW00013904,2021-11-06T15:53:00+00:00,2021-11-06T10:53:00-05:00,2021-11-06T09:53:00,FM-15,0.0,0.0,0,,16.093,13.3,65.0,1.5
bergstrom,USW00013904,2021-11-06T16:53:00+00:00,2021-11-06T11:53:00-05:00,2021-11-06T10:53:00,FM-15,0.0,0.0,0,,16.093,15.6,53.0,0.0
bergstrom,USW00013904,2021-11-06T17:53:00+00:00,2021-11-06T12:53:00-05:00,2021-11-06T11:53:00,FM-15,0.0,0.0,0,,16.093,17.8,48.0,0.0
bergstrom,USW00013904,2021-11-06T18:53:00+00:00,2021-11-06T13:53:00-05:00,2021-11-06T12:53:00,FM-15,0.0,0.0,0,,16.093,18.9,47.0,0.0
bergstrom,USW00013904,2021-11-06T19:53:00+00:00,2021-11-06T14:53:00-05:00,2021-11-06T13:53:00,FM-15,0.0,0.0,0,,16.093,20.0,45.0,0.0
bergstrom,USW00013904,2021-11-06T20:53:00+00:00,2021-11-06T15:53:00-05:00,2021-11-06T14:53:00,FM-15,0.0,0.0,0,,16.093,20.6,45.0,1.5
bergstrom,USW00013904,2021-11-06T21:53:00+00:00,2021-11-06T16:53:00-05:00,2021-11-06T15:53:00,FM-15,0.0,0.0,0,,16.093,20.0,45.0,1.5
bergstrom,USW00013904,2021-11-06T22:53:00+00:00,2021-11-06T17:53:00-05:00,2021-11-06T16:53:00,FM-15,0.0,0.0,0,,16.093,19.4,49.0,2.1
bergstrom,USW00013904,2021-11-06T23:53:00+00:00,2021-11-06T18:53:00-05:00,2021-11-06T17:53:00,FM-15,0.0,0.0,0,,16.093,13.9,69.0,2.1
bergstrom,USW00013904,2021-11-07T00:53:00+00:00,2021-11-06T19:53:00-05:00,2021-11-06T18:53:00,FM-15,0.0,0.0,0,,16.093,10.6,89.0,0.0
bergstrom,USW00013904,2021-11-07T02:53:00+00:00,2021-11-06T21:53:00-05:00,2021-11-06T20:53:00,FM-15,0.0,0.0,0,,16.093,9.4,93.0,0.0
bergstrom,USW00013904,2021-11-07T03:53:00+00:00,2021-11-06T22:53:00-05:00,2021-11-06T21:53:00,FM-15,0.0,0.0,0,,16.093,9.4,90.0,0.0
bergstrom,USW00013904,2021-11-07T04:53:00+00:00,2021-11-06T23:53:00-05:00,2021-11-06T22:53:00,FM-15,0.0,0.0,0,,16.093,6.7,96.0,0.0
bergstrom,USW00013904,2021-11-07T05:53:00+00:00,2021-11-07T00:53:00-05:00,2021-11-06T23:53:00,FM-15,0.0,0.0,0,,16.093,7.2,97.0,0.0
bergstrom,USW00013904,2021-11-07T06:53:00+00:00,2021-11-07T01:53:00-05:00,2021-11-07T00:53:00,FM-15,0.0,0.0,0,,16.093,6.1,100.0,0.0
bergstrom,USW00013904,2021-11-07T07:53:00+00:00,2021-11-07T01:53:00-06:00,2021-11-07T01:53:00,FM-15,0.0,0.0,0,,16.093,6.1,97.0,0.0
bergstrom,USW00013904,2021-11-07T08:53:00+00:00,2021-11-07T02:53:00-06:00,2021-11-07T02:53:00,FM-15,0.0,0.0,0,,12.875,5.0,100.0,0.0
bergstrom,USW00013904,2021-11-07T09:53:00+00:00,2021-11-07T03:53:00-06:00,2021-11-07T03:53:00,FM-15,0.0,0.0,0,,12.875,5.6,96.0,0.0
bergstrom,USW00013904,2021-11-07T10:53:00+00:00,2021-11-07T04:53:00-06:00,2021-11-07T04:53:00,FM-15,0.0,0.0,0,,12.875,4.4,97.0,0.0
bergstrom,USW00013904,2021-11-07T11:53:00+00:00,2021-11-07T05:53:00-06:00,2021-11-07T05:53:00,FM-15,0.0,0.0,0,BCFG:2 |FG |,16.093,5.0,96.0,0.0
bergstrom,USW00013904,2021-11-07T12:53:00+00:00,2021-11-07T06:53:00-06:00,2021-11-07T06:53:00,FM-15,0.0,0.0,0,BCFG:2 |FG |,14.484,2.8,100.0,0.0
bergstrom,USW00013904,2021-11-07T13:53:00+00:00,2021-11-07T07:53:00-06:00,2021-11-07T07:53:00,FM-15,0.0,0.0,0,BCFG:2 |FG |,16.093,7.8,93.0,0.0
bergstrom,USW00013904,2021-11-07T14:53:00+00:00,2021-11-07T08:53:00-06:00,2021-11-07T08:53:00,FM-15,0.0,0.0,0,,16.093,12.8,77.0,0.0
bergstrom,USW00013904,2021-11-07T15:53:00+00:00,2021-11-07T09:53:00-06:00,2021-11-07T09:53:00,FM-15,0.0,0.0,0,,16.093,16.1,70.0,3.1
bergstrom,USW00013904,2021-11-07T16:53:00+00:00,2021-11-07T10:53:00-06:00,2021-11-07T10:53:00,FM-15,0.0,0.0,0,,16.093,19.4,55.0,4.6
bergstrom,USW00013904,2021-11-07T17:53:00+00:00,2021-11-07T11:53:00-06:00,2021-11-07T11:53:00,FM-15,0.0,0.0,0,,16.093,20.6,51.0,3.1
bergstrom,USW00013904,2021-11-07T18:53:00+00:00,2021-11-07T12:53:00-06:00,2021-11-07T12:53:00,FM-15,0.0,0.0,0,,16.093,21.7,49.0,3.6
bergstrom,USW00013904,2021-11-07T19:53:00+00:00,2021-11-07T13:53:00-06:00,2021-11-07T13:53:00,FM-15,0.0,0.0,0,,16.093,22.2,46.0,3.1
bergstrom,USW00013904,2021-11-07T20:53:00+00:00,2021-11-07T14:53:00-06:00,2021-11-07T14:53:00,FM-15,0.0,0.0,0,,16.093,22.8,48.0,3.1
bergstrom,USW00013904,2021-11-07T21:53:00+00:00,2021-11-07T15:53:00-06:00,2021-11-07T15:53:00,FM-15,0.0,0.0,0,,16.093,22.8,44.0,3.6
bergstrom,USW00013904,2021-11-07T22:53:00+00:00,2021-11-07T16:53:00-06:00,2021-11-07T16:53:00,FM-15,0.0,0.0,0,,16.093,21.7,49.0,3.6
bergstrom,USW00013904,2021-11-07T23:53:00+00:00,2021-11-07T17:53:00-06:00,2021-11-07T17:53:00,FM-15,0.0,0.0,0,,16.093,18.3,59.0,3.1
bergstrom,USW00013904,2021-11-08T00:53:00+00:00,2021-11-07T18:53:00-06:00,2021-11-07T18:53:00,FM-15,0.0,0.0,0,,16.093,12.8,80.0,2.1
bergstrom,USW00013904,2021-11-08T01:53:00+00:00,2021-11-07T19:53:00-06:00,2021-11-07T19:53:00,FM-15,0.0,0.0,0,,16.093,12.8,83.0,1.5
bergstrom,USW00013904,2021-11-08T02:53:00+00:00,2021-11-07T20:53:00-06:00,2021-11-07T20:53:00,FM-15,0.0,0.0,0,,16.093,12.2,87.0,2.1
bergstrom,USW00013904,2021-11-08T03:53:00+00:00,2021-11-07T21:53:00-06:00,2021-11-07T21:53:00,FM-15,0.0,0.0,0,,16.093,10.6,89.0,2.6
bergstrom,USW00013904,2021-11-08T04:53:00+00:00,2021-11-07T22:53:00-06:00,2021-11-07T22:53:00,FM-15,0.0,0.0,0,,16.093,11.1,89.0,3.1
bergstrom,USW00013904,2021-11-08T05:53:00+00:00,2021-11-07T23:53:00-06:00,2021-11-07T23:53:00,FM-15,0.0,0.0,0,,16.093,12.2,90.0,3.1
bergstrom,USW00013904,2021-11-08T06:53:00+00:00,2021-11-08T00:53:00-06:00,2021-11-08T00:53:00,FM-15,0.0,0.0,0,,16.093,11.7,93.0,2.1
bergstrom,USW00013904,2021-11-08T07:53:00+00:00,2021-11-08T01:53:00-06:00,2021-11-08T01:53:00,FM-15,0.0,0.0,0,,14.484,8.9,100.0,0.0
bergstrom,USW00013904,2021-11-08T08:53:00+00:00,2021-11-08T02:53:00-06:00,2021-11-08T02:53:00,FM-15,0.0,0.0,0,,14.484,7.8,96.0,0.0
bergstrom,USW00013904,2021-11-08T09:53:00+00:00,2021-11-08T03:53:00-06:00,2021-11-08T03:53:00,FM-15,0.0,0.0,0,BCFG:2 |FG |,11.265,7.2,100.0,0.0
bergstrom,USW00013904,2021-11-08T10:35:00+00:00,2021-11-08T04:35:00-06:00,2021-11-08T04:35:00,FM-16,,,0,BR:1 |BR |,1.609,6.1,100.0,0.0
bergstrom,USW00013904,2021-11-08T10:51:00+00:00,2021-11-08T04:51:00-06:00,2021-11-08T04:51:00,FM-16,,,0,BR:1 |BR |,1.207,7.0,100.0,0.0
bergstrom,USW00013904,2021-11-08T10:53:00+00:00,2021-11-08T04:53:00-06:00,2021-11-08T04:53:00,FM-15,0.0,0.0,0,BR:1 |BR |,1.207,6.7,100.0,0.0
bergstrom,USW00013904,2021-11-08T11:03:00+00:00,2021-11-08T05:03:00-06:00,2021-11-08T05:03:00,FM-16,,,0,BR:1 |BR |,1.207,6.7,100.0,0.0
bergstrom,USW00013904,2021-11-08T11:13:00+00:00,2021-11-08T05:13:00-06:00,2021-11-08T05:13:00,FM-16,,,0,BR:1 |BR |,1.207,7.2,100.0,0.0
bergstrom,USW00013904,2021-11-08T11:40:00+00:00,2021-11-08T05:40:00-06:00,2021-11-08T05:40:00,FM-16,,,0,BR:1 |BR |,1.207,8.9,96.0,0.0
bergstrom,USW00013904,2021-11-08T11:53:00+00:00,2021-11-08T05:53:00-06:00,2021-11-08T05:53:00,FM-15,0.0,0.0,0,FG:2 |FG |,0.805,8.9,100.0,0.0
bergstrom,USW00013904,2021-11-08T12:06:00+00:00,2021-11-08T06:06:00-06:00,2021-11-08T06:06:00,FM-16,,,0,FG:2 |FG |,0.805,9.4,100.0,0.0
bergstrom,USW00013904,2021-11-08T12:53:00+00:00,2021-11-08T06:53:00-06:00,2021-11-08T06:53:00,FM-15,0.0,0.0,0,FG:2 |FG |,0.805,10.0,100.0,0.0
bergstrom,USW00013904,2021-11-08T13:01:00+00:00,2021-11-08T07:01:00-06:00,2021-11-08T07:01:00,FM-16,,,0,FG:2 |FG |,0.805,10.0,100.0,0.0
bergstrom,USW00013904,2021-11-08T13:51:00+00:00,2021-11-08T07:51:00-06:00,2021-11-08T07:51:00,FM-16,,,0,FG:2 |FG |,0.402,11.0,100.0,0.0
bergstrom,USW00013904,2021-11-08T13:53:00+00:00,2021-11-08T07:53:00-06:00,2021-11-08T07:53:00,FM-15,0.0,0.0,0,FG:2 |FG |,0.402,11.1,100.0,0.0
bergstrom,USW00013904,2021-11-08T14:49:00+00:00,2021-11-08T08:49:00-06:00,2021-11-08T08:49:00,FM-16,,,0,FG:2 |FG |,0.402,12.0,100.0,1.5
bergstrom,USW00013904,2021-11-08T14:53:00+00:00,2021-11-08T08:53:00-06:00,2021-11-08T08:53:00,FM-15,0.0,0.0,0,FG:2 |FG |,0.402,12.2,100.0,1.5
bergstrom,USW00013904,2021-11-08T15:29:00+00:00,2021-11-08T09:29:00-06:00,2021-11-08T09:29:00,FM-16,,,0,FG:2 |FG |,0.402,13.3,97.0,1.5
bergstrom,USW00013904,2021-11-08T15:36:00+00:00,2021-11-08T09:36:00-06:00,2021-11-08T09:36:00,FM-16,,,0,BR:1 |BR |,2.414,13.9,96.0,2.1
bergstrom,USW00013904,2021-11-08T15:38:00+00:00,2021-11-08T09:38:00-06:00,2021-11-08T09:38:00,FM-16,,,0,BR:1 |BR |,6.437,13.9,96.0,0.0
bergstrom,USW00013904,2021-11-08T15:46:00+00:00,2021-11-08T09:46:00-06:00,2021-11-08T09:46:00,FM-16,,,0,BR:1 |BR |,9.656,14.4,93.0,2.1
bergstrom,USW00013904,2021-11-08T15:53:00+00:00,2021-11-08T09:53:00-06:00,2021-11-08T09:53:00,FM-15,0.0,0.0,0,BR:1 |BR |,9.656,14.4,97.0,2.1
bergstrom,USW00013904,2021-11-08T15:58:00+00:00,2021-11-08T09:58:00-06:00,2021-11-08T09:58:00,FM-16,,,0,,16.093,15.0,93.0,2.1
bergstrom,USW00013904,2021-11-08T16:53:00+00:00,2021-11-08T10:53:00-06:00,2021-11-08T10:53:00,FM-15,0.0,0.0,0,,16.093,20.0,70.0,2.1
bergstrom,USW00013904,2021-11-08T17:53:00+00:00,2021-11-08T11:53:00-06:00,2021-11-08T11:53:00,FM-15,0.0,0.0,0,,16.093,22.8,62.0,5.7
bergstrom,USW00013904,2021-11-08T18:53:00+00:00,2021-11-08T12:53:00-06:00,2021-11-08T12:53:00,FM-15,0.0,0.0,0,,16.093,23.3,57.0,3.6
bergstrom,USW00013904,2021-11-08T19:53:00+00:00,2021-11-08T13:53:00-06:00,2021-11-08T13:53:00,FM-15,0.0,0.0,0,,16.093,25.0,52.0,4.6
bergstrom,USW00013904,2021-11-08T20:53:00+00:00,2021-11-08T14:53:00-06:00,2021-11-08T14:53:00,FM-15,0.0,0.0,0,,16.093,25.0,48.0,4.6
bergstrom,USW00013904,2021-11-08T21:53:00+00:00,2021-11-08T15:53:00-06:00,2021-11-08T15:53:00,FM-15,0.0,0.0,0,,16.093,24.4,50.0,4.1
bergstrom,USW00013904,2021-11-08T22:53:00+00:00,2021-11-08T16:53:00-06:00,2021-11-08T16:53:00,FM-15,0.0,0.0,0,,16.093,23.3,56.0,3.6
bergstrom,USW00013904,2021-11-08T23:53:00+00:00,2021-11-08T17:53:00-06:00,2021-11-08T17:53:00,FM-15,0.0,0.0,0,,16.093,21.1,61.0,3.1
bergstrom,USW00013904,2021-11-09T00:53:00+00:00,2021-11-08T18:53:00-06:00,2021-11-08T18:53:00,FM-15,0.0,0.0,0,,16.093,15.6,84.0,2.6
bergstrom,USW00013904,2021-11-09T01:53:00+00:00,2021-11-08T19:53:00-06:00,2021-11-08T19:53:00,FM-15,0.0,0.0,0,,16.093,14.4,90.0,2.1
bergstrom,USW00013904,2021-11-09T02:53:00+00:00,2021-11-08T20:53:00-06:00,2021-11-08T20:53:00,FM-15,0.0,0.0,0,,16.093,17.2,81.0,4.1
bergstrom,USW00013904,2021-11-09T03:53:00+00:00,2021-11-08T21:53:00-06:00,2021-11-08T21:53:00,FM-15,0.0,0.0,0,,16.093,16.1,90.0,3.1
bergstrom,USW00013904,2021-11-09T04:53:00+00:00,2021-11-08T22:53:00-06:00,2021-11-08T22:53:00,FM-15,0.0,0.0,0,,16.093,15.0,93.0,2.1
bergstrom,USW00013904,2021-11-09T05:53:00+00:00,2021-11-08T23:53:00-06:00,2021-11-08T23:53:00,FM-15,0.0,0.0,0,,16.093,12.2,97.0,0.0
bergstrom,USW00013904,2021-11-09T06:53:00+00:00,2021-11-09T00:53:00-06:00,2021-11-09T00:53:00,FM-15,0.0,0.0,0,BCFG:2 |FG |,12.875,10.0,100.0,1.5
bergstrom,USW00013904,2021-11-09T07:17:00+00:00,2021-11-09T01:17:00-06:00,2021-11-09T01:17:00,FM-16,,,0,BCFG:2 |FG |,12.875,10.0,96.0,0.0
bergstrom,USW00013904,2021-11-09T07:53:00+00:00,2021-11-09T01:53:00-06:00,2021-11-09T01:53:00,FM-15,0.0,0.0,0,BCFG:2 BR:1 |FG BR |,9.656,11.1,100.0,0.0
bergstrom,USW00013904,2021-11-09T08:53:00+00:00,2021-11-09T02:53:00-06:00,2021-11-09T02:53:00,FM-15,0.0,0.0,0,BCFG:2 |FG |,14.484,11.1,100.0,0.0
bergstrom,USW00013904,2021-11-09T09:53:00+00:00,2021-11-09T03:53:00-06:00,2021-11-09T03:53:00,FM-15,0.0,0.0,0,BCFG:2 BR:1 |FG BR |,6.437,11.7,96.0,0.0
bergstrom,USW00013904,2021-11-09T10:53:00+00:00,2021-11-09T04:53:00-06:00,2021-11-09T04:53:00,FM-15,0.0,0.0,0,BCFG:2 BR:1 |FG BR |,6.437,10.6,100.0,0.0
bergstrom,USW00013904,2021-11-09T11:51:00+00:00,2021-11-09T05:51:00-06:00,2021-11-09T05:51:00,FM-16,,,0,BCFG:2 BR:1 |FG BR |,3.219,11.0,100.0,0.0
bergstrom,USW00013904,2021-11-09T11:53:00+00:00,2021-11-09T05:53:00-06:00,2021-11-09T05:53:00,FM-15,0.0,0.0,0,BCFG:2 BR:1 |FG BR |,3.219,11.1,97.0,0.0
bergstrom,USW00013904,2021-11-09T12:46:00+00:00,2021-11-09T06:46:00-06:00,2021-11-09T06:46:00,FM-16,,,0,BCFG:2 BR:1 |FG BR |,3.219,10.6,100.0,0.0
bergstrom,USW00013904,2021-11-09T12:53:00+00:00,2021-11-09T06:53:00-06:00,2021-11-09T06:53:00,FM-15,0.0,0.0,0,BCFG:2 BR:1 |FG BR |,3.219,11.1,97.0,0.0
bergstrom,USW00013904,2021-11-09T13:05:00+00:00,2021-11-09T07:05:00-06:00,2021-11-09T07:05:00,FM-16,,,0,BCFG:2 BR:1 |FG BR |,2.816,11.1,97.0,0.0
bergstrom,USW00013904,2021-11-09T13:22:00+00:00,2021-11-09T07:22:00-06:00,2021-11-09T07:22:00,FM-16,,,0,BCFG:2 BR:1 |FG BR |,2.816,11.7,100.0,0.0
bergstrom,USW00013904,2021-11-09T13:46:00+00:00,2021-11-09T07:46:00-06:00,2021-11-09T07:46:00,FM-16,,,0,FG:2 |FG |,0.0,12.2,100.0,0.0
bergstrom,USW00013904,2021-11-09T13:53:00+00:00,2021-11-09T07:53:00-06:00,2021-11-09T07:53:00,FM-15,0.0,0.0,0,FG:2 |FG |,0.0,12.8,100.0,0.0
bergstrom,USW00013904,2021-11-09T14:41:00+00:00,2021-11-09T08:41:00-06:00,2021-11-09T08:41:00,FM-16,,,0,BR:1 |BR |,0.0,13.9,100.0,0.0
bergstrom,USW00013904,2021-11-09T14:51:00+00:00,2021-11-09T08:51:00-06:00,2021-11-09T08:51:00,FM-16,,,0,BR:1 |BR |,1.609,14.0,100.0,0.0
bergstrom,USW00013904,2021-11-09T14:53:00+00:00,2021-11-09T08:53:00-06:00,2021-11-09T08:53:00,FM-15,0.0,0.0,0,BR:1 |BR |,1.609,13.9,100.0,0.0
bergstrom,USW00013904,2021-11-09T15:29:00+00:00,2021-11-09T09:29:00-06:00,2021-11-09T09:29:00,FM-16,,,0,BR:1 |BR |,8.047,15.6,96.0,0.0
bergstrom,USW00013904,2021-11-09T15:51:00+00:00,2021-11-09T09:51:00-06:00,2021-11-09T09:51:00,FM-16,,,0,BR:1 |BR |,8.047,16.0,100.0,0.0
bergstrom,USW00013904,2021-11-09T15:53:00+00:00,2021-11-09T09:53:00-06:00,2021-11-09T09:53:00,FM-15,0.0,0.0,0,,12.875,16.1,97.0,0.0
bergstrom,USW00013904,2021-11-09T16:53:00+00:00,2021-11-09T10:53:00-06:00,2021-11-09T10:53:00,FM-15,0.0,0.0,0,,16.093,19.4,81.0,2.1
bergstrom,USW00013904,2021-11-09T17:53:00+00:00,2021-11-09T11:53:00-06:00,2021-11-09T11:53:00,FM-15,0.0,0.0,0,,16.093,22.8,66.0,3.6
bergstrom,USW00013904,2021-11-09T18:53:00+00:00,2021-11-09T12:53:00-06:00,2021-11-09T12:53:00,FM-15,0.0,0.0,0,,16.093,23.9,62.0,4.1
bergstrom,USW00013904,2021-11-09T19:53:00+00:00,2021-11-09T13:53:00-06:00,2021-11-09T13:53:00,FM-15,0.0,0.0,0,,16.093,23.9,60.0,3.6
bergstrom,USW00013904,2021-11-09T20:53:00+00:00,2021-11-09T14:53:00-06:00,2021-11-09T14:53:00,FM-15,0.0,0.0,0,,16.093,24.4,60.0,3.1
bergstrom,USW00013904,2021-11-09T21:53:00+00:00,2021-11-09T15:53:00-06:00,2021-11-09T15:53:00,FM-15,0.0,0.0,0,,16.093,23.9,60.0,3.1
bergstrom,USW00013904,2021-11-09T22:53:00+00:00,2021-11-09T16:53:00-06:00,2021-11-09T16:53:00,FM-15,0.0,0.0,0,,16.093,22.8,66.0,2.1
bergstrom,USW00013904,2021-11-09T23:53:00+00:00,2021-11-09T17:53:00-06:00,2021-11-09T17:53:00,FM-15,0.0,0.0,0,,16.093,19.4,81.0,2.1
bergstrom,USW00013904,2021-11-10T00:53:00+00:00,2021-11-09T18:53:00-06:00,2021-11-09T18:53:00,FM-15,0.0,0.0,0,,16.093,17.2,87.0,1.5
bergstrom,USW00013904,2021-11-10T01:53:00+00:00,2021-11-09T19:53:00-06:00,2021-11-09T19:53:00,FM-15,0.0,0.0,0,,16.093,18.3,84.0,2.6
bergstrom,USW00013904,2021-11-10T02:53:00+00:00,2021-11-09T20:53:00-06:00,2021-11-09T20:53:00,FM-15,0.0,0.0,0,,16.093,17.2,90.0,3.1
bergstrom,USW00013904,2021-11-10T03:53:00+00:00,2021-11-09T21:53:00-06:00,2021-11-09T21:53:00,FM-15,0.0,0.0,0,,16.093,16.1,93.0,2.1
bergstrom,USW00013904,2021-11-10T04:53:00+00:00,2021-11-09T22:53:00-06:00,2021-11-09T22:53:00,FM-15,0.0,0.0,0,,16.093,13.9,96.0,0.0
bergstrom,USW00013904,2021-11-10T05:53:00+00:00,2021-11-09T23:53:00-06:00,2021-11-09T23:53:00,FM-15,0.0,0.0,0,,16.093,16.7,93.0,0.0
bergstrom,USW00013904,2021-11-10T06:53:00+00:00,2021-11-10T00:53:00-06:00,2021-11-10T00:53:00,FM-15,0.0,0.0,0,,16.093,16.7,93.0,0.0
bergstrom,USW00013904,2021-11-10T07:53:00+00:00,2021-11-10T01:53:00-06:00,2021-11-10T01:53:00,FM-15,0.0,0.0,0,,16.093,17.2,90.0,0.0
bergstrom,USW00013904,2021-11-10T08:53:00+00:00,2021-11-10T02:53:00-06:00,2021-11-10T02:53:00,FM-15,0.0,0.0,0,,16.093,16.7,96.0,0.0
bergstrom,USW00013904,2021-11-10T09:53:00+00:00,2021-11-10T03:53:00-06:00,2021-11-10T03:53:00,FM-15,0.0,0.0,0,,16.093,17.2,90.0,0.0
bergstrom,USW00013904,2021-11-10T10:53:00+00:00,2021-11-10T04:53:00-06:00,2021-11-10T04:53:00,FM-15,0.0,0.0,0,,16.093,16.1,93.0,1.5
bergstrom,USW00013904,2021-11-10T11:53:00+00:00,2021-11-10T05:53:00-06:00,2021-11-10T05:53:00,FM-15,0.0,0.0,0,,16.093,15.0,96.0,0.0
bergstrom,USW00013904,2021-11-10T12:53:00+00:00,2021-11-10T06:53:00-06:00,2021-11-10T06:53:00,FM-15,0.0,0.0,0,,16.093,16.1,93.0,0.0
bergstrom,USW00013904,2021-11-10T13:53:00+00:00,2021-11-10T07:53:00-06:00,2021-11-10T07:53:00,FM-15,,T,1,,16.093,17.2,93.0,1.5
bergstrom,USW00013904,2021-11-10T14:53:00+00:00,2021-11-10T08:53:00-06:00,2021-11-10T08:53:00,FM-15,0.0,0.0,0,,16.093,19.4,87.0,2.6
bergstrom,USW00013904,2021-11-10T15:53:00+00:00,2021-11-10T09:53:00-06:00,2021-11-10T09:53:00,FM-15,0.0,0.0,0,,16.093,21.7,73.0,6.7
bergstrom,USW00013904,2021-11-10T16:53:00+00:00,2021-11-10T10:53:00-06:00,2021-11-10T10:53:00,FM-15,0.0,0.0,0,,16.093,24.4,62.0,8.8
bergstrom,USW00013904,2021-11-10T17:53:00+00:00,2021-11-10T11:53:00-06:00,2021-11-10T11:53:00,FM-15,0.0,0.0,0,,16.093,26.1,54.0,9.3
bergstrom,USW00013904,2021-11-10T18:53:00+00:00,2021-11-10T12:53:00-06:00,2021-11-10T12:53:00,FM-15,0.0,0.0,0,,16.093,26.7,54.0,7.2
bergstrom,USW00013904,2021-11-10T19:53:00+00:00,2021-11-10T13:53:00-06:00,2021-11-10T13:53:00,FM-15,0.0,0.0,0,,16.093,26.1,56.0,7.7
bergstrom,USW00013904,2021-11-10T20:53:00+00:00,2021-11-10T14:53:00-06:00,2021-11-10T14:53:00,FM-15,0.0,0.0,0,,16.093,26.1,56.0,7.2
bergstrom,USW00013904,2021-11-10T21:53:00+00:00,2021-11-10T15:53:00-06:00,2021-11-10T15:53:00,FM-15,0.0,0.0,0,,16.093,26.1,56.0,5.7
bergstrom,USW00013904,2021-11-10T22:53:00+00:00,2021-11-10T16:53:00-06:00,2021-11-10T16:53:00,FM-15,0.0,0.0,0,,16.093,25.6,58.0,5.1
bergstrom,USW00013904,2021-11-10T23:53:00+00:00,2021-11-10T17:53:00-06:00,2021-11-10T17:53:00,FM-15,0.0,0.0,0,,16.093,23.3,67.0,2.6
bergstrom,USW00013904,2021-11-11T00:53:00+00:00,2021-11-10T18:53:00-06:00,2021-11-10T18:53:00,FM-15,0.0,0.0,0,,16.093,21.7,76.0,3.6
bergstrom,USW00013904,2021-11-11T01:53:00+00:00,2021-11-10T19:53:00-06:00,2021-11-10T19:53:00,FM-15,0.0,0.0,0,,16.093,21.1,79.0,3.6
bergstrom,USW00013904,2021-11-11T02:53:00+00:00,2021-11-10T20:53:00-06:00,2021-11-10T20:53:00,FM-15,0.0,0.0,0,,16.093,20.6,81.0,4.1
bergstrom,USW00013904,2021-11-11T03:53:00+00:00,2021-11-10T21:53:00-06:00,2021-11-10T21:53:00,FM-15,0.0,0.0,0,,16.093,19.4,84.0,3.1
bergstrom,USW00013904,2021-11-11T04:53:00+00:00,2021-11-10T22:53:00-06:00,2021-11-10T22:53:00,FM-15,0.0,0.0,0,,16.093,19.4,87.0,3.1
bergstrom,USW00013904,2021-11-11T05:53:00+00:00,2021-11-10T23:53:00-06:00,2021-11-10T23:53:00,FM-15,0.0,0.0,0,,16.093,18.9,90.0,3.1
bergstrom,USW00013904,2021-11-11T06:53:00+00:00,2021-11-11T00:53:00-06:00,2021-11-11T00:53:00,FM-15,0.0,0.0,0,,16.093,18.3,93.0,2.6
bergstrom,USW00013904,2021-11-11T07:53:00+00:00,2021-11-11T01:53:00-06:00,2021-11-11T01:53:00,FM-15,0.0,0.0,0,,16.093,18.3,93.0,2.6
bergstrom,USW00013904,2021-11-11T08:41:00+00:00,2021-11-11T02:41:00-06:00,2021-11-11T02:41:00,FM-16,,,0,,16.093,18.9,93.0,3.6
bergstrom,USW00013904,2021-11-11T08:53:00+00:00,2021-11-11T02:53:00-06:00,2021-11-11T02:53:00,FM-15,0.0,0.0,0,,16.093,19.4,91.0,2.6
bergstrom,USW00013904,2021-11-11T09:53:00+00:00,2021-11-11T03:53:00-06:00,2021-11-11T03:53:00,FM-15,0.0,0.0,0,,16.093,21.1,87.0,3.1
bergstrom,USW00013904,2021-11-11T10:14:00+00:00,2021-11-11T04:14:00-06:00,2021-11-11T04:14:00,FM-16,,,0,,16.093,21.1,84.0,1.5
bergstrom,USW00013904,2021-11-11T10:53:00+00:00,2021-11-11T04:53:00-06:00,2021-11-11T04:53:00,FM-15,0.0,0.0,0,,16.093,20.6,84.0,5.7
bergstrom,USW00013904,2021-11-11T11:53:00+00:00,2021-11-11T05:53:00-06:00,2021-11-11T05:53:00,FM-15,0.0,0.0,0,,16.093,17.8,73.0,5.1
bergstrom,USW00013904,2021-11-11T12:53:00+00:00,2021-11-11T06:53:00-06:00,2021-11-11T06:53:00,FM-15,0.0,0.0,0,,16.093,15.0,75.0,5.7
bergstrom,USW00013904,2021-11-11T13:53:00+00:00,2021-11-11T07:53:00-06:00,2021-11-11T07:53:00,FM-15,0.0,0.0,0,,16.093,16.7,67.0,6.2
bergstrom,USW00013904,2021-11-11T14:53:00+00:00,2021-11-11T08:53:00-06:00,2021-11-11T08:53:00,FM-15,0.0,0.0,0,,16.093,18.3,54.0,7.2
bergstrom,USW00013904,2021-11-11T15:53:00+00:00,2021-11-11T09:53:00-06:00,2021-11-11T09:53:00,FM-15,0.0,0.0,0,,16.093,19.4,49.0,6.7
bergstrom,USW00013904,2021-11-11T16:53:00+00:00,2021-11-11T10:53:00-06:00,2021-11-11T10:53:00,FM-15,0.0,0.0,0,,16.093,20.6,45.0,5.7
bergstrom,USW00013904,2021-11-11T17:53:00+00:00,2021-11-11T11:53:00-06:00,2021-11-11T11:53:00,FM-15,0.0,0.0,0,,16.093,21.7,39.0,6.2
bergstrom,USW00013904,2021-11-11T18:53:00+00:00,2021-11-11T12:53:00-06:00,2021-11-11T12:53:00,FM-15,0.0,0.0,0,,16.093,21.7,38.0,5.7
bergstrom,USW00013904,2021-11-11T19:53:00+00:00,2021-11-11T13:53:00-06:00,2021-11-11T13:53:00,FM-15,0.0,0.0,0,,16.093,22.8,35.0,4.1
bergstrom,USW00013904,2021-11-11T20:53:00+00:00,2021-11-11T14:53:00-06:00,2021-11-11T14:53:00,FM-15,0.0,0.0,0,,16.093,23.3,34.0,7.7
bergstrom,USW00013904,2021-11-11T21:53:00+00:00,2021-11-11T15:53:00-06:00,2021-11-11T15:53:00,FM-15,0.0,0.0,0,,16.093,22.8,33.0,7.7
bergstrom,USW00013904,2021-11-11T22:53:00+00:00,2021-11-11T16:53:00-06:00,2021-11-11T16:53:00,FM-15,0.0,0.0,0,,16.093,21.1,34.0,5.7
bergstrom,USW00013904,2021-11-11T23:53:00+00:00,2021-11-11T17:53:00-06:00,2021-11-11T17:53:00,FM-15,0.0,0.0,0,,16.093,15.0,54.0,3.1
bergstrom,USW00013904,2021-11-12T00:53:00+00:00,2021-11-11T18:53:00-06:00,2021-11-11T18:53:00,FM-15,0.0,0.0,0,,16.093,13.3,62.0,2.6
bergstrom,USW00013904,2021-11-12T01:53:00+00:00,2021-11-11T19:53:00-06:00,2021-11-11T19:53:00,FM-15,0.0,0.0,0,,16.093,11.1,72.0,3.1
bergstrom,USW00013904,2021-11-12T02:53:00+00:00,2021-11-11T20:53:00-06:00,2021-11-11T20:53:00,FM-15,0.0,0.0,0,,16.093,11.1,72.0,3.1
bergstrom,USW00013904,2021-11-12T03:53:00+00:00,2021-11-11T21:53:00-06:00,2021-11-11T21:53:00,FM-15,0.0,0.0,0,,16.093,11.1,66.0,2.6
bergstrom,USW00013904,2021-11-12T04:53:00+00:00,2021-11-11T22:53:00-06:00,2021-11-11T22:53:00,FM-15,0.0,0.0,0,,16.093,8.9,80.0,0.0
bergstrom,USW00013904,2021-11-12T05:53:00+00:00,2021-11-11T23:53:00-06:00,2021-11-11T23:53:00,FM-15,0.0,0.0,0,,16.093,7.2,86.0,0.0
bergstrom,USW00013904,2021-11-12T06:53:00+00:00,2021-11-12T00:53:00-06:00,2021-11-12T00:53:00,FM-15,0.0,0.0,0,,16.093,6.1,93.0,0.0
bergstrom,USW00013904,2021-11-12T07:53:00+00:00,2021-11-12T01:53:00-06:00,2021-11-12T01:53:00,FM-15,0.0,0.0,0,,16.093,7.2,90.0,1.5
bergstrom,USW00013904,2021-11-12T08:53:00+00:00,2021-11-12T02:53:00-06:00,2021-11-12T02:53:00,FM-15,0.0,0.0,0,,16.093,6.7,89.0,0.0
bergstrom,USW00013904,2021-11-12T09:53:00+00:00,2021-11-12T03:53:00-06:00,2021-11-12T03:53:00,FM-15,0.0,0.0,0,,16.093,6.7,89.0,1.5
bergstrom,USW00013904,2021-11-12T10:53:00+00:00,2021-11-12T04:53:00-06:00,2021-11-12T04:53:00,FM-15,0.0,0.0,0,,16.093,6.1,89.0,1.5
bergstrom,USW00013904,2021-11-12T11:53:00+00:00,2021-11-12T05:53:00-06:00,2021-11-12T05:53:00,FM-15,0.0,0.0,0,,16.093,6.1,93.0,1.5
bergstrom,USW00013904,2021-11-12T12:53:00+00:00,2021-11-12T06:53:00-06:00,2021-11-12T06:53:00,FM-15,0.0,0.0,0,,16.093,5.6,89.0,0.0
bergstrom,USW00013904,2021-11-12T13:53:00+00:00,2021-11-12T07:53:00-06:00,2021-11-12T07:53:00,FM-15,0.0,0.0,0,,16.093,10.0,77.0,0.0
bergstrom,USW00013904,2021-11-12T14:53:00+00:00,2021-11-12T08:53:00-06:00,2021-11-12T08:53:00,FM-15,0.0,0.0,0,,16.093,15.0,60.0,0.0
bergstrom,USW00013904,2021-11-12T15:53:00+00:00,2021-11-12T09:53:00-06:00,2021-11-12T09:53:00,FM-15,0.0,0.0,0,,16.093,16.7,58.0,0.0
bergstrom,USW00013904,2021-11-12T16:53:00+00:00,2021-11-12T10:53:00-06:00,2021-11-12T10:53:00,FM-15,0.0,0.0,0,,16.093,20.6,49.0,0.0
bergstrom,USW00013904,2021-11-12T17:53:00+00:00,2021-11-12T11:53:00-06:00,2021-11-12T11:53:00,FM-15,0.0,0.0,0,,16.093,22.2,46.0,2.6
bergstrom,USW00013904,2021-11-12T18:53:00+00:00,2021-11-12T12:53:00-06:00,2021-11-12T12:53:00,FM-15,0.0,0.0,0,,16.093,24.4,42.0,3.1
bergstrom,USW00013904,2021-11-12T19:53:00+00:00,2021-11-12T13:53:00-06:00,2021-11-12T13:53:00,FM-15,0.0,0.0,0,,16.093,23.9,45.0,5.1
bergstrom,USW00013904,2021-11-12T20:53:00+00:00,2021-11-12T14:53:00-06:00,2021-11-12T14:53:00,FM-15,0.0,0.0,0,,16.093,25.0,39.0,4.6
bergstrom,USW00013904,2021-11-12T21:53:00+00:00,2021-11-12T15:53:00-06:00,2021-11-12T15:53:00,FM-15,0.0,0.0,0,,16.093,24.4,39.0,6.7
bergstrom,USW00013904,2021-11-12T22:53:00+00:00,2021-11-12T16:53:00-06:00,2021-11-12T16:53:00,FM-15,0.0,0.0,0,,16.093,22.2,40.0,6.2
bergstrom,USW00013904,2021-11-12T23:53:00+00:00,2021-11-12T17:53:00-06:00,2021-11-12T17:53:00,FM-15,0.0,0.0,0,,16.093,16.1,56.0,3.1
bergstrom,USW00013904,2021-11-13T00:53:00+00:00,2021-11-12T18:53:00-06:00,2021-11-12T18:53:00,FM-15,0.0,0.0,0,,16.093,13.3,70.0,4.6
bergstrom,USW00013904,2021-11-13T01:53:00+00:00,2021-11-12T19:53:00-06:00,2021-11-12T19:53:00,FM-15,0.0,0.0,0,,16.093,16.1,50.0,4.6
bergstrom,USW00013904,2021-11-13T02:53:00+00:00,2021-11-12T20:53:00-06:00,2021-11-12T20:53:00,FM-15,0.0,0.0,0,,16.093,14.4,51.0,5.1
bergstrom,USW00013904,2021-11-13T03:53:00+00:00,2021-11-12T21:53:00-06:00,2021-11-12T21:53:00,FM-15,0.0,0.0,0,,16.093,10.0,68.0,4.1
bergstrom,USW00013904,2021-11-13T04:53:00+00:00,2021-11-12T22:53:00-06:00,2021-11-12T22:53:00,FM-15,0.0,0.0,0,,16.093,12.2,55.0,5.1
bergstrom,USW00013904,2021-11-13T05:53:00+00:00,2021-11-12T23:53:00-06:00,2021-11-12T23:53:00,FM-15,0.0,0.0,0,,16.093,10.6,59.0,2.6
bergstrom,USW00013904,2021-11-13T06:53:00+00:00,2021-11-13T00:53:00-06:00,2021-11-13T00:53:00,FM-15,0.0,0.0,0,,16.093,6.7,73.0,0.0
bergstrom,USW00013904,2021-11-13T07:53:00+00:00,2021-11-13T01:53:00-06:00,2021-11-13T01:53:00,FM-15,0.0,0.0,0,,16.093,5.6,79.0,0.0
bergstrom,USW00013904,2021-11-13T08:53:00+00:00,2021-11-13T02:53:00-06:00,2021-11-13T02:53:00,FM-15,0.0,0.0,0,,16.093,3.3,86.0,0.0
bergstrom,USW00013904,2021-11-13T09:53:00+00:00,2021-11-13T03:53:00-06:00,2021-11-13T03:53:00,FM-15,0.0,0.0,0,,16.093,2.8,89.0,0.0
bergstrom,USW00013904,2021-11-13T10:53:00+00:00,2021-11-13T04:53:00-06:00,2021-11-13T04:53:00,FM-15,0.0,0.0,0,,16.093,3.9,89.0,0.0
bergstrom,USW00013904,2021-11-13T11:53:00+00:00,2021-11-13T05:53:00-06:00,2021-11-13T05:53:00,FM-15,0.0,0.0,0,,16.093,2.8,96.0,0.0
bergstrom,USW00013904,2021-11-13T12:53:00+00:00,2021-11-13T06:53:00-06:00,2021-11-13T06:53:00,FM-15,0.0,0.0,0,,16.093,2.8,93.0,0.0
bergstrom,USW00013904,2021-11-13T13:53:00+00:00,2021-11-13T07:53:00-06:00,2021-11-13T07:53:00,FM-15,0.0,0.0,0,,16.093,7.2,86.0,0.0
bergstrom,USW00013904,2021-11-13T14:53:00+00:00,2021-11-13T08:53:00-06:00,2021-11-13T08:53:00,FM-15,0.0,0.0,0,,16.093,12.8,45.0,3.1
bergstrom,USW00013904,2021-11-13T15:53:00+00:00,2021-11-13T09:53:00-06:00,2021-11-13T09:53:00,FM-15,0.0,0.0,0,,16.093,13.9,42.0,2.1
bergstrom,USW00013904,2021-11-13T16:53:00+00:00,2021-11-13T10:53:00-06:00,2021-11-13T10:53:00,FM-15,0.0,0.0,0,,16.093,16.1,30.0,2.6
bergstrom,USW00013904,2021-11-13T17:53:00+00:00,2021-11-13T11:53:00-06:00,2021-11-13T11:53:00,FM-15,0.0,0.0,0,,16.093,17.8,24.0,1.5
bergstrom,USW00013904,2021-11-13T18:53:00+00:00,2021-11-13T12:53:00-06:00,2021-11-13T12:53:00,FM-15,0.0,0.0,0,,16.093,18.3,25.0,0.0
bergstrom,USW00013904,2021-11-13T19:53:00+00:00,2021-11-13T13:53:00-06:00,2021-11-13T13:53:00,FM-15,0.0,0.0,0,,16.093,18.9,24.0,2.1
bergstrom,USW00013904,2021-11-13T20:53:00+00:00,2021-11-13T14:53:00-06:00,2021-11-13T14:53:00,FM-15,0.0,0.0,0,,16.093,20.6,22.0,3.1
bergstrom,USW00013904,2021-11-13T21:53:00+00:00,2021-11-13T15:53:00-06:00,2021-11-13T15:53:00,FM-15,0.0,0.0,0,,16.093,20.6,24.0,3.6
bergstrom,USW00013904,2021-11-13T22:53:00+00:00,2021-11-13T16:53:00-06:00,2021-11-13T16:53:00,FM-15,0.0,0.0,0,,16.093,19.4,30.0,4.1
bergstrom,USW00013904,2021-11-13T23:53:00+00:00,2021-11-13T17:53:00-06:00,2021-11-13T17:53:00,FM-15,0.0,0.0,0,,16.093,12.8,53.0,3.1
bergstrom,USW00013904,2021-11-14T00:53:00+00:00,2021-11-13T18:53:00-06:00,2021-11-13T18:53:00,FM-15,0.0,0.0,0,,16.093,12.2,53.0,2.1
bergstrom,USW00013904,2021-11-14T01:53:00+00:00,2021-11-13T19:53:00-06:00,2021-11-13T19:53:00,FM-15,0.0,0.0,0,,16.093,10.6,61.0,2.6
bergstrom,USW00013904,2021-11-14T02:53:00+00:00,2021-11-13T20:53:00-06:00,2021-11-13T20:53:00,FM-15,0.0,0.0,0,,16.093,8.3,74.0,2.1
bergstrom,USW00013904,2021-11-14T03:53:00+00:00,2021-11-13T21:53:00-06:00,2021-11-13T21:53:00,FM-15,0.0,0.0,0,,16.093,8.9,68.0,2.1
bergstrom,USW00013904,2021-11-14T04:53:00+00:00,2021-11-13T22:53:00-06:00,2021-11-13T22:53:00,FM-15,0.0,0.0,0,,16.093,8.9,71.0,3.6
bergstrom,USW00013904,2021-11-14T05:53:00+00:00,2021-11-13T23:53:00-06:00,2021-11-13T23:53:00,FM-15,0.0,0.0,0,,16.093,8.3,71.0,2.6
bergstrom,USW00013904,2021-11-14T06:53:00+00:00,2021-11-14T00:53:00-06:00,2021-11-14T00:53:00,FM-15,0.0,0.0,0,,16.093,5.6,85.0,0.0
bergstrom,USW00013904,2021-11-14T07:53:00+00:00,2021-11-14T01:53:00-06:00,2021-11-14T01:53:00,FM-15,0.0,0.0,0,,16.093,5.6,85.0,1.5
bergstrom,USW00013904,2021-11-14T08:53:00+00:00,2021-11-14T02:53:00-06:00,2021-11-14T02:53:00,FM-15,0.0,0.0,0,,16.093,6.1,86.0,0.0
bergstrom,USW00013904,2021-11-14T09:53:00+00:00,2021-11-14T03:53:00-06:00,2021-11-14T03:53:00,FM-15,0.0,0.0,0,,16.093,5.6,89.0,0.0
bergstrom,USW00013904,2021-11-14T10:53:00+00:00,2021-11-14T04:53:00-06:00,2021-11-14T04:53:00,FM-15,0.0,0.0,0,,16.093,6.1,86.0,0.0
bergstrom,USW00013904,2021-11-14T11:53:00+00:00,2021-11-14T05:53:00-06:00,2021-11-14T05:53:00,FM-15,0.0,0.0,0,,16.093,6.1,89.0,0.0
bergstrom,USW00013904,2021-11-14T12:53:00+00:00,2021-11-14T06:53:00-06:00,2021-11-14T06:53:00,FM-15,0.0,0.0,0,,16.093,7.2,83.0,0.0
bergstrom,USW00013904,2021-11-14T13:53:00+00:00,2021-11-14T07:53:00-06:00,2021-11-14T07:53:00,FM-15,0.0,0.0,0,,16.093,10.6,80.0,0.0
bergstrom,USW00013904,2021-11-14T14:53:00+00:00,2021-11-14T08:53:00-06:00,2021-11-14T08:53:00,FM-15,0.0,0.0,0,,16.093,15.6,65.0,1.5
bergstrom,USW00013904,2021-11-14T15:53:00+00:00,2021-11-14T09:53:00-06:00,2021-11-14T09:53:00,FM-15,0.0,0.0,0,,16.093,20.6,53.0,5.7
bergstrom,USW00013904,2021-11-14T16:53:00+00:00,2021-11-14T10:53:00-06:00,2021-11-14T10:53:00,FM-15,0.0,0.0,0,,16.093,22.2,55.0,5.7
bergstrom,USW00013904,2021-11-14T17:53:00+00:00,2021-11-14T11:53:00-06:00,2021-11-14T11:53:00,FM-15,0.0,0.0,0,,16.093,23.3,54.0,6.2
bergstrom,USW00013904,2021-11-14T18:53:00+00:00,2021-11-14T12:53:00-06:00,2021-11-14T12:53:00,FM-15,0.0,0.0,0,,16.093,24.4,52.0,4.1
bergstrom,USW00013904,2021-11-14T19:53:00+00:00,2021-11-14T13:53:00-06:00,2021-11-14T13:53:00,FM-15,0.0,0.0,0,,16.093,25.0,50.0,4.1
bergstrom,USW00013904,2021-11-14T20:53:00+00:00,2021-11-14T14:53:00-06:00,2021-11-14T14:53:00,FM-15,0.0,0.0,0,,16.093,25.6,48.0,3.1
bergstrom,USW00013904,2021-11-14T21:53:00+00:00,2021-11-14T15:53:00-06:00,2021-11-14T15:53:00,FM-15,0.0,0.0,0,,16.093,25.6,48.0,3.6
bergstrom,USW00013904,2021-11-14T22:53:00+00:00,2021-11-14T16:53:00-06:00,2021-11-14T16:53:00,FM-15,0.0,0.0,0,,16.093,23.9,54.0,2.6
bergstrom,USW00013904,2021-11-14T23:53:00+00:00,2021-11-14T17:53:00-06:00,2021-11-14T17:53:00,FM-15,0.0,0.0,0,,16.093,18.3,73.0,2.1
bergstrom,USW00013904,2021-11-15T00:53:00+00:00,2021-11-14T18:53:00-06:00,2021-11-14T18:53:00,FM-15,0.0,0.0,0,,16.093,15.0,87.0,2.1
bergstrom,USW00013904,2021-11-15T01:53:00+00:00,2021-11-14T19:53:00-06:00,2021-11-14T19:53:00,FM-15,0.0,0.0,0,,16.093,15.0,90.0,0.0
bergstrom,USW00013904,2021-11-15T02:53:00+00:00,2021-11-14T20:53:00-06:00,2021-11-14T20:53:00,FM-15,0.0,0.0,0,,16.093,12.2,93.0,0.0
bergstrom,USW00013904,2021-11-15T03:53:00+00:00,2021-11-14T21:53:00-06:00,2021-11-14T21:53:00,FM-15,0.0,0.0,0,,16.093,14.4,90.0,2.6
bergstrom,USW00013904,2021-11-15T04:53:00+00:00,2021-11-14T22:53:00-06:00,2021-11-14T22:53:00,FM-15,0.0,0.0,0,,16.093,15.6,90.0,2.6
bergstrom,USW00013904,2021-11-15T05:53:00+00:00,2021-11-14T23:53:00-06:00,2021-11-14T23:53:00,FM-15,0.0,0.0,0,,16.093,15.0,90.0,3.1
bergstrom,USW00013904,2021-11-15T06:53:00+00:00,2021-11-15T00:53:00-06:00,2021-11-15T00:53:00,FM-15,0.0,0.0,0,,16.093,13.9,93.0,1.5
bergstrom,USW00013904,2021-11-15T07:53:00+00:00,2021-11-15T01:53:00-06:00,2021-11-15T01:53:00,FM-15,0.0,0.0,0,,16.093,11.7,93.0,0.0
bergstrom,USW00013904,2021-11-15T08:53:00+00:00,2021-11-15T02:53:00-06:00,2021-11-15T02:53:00,FM-15,0.0,0.0,0,,14.484,10.0,100.0,0.0
bergstrom,USW00013904,2021-11-15T09:53:00+00:00,2021-11-15T03:53:00-06:00,2021-11-15T03:53:00,FM-15,0.0,0.0,0,,12.875,11.1,100.0,0.0
bergstrom,USW00013904,2021-11-15T10:53:00+00:00,2021-11-15T04:53:00-06:00,2021-11-15T04:53:00,FM-15,0.0,0.0,0,,12.875,11.1,100.0,0.0
bergstrom,USW00013904,2021-11-15T11:53:00+00:00,2021-11-15T05:53:00-06:00,2021-11-15T05:53:00,FM-15,0.0,0.0,0,,14.484,10.6,100.0,0.0
bergstrom,USW00013904,2021-11-15T12:53:00+00:00,2021-11-15T06:53:00-06:00,2021-11-15T06:53:00,FM-15,0.0,0.0,0,BCFG:2 |FG |,12.875,11.1,97.0,0.0
bergstrom,USW00013904,2021-11-15T13:38:00+00:00,2021-11-15T07:38:00-06:00,2021-11-15T07:38:00,FM-16,,,0,BCFG:2 |FG |,12.875,13.9,96.0,0.0
bergstrom,USW00013904,2021-11-15T13:42:00+00:00,2021-11-15T07:42:00-06:00,2021-11-15T07:42:00,FM-16,,,0,BR:1 |BR |,9.656,13.9,96.0,0.0
bergstrom,USW00013904,2021-11-15T13:53:00+00:00,2021-11-15T07:53:00-06:00,2021-11-15T07:53:00,FM-15,0.0,0.0,0,BR:1 |BR |,9.656,14.4,100.0,0.0
bergstrom,USW00013904,2021-11-15T14:09:00+00:00,2021-11-15T08:09:00-06:00,2021-11-15T08:09:00,FM-16,,,0,,11.265,16.1,100.0,2.6
bergstrom,USW00013904,2021-11-15T14:53:00+00:00,2021-11-15T08:53:00-06:00,2021-11-15T08:53:00,FM-15,0.0,0.0,0,,11.265,18.3,93.0,4.6
bergstrom,USW00013904,2021-11-15T15:47:00+00:00,2021-11-15T09:47:00-06:00,2021-11-15T09:47:00,FM-16,,,0,,12.875,22.0,78.0,4.6
bergstrom,USW00013904,2021-11-15T15:53:00+00:00,2021-11-15T09:53:00-06:00,2021-11-15T09:53:00,FM-15,0.0,0.0,0,,12.875,22.2,76.0,5.7
bergstrom,USW00013904,2021-11-15T16:08:00+00:00,2021-11-15T10:08:00-06:00,2021-11-15T10:08:00,FM-16,,,0,,16.093,21.7,79.0,3.6
bergstrom,USW00013904,2021-11-15T16:53:00+00:00,2021-11-15T10:53:00-06:00,2021-11-15T10:53:00,FM-15,0.0,0.0,0,,16.093,23.3,71.0,3.6
bergstrom,USW00013904,2021-11-15T17:51:00+00:00,2021-11-15T11:51:00-06:00,2021-11-15T11:51:00,FM-16,,,0,,16.093,26.0,58.0,5.7
bergstrom,USW00013904,2021-11-15T17:53:00+00:00,2021-11-15T11:53:00-06:00,2021-11-15T11:53:00,FM-15,0.0,0.0,0,,16.093,25.6,60.0,6.2
bergstrom,USW00013904,2021-11-15T18:53:00+00:00,2021-11-15T12:53:00-06:00,2021-11-15T12:53:00,FM-15,0.0,0.0,0,,16.093,26.7,52.0,6.2
bergstrom,USW00013904,2021-11-15T19:53:00+00:00,2021-11-15T13:53:00-06:00,2021-11-15T13:53:00,FM-15,0.0,0.0,0,,16.093,27.2,51.0,7.2
bergstrom,USW00013904,2021-11-15T20:53:00+00:00,2021-11-15T14:53:00-06:00,2021-11-15T14:53:00,FM-15,0.0,0.0,0,,16.093,27.2,47.0,6.7
bergstrom,USW00013904,2021-11-15T21:53:00+00:00,2021-11-15T15:53:00-06:00,2021-11-15T15:53:00,FM-15,0.0,0.0,0,,16.093,26.7,49.0,5.7
bergstrom,USW00013904,2021-11-15T22:53:00+00:00,2021-11-15T16:53:00-06:00,2021-11-15T16:53:00,FM-15,0.0,0.0,0,,16.093,25.6,52.0,4.6
bergstrom,USW00013904,2021-11-15T23:53:00+00:00,2021-11-15T17:53:00-06:00,2021-11-15T17:53:00,FM-15,0.0,0.0,0,,16.093,20.6,66.0,2.1
bergstrom,USW00013904,2021-11-16T00:53:00+00:00,2021-11-15T18:53:00-06:00,2021-11-15T18:53:00,FM-15,0.0,0.0,0,,16.093,17.2,81.0,1.5
bergstrom,USW00013904,2021-11-16T01:53:00+00:00,2021-11-15T19:53:00-06:00,2021-11-15T19:53:00,FM-15,0.0,0.0,0,,16.093,16.7,84.0,2.6
bergstrom,USW00013904,2021-11-16T02:53:00+00:00,2021-11-15T20:53:00-06:00,2021-11-15T20:53:00,FM-15,0.0,0.0,0,,16.093,16.7,86.0,2.6
bergstrom,USW00013904,2021-11-16T03:53:00+00:00,2021-11-15T21:53:00-06:00,2021-11-15T21:53:00,FM-15,0.0,0.0,0,,16.093,18.3,84.0,4.6
bergstrom,USW00013904,2021-11-16T04:53:00+00:00,2021-11-15T22:53:00-06:00,2021-11-15T22:53:00,FM-15,0.0,0.0,0,,16.093,18.3,90.0,4.1
bergstrom,USW00013904,2021-11-16T05:53:00+00:00,2021-11-15T23:53:00-06:00,2021-11-15T23:53:00,FM-15,0.0,0.0,0,,16.093,17.2,93.0,3.1
bergstrom,USW00013904,2021-11-16T06:53:00+00:00,2021-11-16T00:53:00-06:00,2021-11-16T00:53:00,FM-15,0.0,0.0,0,,16.093,16.7,96.0,2.1
bergstrom,USW00013904,2021-11-16T07:53:00+00:00,2021-11-16T01:53:00-06:00,2021-11-16T01:53:00,FM-15,0.0,0.0,0,,16.093,17.8,96.0,1.5
bergstrom,USW00013904,2021-11-16T08:53:00+00:00,2021-11-16T02:53:00-06:00,2021-11-16T02:53:00,FM-15,0.0,0.0,0,,16.093,17.2,97.0,2.6
bergstrom,USW00013904,2021-11-16T09:26:00+00:00,2021-11-16T03:26:00-06:00,2021-11-16T03:26:00,FM-16,,,0,,14.484,15.6,100.0,0.0
bergstrom,USW00013904,2021-11-16T09:53:00+00:00,2021-11-16T03:53:00-06:00,2021-11-16T03:53:00,FM-15,0.0,0.0,0,,14.484,17.2,100.0,0.0
bergstrom,USW00013904,2021-11-16T10:53:00+00:00,2021-11-16T04:53:00-06:00,2021-11-16T04:53:00,FM-15,0.0,0.0,0,,16.093,17.8,96.0,3.6
bergstrom,USW00013904,2021-11-16T11:26:00+00:00,2021-11-16T05:26:00-06:00,2021-11-16T05:26:00,FM-16,,,0,BCFG:2 |FG |,12.875,18.3,97.0,5.1
bergstrom,USW00013904,2021-11-16T11:53:00+00:00,2021-11-16T05:53:00-06:00,2021-11-16T05:53:00,FM-15,0.0,0.0,0,BCFG:2 |FG |,12.875,18.3,97.0,4.6
bergstrom,USW00013904,2021-11-16T12:53:00+00:00,2021-11-16T06:53:00-06:00,2021-11-16T06:53:00,FM-15,0.0,0.0,0,BCFG:2 |FG |,11.265,18.3,93.0,5.1
bergstrom,USW00013904,2021-11-16T13:28:00+00:00,2021-11-16T07:28:00-06:00,2021-11-16T07:28:00,FM-16,,,0,BR:1 |BR |,1.609,17.8,96.0,3.1
bergstrom,USW00013904,2021-11-16T13:53:00+00:00,2021-11-16T07:53:00-06:00,2021-11-16T07:53:00,FM-15,0.0,0.0,0,BR:1 |BR |,1.609,17.8,96.0,4.1
bergstrom,USW00013904,2021-11-16T14:01:00+00:00,2021-11-16T08:01:00-06:00,2021-11-16T08:01:00,FM-16,,,0,BR:1 |BR s |,0.805,17.8,96.0,4.1
bergstrom,USW00013904,2021-11-16T14:20:00+00:00,2021-11-16T08:20:00-06:00,2021-11-16T08:20:00,FM-16,,,0,BR:1 |BR s |,0.805,17.8,96.0,4.1
bergstrom,USW00013904,2021-11-16T14:31:00+00:00,2021-11-16T08:31:00-06:00,2021-11-16T08:31:00,FM-16,,,0,BR:1 |BR |,3.219,18.3,93.0,4.1
bergstrom,USW00013904,2021-11-16T14:45:00+00:00,2021-11-16T08:45:00-06:00,2021-11-16T08:45:00,FM-16,,,0,BR:1 |BR |,3.219,18.9,93.0,4.6
bergstrom,USW00013904,2021-11-16T14:53:00+00:00,2021-11-16T08:53:00-06:00,2021-11-16T08:53:00,FM-15,0.0,0.0,0,BR:1 |BR |,3.219,18.9,93.0,4.6
bergstrom,USW00013904,2021-11-16T15:28:00+00:00,2021-11-16T09:28:00-06:00,2021-11-16T09:28:00,FM-16,,,0,,12.875,20.0,84.0,7.7
bergstrom,USW00013904,2021-11-16T15:53:00+00:00,2021-11-16T09:53:00-06:00,2021-11-16T09:53:00,FM-15,0.0,0.0,0,,14.484,20.6,84.0,6.2
bergstrom,USW00013904,2021-11-16T16:25:00+00:00,2021-11-16T10:25:00-06:00,2021-11-16T10:25:00,FM-16,,,0,,16.093,21.7,79.0,6.7
bergstrom,USW00013904,2021-11-16T16:53:00+00:00,2021-11-16T10:53:00-06:00,2021-11-16T10:53:00,FM-15,0.0,0.0,0,,16.093,22.8,74.0,6.7
bergstrom,USW00013904,2021-11-16T17:53:00+00:00,2021-11-16T11:53:00-06:00,2021-11-16T11:53:00,FM-15,0.0,0.0,0,,16.093,24.4,67.0,7.2
bergstrom,USW00013904,2021-11-16T18:11:00+00:00,2021-11-16T12:11:00-06:00,2021-11-16T12:11:00,FM-16,,,0,,16.093,25.6,62.0,7.7
bergstrom,USW00013904,2021-11-16T18:53:00+00:00,2021-11-16T12:53:00-06:00,2021-11-16T12:53:00,FM-15,0.0,0.0,0,,16.093,25.0,62.0,7.2
bergstrom,USW00013904,2021-11-16T19:53:00+00:00,2021-11-16T13:53:00-06:00,2021-11-16T13:53:00,FM-15,0.0,0.0,0,,16.093,26.1,56.0,6.7
bergstrom,USW00013904,2021-11-16T20:53:00+00:00,2021-11-16T14:53:00-06:00,2021-11-16T14:53:00,FM-15,0.0,0.0,0,,16.093,27.2,51.0,7.7
bergstrom,USW00013904,2021-11-16T21:53:00+00:00,2021-11-16T15:53:00-06:00,2021-11-16T15:53:00,FM-15,0.0,0.0,0,,16.093,26.7,49.0,8.8
bergstrom,USW00013904,2021-11-16T22:53:00+00:00,2021-11-16T16:53:00-06:00,2021-11-16T16:53:00,FM-15,0.0,0.0,0,,16.093,25.6,52.0,7.2
bergstrom,USW00013904,2021-11-16T23:53:00+00:00,2021-11-16T17:53:00-06:00,2021-11-16T17:53:00,FM-15,0.0,0.0,0,,16.093,22.8,62.0,3.6
bergstrom,USW00013904,2021-11-17T00:53:00+00:00,2021-11-16T18:53:00-06:00,2021-11-16T18:53:00,FM-15,0.0,0.0,0,,16.093,21.7,66.0,5.1
bergstrom,USW00013904,2021-11-17T01:53:00+00:00,2021-11-16T19:53:00-06:00,2021-11-16T19:53:00,FM-15,0.0,0.0,0,,16.093,21.1,71.0,6.7
bergstrom,USW00013904,2021-11-17T02:53:00+00:00,2021-11-16T20:53:00-06:00,2021-11-16T20:53:00,FM-15,0.0,0.0,0,,16.093,20.6,73.0,6.7
bergstrom,USW00013904,2021-11-17T03:53:00+00:00,2021-11-16T21:53:00-06:00,2021-11-16T21:53:00,FM-15,0.0,0.0,0,,16.093,20.0,78.0,7.2
bergstrom,USW00013904,2021-11-17T04:53:00+00:00,2021-11-16T22:53:00-06:00,2021-11-16T22:53:00,FM-15,0.0,0.0,0,,16.093,19.4,84.0,5.7
bergstrom,USW00013904,2021-11-17T05:53:00+00:00,2021-11-16T23:53:00-06:00,2021-11-16T23:53:00,FM-15,0.0,0.0,0,,16.093,19.4,84.0,6.2
bergstrom,USW00013904,2021-11-17T06:53:00+00:00,2021-11-17T00:53:00-06:00,2021-11-17T00:53:00,FM-15,0.0,0.0,0,,16.093,18.9,87.0,5.7
bergstrom,USW00013904,2021-11-17T07:53:00+00:00,2021-11-17T01:53:00-06:00,2021-11-17T01:53:00,FM-15,0.0,0.0,0,,16.093,18.3,90.0,5.1
bergstrom,USW00013904,2021-11-17T08:53:00+00:00,2021-11-17T02:53:00-06:00,2021-11-17T02:53:00,FM-15,0.0,0.0,0,,16.093,17.8,90.0,3.1
bergstrom,USW00013904,2021-11-17T09:53:00+00:00,2021-11-17T03:53:00-06:00,2021-11-17T03:53:00,FM-15,0.0,0.0,0,,16.093,16.7,93.0,2.6
bergstrom,USW00013904,2021-11-17T10:51:00+00:00,2021-11-17T04:51:00-06:00,2021-11-17T04:51:00,FM-16,,,0,,16.093,16.0,94.0,2.1
bergstrom,USW00013904,2021-11-17T10:53:00+00:00,2021-11-17T04:53:00-06:00,2021-11-17T04:53:00,FM-15,0.0,0.0,0,,16.093,16.1,93.0,2.1
bergstrom,USW00013904,2021-11-17T11:53:00+00:00,2021-11-17T05:53:00-06:00,2021-11-17T05:53:00,FM-15,0.0,0.0,0,,16.093,15.0,96.0,2.6
bergstrom,USW00013904,2021-11-17T12:00:00+00:00,2021-11-17T06:00:00-06:00,2021-11-17T06:00:00,FM-16,,,0,,16.093,15.0,96.0,2.6
bergstrom,USW00013904,2021-11-17T12:53:00+00:00,2021-11-17T06:53:00-06:00,2021-11-17T06:53:00,FM-15,0.0,0.0,0,,16.093,15.0,100.0,2.1
bergstrom,USW00013904,2021-11-17T13:53:00+00:00,2021-11-17T07:53:00-06:00,2021-11-17T07:53:00,FM-15,0.0,0.0,0,,16.093,17.2,93.0,2.1
bergstrom,USW00013904,2021-11-17T14:53:00+00:00,2021-11-17T08:53:00-06:00,2021-11-17T08:53:00,FM-15,0.0,0.0,0,,16.093,20.0,81.0,6.2
bergstrom,USW00013904,2021-11-17T15:53:00+00:00,2021-11-17T09:53:00-06:00,2021-11-17T09:53:00,FM-15,0.0,0.0,0,,16.093,22.8,71.0,7.7
bergstrom,USW00013904,2021-11-17T16:53:00+00:00,2021-11-17T10:53:00-06:00,2021-11-17T10:53:00,FM-15,0.0,0.0,0,,16.093,24.4,62.0,10.8
bergstrom,USW00013904,2021-11-17T17:53:00+00:00,2021-11-17T11:53:00-06:00,2021-11-17T11:53:00,FM-15,0.0,0.0,0,,16.093,26.1,54.0,7.2
bergstrom,USW00013904,2021-11-17T18:53:00+00:00,2021-11-17T12:53:00-06:00,2021-11-17T12:53:00,FM-15,0.0,0.0,0,,16.093,27.2,49.0,7.2
bergstrom,USW00013904,2021-11-17T19:53:00+00:00,2021-11-17T13:53:00-06:00,2021-11-17T13:53:00,FM-15,0.0,0.0,0,,16.093,27.2,47.0,6.7
bergstrom,USW00013904,2021-11-17T20:53:00+00:00,2021-11-17T14:53:00-06:00,2021-11-17T14:53:00,FM-15,0.0,0.0,0,,16.093,27.8,47.0,7.7
bergstrom,USW00013904,2021-11-17T21:53:00+00:00,2021-11-17T15:53:00-06:00,2021-11-17T15:53:00,FM-15,0.0,0.0,0,,16.093,27.8,47.0,4.6
bergstrom,USW00013904,2021-11-17T22:53:00+00:00,2021-11-17T16:53:00-06:00,2021-11-17T16:53:00,FM-15,0.0,0.0,0,,16.093,26.1,50.0,4.1
bergstrom,USW00013904,2021-11-17T23:53:00+00:00,2021-11-17T17:53:00-06:00,2021-11-17T17:53:00,FM-15,0.0,0.0,0,,16.093,23.9,60.0,3.6
bergstrom,USW00013904,2021-11-18T00:53:00+00:00,2021-11-17T18:53:00-06:00,2021-11-17T18:53:00,FM-15,0.0,0.0,0,,16.093,18.9,78.0,2.1
bergstrom,USW00013904,2021-11-18T01:53:00+00:00,2021-11-17T19:53:00-06:00,2021-11-17T19:53:00,FM-15,0.0,0.0,0,,16.093,18.9,81.0,0.0
bergstrom,USW00013904,2021-11-18T02:53:00+00:00,2021-11-17T20:53:00-06:00,2021-11-17T20:53:00,FM-15,0.0,0.0,0,,16.093,18.3,87.0,0.0
bergstrom,USW00013904,2021-11-18T03:53:00+00:00,2021-11-17T21:53:00-06:00,2021-11-17T21:53:00,FM-15,0.0,0.0,0,,16.093,17.2,90.0,0.0
bergstrom,USW00013904,2021-11-18T04:53:00+00:00,2021-11-17T22:53:00-06:00,2021-11-17T22:53:00,FM-15,0.0,0.0,0,,16.093,20.0,73.0,5.1
bergstrom,USW00013904,2021-11-18T05:20:00+00:00,2021-11-17T23:20:00-06:00,2021-11-17T23:20:00,FM-16,,,0,,16.093,19.4,53.0,5.1
bergstrom,USW00013904,2021-11-18T05:53:00+00:00,2021-11-17T23:53:00-06:00,2021-11-17T23:53:00,FM-15,0.0,0.0,0,,16.093,19.4,42.0,9.8
bergstrom,USW00013904,2021-11-18T06:15:00+00:00,2021-11-18T00:15:00-06:00,2021-11-18T00:15:00,FM-16,,,0,,16.093,18.9,42.0,5.7
bergstrom,USW00013904,2021-11-18T06:53:00+00:00,2021-11-18T00:53:00-06:00,2021-11-18T00:53:00,FM-15,0.0,0.0,0,,16.093,17.8,41.0,7.2
bergstrom,USW00013904,2021-11-18T07:53:00+00:00,2021-11-18T01:53:00-06:00,2021-11-18T01:53:00,FM-15,0.0,0.0,0,,16.093,16.1,43.0,6.7
bergstrom,USW00013904,2021-11-18T08:53:00+00:00,2021-11-18T02:53:00-06:00,2021-11-18T02:53:00,FM-15,0.0,0.0,0,,16.093,15.6,42.0,8.8
bergstrom,USW00013904,2021-11-18T09:53:00+00:00,2021-11-18T03:53:00-06:00,2021-11-18T03:53:00,FM-15,0.0,0.0,0,,16.093,15.0,41.0,8.2
bergstrom,USW00013904,2021-11-18T10:53:00+00:00,2021-11-18T04:53:00-06:00,2021-11-18T04:53:00,FM-15,0.0,0.0,0,,16.093,14.4,42.0,9.3
bergstrom,USW00013904,2021-11-18T11:53:00+00:00,2021-11-18T05:53:00-06:00,2021-11-18T05:53:00,FM-15,0.0,0.0,0,,16.093,13.9,41.0,5.7
bergstrom,USW00013904,2021-11-18T12:53:00+00:00,2021-11-18T06:53:00-06:00,2021-11-18T06:53:00,FM-15,0.0,0.0,0,,16.093,12.8,35.0,7.2
bergstrom,USW00013904,2021-11-18T13:53:00+00:00,2021-11-18T07:53:00-06:00,2021-11-18T07:53:00,FM-15,0.0,0.0,0,,16.093,13.3,34.0,7.2
bergstrom,USW00013904,2021-11-18T14:53:00+00:00,2021-11-18T08:53:00-06:00,2021-11-18T08:53:00,FM-15,0.0,0.0,0,,16.093,13.9,32.0,9.3
bergstrom,USW00013904,2021-11-18T15:53:00+00:00,2021-11-18T09:53:00-06:00,2021-11-18T09:53:00,FM-15,0.0,0.0,0,,16.093,14.4,31.0,10.8
bergstrom,USW00013904,2021-11-18T16:53:00+00:00,2021-11-18T10:53:00-06:00,2021-11-18T10:53:00,FM-15,0.0,0.0,0,,16.093,14.4,31.0,9.3
bergstrom,USW00013904,2021-11-18T17:53:00+00:00,2021-11-18T11:53:00-06:00,2021-11-18T11:53:00,FM-15,0.0,0.0,0,,16.093,16.7,30.0,9.3
bergstrom,USW00013904,2021-11-18T18:53:00+00:00,2021-11-18T12:53:00-06:00,2021-11-18T12:53:00,FM-15,0.0,0.0,0,,16.093,17.2,31.0,9.3
bergstrom,USW00013904,2021-11-18T19:53:00+00:00,2021-11-18T13:53:00-06:00,2021-11-18T13:53:00,FM-15,0.0,0.0,0,,16.093,17.2,35.0,8.8
bergstrom,USW00013904,2021-11-18T20:53:00+00:00,2021-11-18T14:53:00-06:00,2021-11-18T14:53:00,FM-15,0.0,0.0,0,,16.093,18.3,33.0,9.3
bergstrom,USW00013904,2021-11-18T21:53:00+00:00,2021-11-18T15:53:00-06:00,2021-11-18T15:53:00,FM-15,0.0,0.0,0,,16.093,17.8,35.0,9.3
bergstrom,USW00013904,2021-11-18T22:53:00+00:00,2021-11-18T16:53:00-06:00,2021-11-18T16:53:00,FM-15,0.0,0.0,0,,16.093,17.2,33.0,7.2
bergstrom,USW00013904,2021-11-18T23:53:00+00:00,2021-11-18T17:53:00-06:00,2021-11-18T17:53:00,FM-15,0.0,0.0,0,,16.093,15.0,33.0,5.7
bergstrom,USW00013904,2021-11-19T00:53:00+00:00,2021-11-18T18:53:00-06:00,2021-11-18T18:53:00,FM-15,0.0,0.0,0,,16.093,12.8,42.0,4.1
bergstrom,USW00013904,2021-11-19T01:53:00+00:00,2021-11-18T19:53:00-06:00,2021-11-18T19:53:00,FM-15,0.0,0.0,0,,16.093,12.2,40.0,4.6
bergstrom,USW00013904,2021-11-19T02:53:00+00:00,2021-11-18T20:53:00-06:00,2021-11-18T20:53:00,FM-15,0.0,0.0,0,,16.093,12.8,33.0,5.7
bergstrom,USW00013904,2021-11-19T03:53:00+00:00,2021-11-18T21:53:00-06:00,2021-11-18T21:53:00,FM-15,0.0,0.0,0,,16.093,12.2,34.0,6.7
bergstrom,USW00013904,2021-11-19T04:53:00+00:00,2021-11-18T22:53:00-06:00,2021-11-18T22:53:00,FM-15,0.0,0.0,0,,16.093,12.2,31.0,5.1
bergstrom,USW00013904,2021-11-19T05:53:00+00:00,2021-11-18T23:53:00-06:00,2021-11-18T23:53:00,FM-15,0.0,0.0,0,,16.093,11.1,37.0,5.1
bergstrom,USW00013904,2021-11-19T06:53:00+00:00,2021-11-19T00:53:00-06:00,2021-11-19T00:53:00,FM-15,0.0,0.0,0,,16.093,10.6,39.0,4.1
bergstrom,USW00013904,2021-11-19T07:53:00+00:00,2021-11-19T01:53:00-06:00,2021-11-19T01:53:00,FM-15,0.0,0.0,0,,16.093,7.8,51.0,3.6
bergstrom,USW00013904,2021-11-19T08:53:00+00:00,2021-11-19T02:53:00-06:00,2021-11-19T02:53:00,FM-15,0.0,0.0,0,,16.093,5.6,62.0,3.1
bergstrom,USW00013904,2021-11-19T09:53:00+00:00,2021-11-19T03:53:00-06:00,2021-11-19T03:53:00,FM-15,0.0,0.0,0,,16.093,6.7,58.0,0.0
bergstrom,USW00013904,2021-11-19T10:53:00+00:00,2021-11-19T04:53:00-06:00,2021-11-19T04:53:00,FM-15,0.0,0.0,0,,16.093,5.6,65.0,2.6
bergstrom,USW00013904,2021-11-19T11:53:00+00:00,2021-11-19T05:53:00-06:00,2021-11-19T05:53:00,FM-15,0.0,0.0,0,,16.093,5.0,67.0,4.1
bergstrom,USW00013904,2021-11-19T12:53:00+00:00,2021-11-19T06:53:00-06:00,2021-11-19T06:53:00,FM-15,0.0,0.0,0,,16.093,5.6,65.0,4.1
bergstrom,USW00013904,2021-11-19T13:53:00+00:00,2021-11-19T07:53:00-06:00,2021-11-19T07:53:00,FM-15,0.0,0.0,0,,16.093,8.9,52.0,3.1
bergstrom,USW00013904,2021-11-19T14:53:00+00:00,2021-11-19T08:53:00-06:00,2021-11-19T08:53:00,FM-15,0.0,0.0,0,,16.093,10.6,41.0,4.1
bergstrom,USW00013904,2021-11-19T15:53:00+00:00,2021-11-19T09:53:00-06:00,2021-11-19T09:53:00,FM-15,0.0,0.0,0,,16.093,12.2,37.0,3.6
bergstrom,USW00013904,2021-11-19T16:53:00+00:00,2021-11-19T10:53:00-06:00,2021-11-19T10:53:00,FM-15,0.0,0.0,0,,16.093,13.3,36.0,3.1
bergstrom,USW00013904,2021-11-19T17:53:00+00:00,2021-11-19T11:53:00-06:00,2021-11-19T11:53:00,FM-15,0.0,0.0,0,,16.093,15.6,32.0,3.1
bergstrom,USW00013904,2021-11-19T18:53:00+00:00,2021-11-19T12:53:00-06:00,2021-11-19T12:53:00,FM-15,0.0,0.0,0,,16.093,16.1,29.0,3.1
bergstrom,USW00013904,2021-11-19T19:53:00+00:00,2021-11-19T13:53:00-06:00,2021-11-19T13:53:00,FM-15,0.0,0.0,0,,16.093,17.2,26.0,1.5
bergstrom,USW00013904,2021-11-19T20:53:00+00:00,2021-11-19T14:53:00-06:00,2021-11-19T14:53:00,FM-15,0.0,0.0,0,,16.093,18.3,26.0,0.0
bergstrom,USW00013904,2021-11-19T21:53:00+00:00,2021-11-19T15:53:00-06:00,2021-11-19T15:53:00,FM-15,0.0,0.0,0,,16.093,18.9,25.0,2.6
bergstrom,USW00013904,2021-11-19T22:53:00+00:00,2021-11-19T16:53:00-06:00,2021-11-19T16:53:00,FM-15,0.0,0.0,0,,16.093,17.8,29.0,2.6
bergstrom,USW00013904,2021-11-19T23:53:00+00:00,2021-11-19T17:53:00-06:00,2021-11-19T17:53:00,FM-15,0.0,0.0,0,,16.093,16.7,32.0,3.1
bergstrom,USW00013904,2021-11-20T00:53:00+00:00,2021-11-19T18:53:00-06:00,2021-11-19T18:53:00,FM-15,0.0,0.0,0,,16.093,14.4,42.0,1.5
bergstrom,USW00013904,2021-11-20T01:53:00+00:00,2021-11-19T19:53:00-06:00,2021-11-19T19:53:00,FM-15,0.0,0.0,0,,16.093,10.6,59.0,0.0
bergstrom,USW00013904,2021-11-20T02:53:00+00:00,2021-11-19T20:53:00-06:00,2021-11-19T20:53:00,FM-15,0.0,0.0,0,,16.093,8.3,69.0,0.0
bergstrom,USW00013904,2021-11-20T03:53:00+00:00,2021-11-19T21:53:00-06:00,2021-11-19T21:53:00,FM-15,0.0,0.0,0,,16.093,8.3,69.0,0.0
bergstrom,USW00013904,2021-11-20T04:53:00+00:00,2021-11-19T22:53:00-06:00,2021-11-19T22:53:00,FM-15,0.0,0.0,0,,16.093,7.8,77.0,1.5
bergstrom,USW00013904,2021-11-20T05:53:00+00:00,2021-11-19T23:53:00-06:00,2021-11-19T23:53:00,FM-15,0.0,0.0,0,,16.093,7.2,80.0,0.0
bergstrom,USW00013904,2021-11-20T06:53:00+00:00,2021-11-20T00:53:00-06:00,2021-11-20T00:53:00,FM-15,0.0,0.0,0,,16.093,6.7,85.0,0.0
bergstrom,USW00013904,2021-11-20T07:53:00+00:00,2021-11-20T01:53:00-06:00,2021-11-20T01:53:00,FM-15,0.0,0.0,0,,16.093,6.7,89.0,0.0
bergstrom,USW00013904,2021-11-20T08:53:00+00:00,2021-11-20T02:53:00-06:00,2021-11-20T02:53:00,FM-15,0.0,0.0,0,,16.093,7.2,90.0,1.5
bergstrom,USW00013904,2021-11-20T09:53:00+00:00,2021-11-20T03:53:00-06:00,2021-11-20T03:53:00,FM-15,0.0,0.0,0,,16.093,6.7,93.0,1.5
bergstrom,USW00013904,2021-11-20T10:53:00+00:00,2021-11-20T04:53:00-06:00,2021-11-20T04:53:00,FM-15,0.0,0.0,0,,16.093,7.2,93.0,0.0
bergstrom,USW00013904,2021-11-20T11:23:00+00:00,2021-11-20T05:23:00-06:00,2021-11-20T05:23:00,FM-16,,,0,,16.093,7.8,93.0,2.1
bergstrom,USW00013904,2021-11-20T11:26:00+00:00,2021-11-20T05:26:00-06:00,2021-11-20T05:26:00,FM-16,,,0,,16.093,7.8,93.0,2.1
bergstrom,USW00013904,2021-11-20T11:28:00+00:00,2021-11-20T05:28:00-06:00,2021-11-20T05:28:00,FM-16,,,0,,16.093,8.3,93.0,2.1
bergstrom,USW00013904,2021-11-20T11:36:00+00:00,2021-11-20T05:36:00-06:00,2021-11-20T05:36:00,FM-16,,,0,,14.484,8.9,93.0,1.5
bergstrom,USW00013904,2021-11-20T11:42:00+00:00,2021-11-20T05:42:00-06:00,2021-11-20T05:42:00,FM-16,,,1,-DZ:01 BR:1 |DZ s BR s |DZ s,0.805,8.9,93.0,1.5
bergstrom,USW00013904,2021-11-20T11:53:00+00:00,2021-11-20T05:53:00-06:00,2021-11-20T05:53:00,FM-15,,T,1,-DZ:01 BR:1 |DZ s BR s |DZ s,0.805,9.4,97.0,2.1
bergstrom,USW00013904,2021-11-20T12:44:00+00:00,2021-11-20T06:44:00-06:00,2021-11-20T06:44:00,FM-16,,,0,BR:1 |BR |,8.047,10.6,100.0,2.1
bergstrom,USW00013904,2021-11-20T12:51:00+00:00,2021-11-20T06:51:00-06:00,2021-11-20T06:51:00,FM-16,,,0,BR:1 |BR |,8.047,11.0,100.0,1.5
bergstrom,USW00013904,2021-11-20T12:53:00+00:00,2021-11-20T06:53:00-06:00,2021-11-20T06:53:00,FM-15,,T,1,BR:1 |BR |,8.047,11.1,97.0,1.5
bergstrom,USW00013904,2021-11-20T13:53:00+00:00,2021-11-20T07:53:00-06:00,2021-11-20T07:53:00,FM-15,0.0,0.0,0,BR:1 |BR |,8.047,12.2,93.0,3.1
bergstrom,USW00013904,2021-11-20T14:53:00+00:00,2021-11-20T08:53:00-06:00,2021-11-20T08:53:00,FM-15,0.0,0.0,0,BR:1 |BR |,8.047,13.3,90.0,2.1
bergstrom,USW00013904,2021-11-20T15:51:00+00:00,2021-11-20T09:51:00-06:00,2021-11-20T09:51:00,FM-16,,,0,,11.265,15.0,88.0,2.1
bergstrom,USW00013904,2021-11-20T15:53:00+00:00,2021-11-20T09:53:00-06:00,2021-11-20T09:53:00,FM-15,0.0,0.0,0,,11.265,15.0,87.0,2.6
bergstrom,USW00013904,2021-11-20T16:53:00+00:00,2021-11-20T10:53:00-06:00,2021-11-20T10:53:00,FM-15,0.0,0.0,0,,16.093,17.8,75.0,5.1
bergstrom,USW00013904,2021-11-20T17:51:00+00:00,2021-11-20T11:51:00-06:00,2021-11-20T11:51:00,FM-16,,,0,,16.093,21.0,64.0,5.1
bergstrom,USW00013904,2021-11-20T17:53:00+00:00,2021-11-20T11:53:00-06:00,2021-11-20T11:53:00,FM-15,0.0,0.0,0,,16.093,21.1,66.0,5.1
bergstrom,USW00013904,2021-11-20T18:53:00+00:00,2021-11-20T12:53:00-06:00,2021-11-20T12:53:00,FM-15,0.0,0.0,0,,16.093,20.6,68.0,3.1
bergstrom,USW00013904,2021-11-20T19:53:00+00:00,2021-11-20T13:53:00-06:00,2021-11-20T13:53:00,FM-15,0.0,0.0,0,,16.093,21.7,68.0,6.2
bergstrom,USW00013904,2021-11-20T20:53:00+00:00,2021-11-20T14:53:00-06:00,2021-11-20T14:53:00,FM-15,0.0,0.0,0,,16.093,22.2,66.0,6.2
bergstrom,USW00013904,2021-11-20T21:53:00+00:00,2021-11-20T15:53:00-06:00,2021-11-20T15:53:00,FM-15,0.0,0.0,0,,16.093,21.7,71.0,6.2
bergstrom,USW00013904,2021-11-20T22:53:00+00:00,2021-11-20T16:53:00-06:00,2021-11-20T16:53:00,FM-15,0.0,0.0,0,,16.093,21.1,73.0,5.1
bergstrom,USW00013904,2021-11-20T23:53:00+00:00,2021-11-20T17:53:00-06:00,2021-11-20T17:53:00,FM-15,0.0,0.0,0,,16.093,17.8,87.0,2.1
bergstrom,USW00013904,2021-11-21T00:53:00+00:00,2021-11-20T18:53:00-06:00,2021-11-20T18:53:00,FM-15,0.0,0.0,0,,16.093,16.7,90.0,2.6
bergstrom,USW00013904,2021-11-21T01:53:00+00:00,2021-11-20T19:53:00-06:00,2021-11-20T19:53:00,FM-15,0.0,0.0,0,,16.093,15.0,96.0,2.1
bergstrom,USW00013904,2021-11-21T02:51:00+00:00,2021-11-20T20:51:00-06:00,2021-11-20T20:51:00,FM-16,,,0,,16.093,16.0,94.0,2.1
bergstrom,USW00013904,2021-11-21T02:53:00+00:00,2021-11-20T20:53:00-06:00,2021-11-20T20:53:00,FM-15,0.0,0.0,0,,16.093,15.6,96.0,2.1
bergstrom,USW00013904,2021-11-21T03:53:00+00:00,2021-11-20T21:53:00-06:00,2021-11-20T21:53:00,FM-15,0.0,0.0,0,,16.093,16.1,93.0,1.5
bergstrom,USW00013904,2021-11-21T04:53:00+00:00,2021-11-20T22:53:00-06:00,2021-11-20T22:53:00,FM-15,0.0,0.0,0,,16.093,16.1,93.0,3.1
bergstrom,USW00013904,2021-11-21T05:51:00+00:00,2021-11-20T23:51:00-06:00,2021-11-20T23:51:00,FM-16,,,0,,16.093,16.0,94.0,1.5
bergstrom,USW00013904,2021-11-21T05:53:00+00:00,2021-11-20T23:53:00-06:00,2021-11-20T23:53:00,FM-15,0.0,0.0,0,,16.093,15.6,96.0,1.5
bergstrom,USW00013904,2021-11-21T06:53:00+00:00,2021-11-21T00:53:00-06:00,2021-11-21T00:53:00,FM-15,0.0,0.0,0,,16.093,16.1,97.0,1.5
bergstrom,USW00013904,2021-11-21T07:51:00+00:00,2021-11-21T01:51:00-06:00,2021-11-21T01:51:00,FM-16,,,0,,16.093,18.0,94.0,3.1
bergstrom,USW00013904,2021-11-21T07:53:00+00:00,2021-11-21T01:53:00-06:00,2021-11-21T01:53:00,FM-15,0.0,0.0,0,,16.093,17.8,96.0,3.1
bergstrom,USW00013904,2021-11-21T08:53:00+00:00,2021-11-21T02:53:00-06:00,2021-11-21T02:53:00,FM-15,0.0,0.0,0,,16.093,18.3,93.0,3.1
bergstrom,USW00013904,2021-11-21T09:09:00+00:00,2021-11-21T03:09:00-06:00,2021-11-21T03:09:00,FM-16,,,0,,16.093,17.8,96.0,3.1
bergstrom,USW00013904,2021-11-21T09:51:00+00:00,2021-11-21T03:51:00-06:00,2021-11-21T03:51:00,FM-16,,,0,,16.093,18.0,100.0,3.6
bergstrom,USW00013904,2021-11-21T09:53:00+00:00,2021-11-21T03:53:00-06:00,2021-11-21T03:53:00,FM-15,0.0,0.0,0,,16.093,18.3,97.0,3.6
bergstrom,USW00013904,2021-11-21T10:53:00+00:00,2021-11-21T04:53:00-06:00,2021-11-21T04:53:00,FM-15,0.0,0.0,0,,16.093,18.3,97.0,2.6
bergstrom,USW00013904,2021-11-21T11:51:00+00:00,2021-11-21T05:51:00-06:00,2021-11-21T05:51:00,FM-16,,,0,,16.093,18.0,100.0,2.6
bergstrom,USW00013904,2021-11-21T11:53:00+00:00,2021-11-21T05:53:00-06:00,2021-11-21T05:53:00,FM-15,0.0,0.0,0,,16.093,18.9,93.0,2.1
bergstrom,USW00013904,2021-11-21T12:53:00+00:00,2021-11-21T06:53:00-06:00,2021-11-21T06:53:00,FM-15,0.0,0.0,0,,16.093,18.3,97.0,3.1
bergstrom,USW00013904,2021-11-21T13:42:00+00:00,2021-11-21T07:42:00-06:00,2021-11-21T07:42:00,FM-16,,,0,,16.093,18.9,96.0,1.5
bergstrom,USW00013904,2021-11-21T13:53:00+00:00,2021-11-21T07:53:00-06:00,2021-11-21T07:53:00,FM-15,0.0,0.0,0,,16.093,19.4,93.0,1.5
bergstrom,USW00013904,2021-11-21T14:53:00+00:00,2021-11-21T08:53:00-06:00,2021-11-21T08:53:00,FM-15,0.0,0.0,0,,16.093,20.0,93.0,2.6
bergstrom,USW00013904,2021-11-21T15:45:00+00:00,2021-11-21T09:45:00-06:00,2021-11-21T09:45:00,FM-16,,,0,,16.093,21.7,84.0,3.1
bergstrom,USW00013904,2021-11-21T15:53:00+00:00,2021-11-21T09:53:00-06:00,2021-11-21T09:53:00,FM-15,0.0,0.0,0,,16.093,22.2,82.0,4.6
bergstrom,USW00013904,2021-11-21T16:41:00+00:00,2021-11-21T10:41:00-06:00,2021-11-21T10:41:00,FM-16,,,0,,16.093,22.8,79.0,2.6
bergstrom,USW00013904,2021-11-21T16:53:00+00:00,2021-11-21T10:53:00-06:00,2021-11-21T10:53:00,FM-15,0.0,0.0,0,,16.093,23.3,74.0,1.5
bergstrom,USW00013904,2021-11-21T17:53:00+00:00,2021-11-21T11:53:00-06:00,2021-11-21T11:53:00,FM-15,0.0,0.0,0,,16.093,23.3,74.0,0.0
bergstrom,USW00013904,2021-11-21T18:19:00+00:00,2021-11-21T12:19:00-06:00,2021-11-21T12:19:00,FM-16,,,0,,16.093,23.9,74.0,2.1
bergstrom,USW00013904,2021-11-21T18:53:00+00:00,2021-11-21T12:53:00-06:00,2021-11-21T12:53:00,FM-15,0.0,0.0,0,,16.093,23.9,74.0,2.1
bergstrom,USW00013904,2021-11-21T19:53:00+00:00,2021-11-21T13:53:00-06:00,2021-11-21T13:53:00,FM-15,0.0,0.0,0,,16.093,25.6,64.0,3.1
bergstrom,USW00013904,2021-11-21T20:53:00+00:00,2021-11-21T14:53:00-06:00,2021-11-21T14:53:00,FM-15,0.0,0.0,0,,16.093,25.0,62.0,3.6
bergstrom,USW00013904,2021-11-21T21:53:00+00:00,2021-11-21T15:53:00-06:00,2021-11-21T15:53:00,FM-15,0.0,0.0,0,,16.093,25.0,60.0,4.1
bergstrom,USW00013904,2021-11-21T22:53:00+00:00,2021-11-21T16:53:00-06:00,2021-11-21T16:53:00,FM-15,0.0,0.0,0,,16.093,23.9,60.0,4.1
bergstrom,USW00013904,2021-11-21T23:53:00+00:00,2021-11-21T17:53:00-06:00,2021-11-21T17:53:00,FM-15,0.0,0.0,0,,16.093,21.7,51.0,7.2
bergstrom,USW00013904,2021-11-22T00:53:00+00:00,2021-11-21T18:53:00-06:00,2021-11-21T18:53:00,FM-15,0.0,0.0,0,,16.093,18.9,56.0,7.7
bergstrom,USW00013904,2021-11-22T01:53:00+00:00,2021-11-21T19:53:00-06:00,2021-11-21T19:53:00,FM-15,0.0,0.0,0,,16.093,17.8,58.0,6.2
bergstrom,USW00013904,2021-11-22T02:53:00+00:00,2021-11-21T20:53:00-06:00,2021-11-21T20:53:00,FM-15,0.0,0.0,0,,16.093,17.2,54.0,7.2
bergstrom,USW00013904,2021-11-22T03:53:00+00:00,2021-11-21T21:53:00-06:00,2021-11-21T21:53:00,FM-15,0.0,0.0,0,,16.093,16.1,54.0,6.2
bergstrom,USW00013904,2021-11-22T04:53:00+00:00,2021-11-21T22:53:00-06:00,2021-11-21T22:53:00,FM-15,0.0,0.0,0,,16.093,16.1,46.0,5.7
bergstrom,USW00013904,2021-11-22T05:53:00+00:00,2021-11-21T23:53:00-06:00,2021-11-21T23:53:00,FM-15,0.0,0.0,0,,16.093,15.6,44.0,5.7
bergstrom,USW00013904,2021-11-22T06:53:00+00:00,2021-11-22T00:53:00-06:00,2021-11-22T00:53:00,FM-15,0.0,0.0,0,,16.093,14.4,44.0,6.2
bergstrom,USW00013904,2021-11-22T07:53:00+00:00,2021-11-22T01:53:00-06:00,2021-11-22T01:53:00,FM-15,0.0,0.0,0,,16.093,13.9,45.0,5.7
bergstrom,USW00013904,2021-11-22T08:53:00+00:00,2021-11-22T02:53:00-06:00,2021-11-22T02:53:00,FM-15,0.0,0.0,0,,16.093,12.8,47.0,6.2
bergstrom,USW00013904,2021-11-22T09:53:00+00:00,2021-11-22T03:53:00-06:00,2021-11-22T03:53:00,FM-15,0.0,0.0,0,,16.093,12.2,49.0,6.7
bergstrom,USW00013904,2021-11-22T10:53:00+00:00,2021-11-22T04:53:00-06:00,2021-11-22T04:53:00,FM-15,0.0,0.0,0,,16.093,11.7,48.0,4.6
bergstrom,USW00013904,2021-11-22T11:53:00+00:00,2021-11-22T05:53:00-06:00,2021-11-22T05:53:00,FM-15,0.0,0.0,0,,16.093,11.1,50.0,4.1
bergstrom,USW00013904,2021-11-22T12:53:00+00:00,2021-11-22T06:53:00-06:00,2021-11-22T06:53:00,FM-15,0.0,0.0,0,,16.093,10.6,52.0,5.1
bergstrom,USW00013904,2021-11-22T13:53:00+00:00,2021-11-22T07:53:00-06:00,2021-11-22T07:53:00,FM-15,0.0,0.0,0,,16.093,10.6,52.0,4.6
bergstrom,USW00013904,2021-11-22T14:53:00+00:00,2021-11-22T08:53:00-06:00,2021-11-22T08:53:00,FM-15,0.0,0.0,0,,16.093,13.9,42.0,5.1
bergstrom,USW00013904,2021-11-22T15:53:00+00:00,2021-11-22T09:53:00-06:00,2021-11-22T09:53:00,FM-15,0.0,0.0,0,,16.093,15.6,39.0,7.2
bergstrom,USW00013904,2021-11-22T16:53:00+00:00,2021-11-22T10:53:00-06:00,2021-11-22T10:53:00,FM-15,0.0,0.0,0,,16.093,17.2,38.0,6.2
bergstrom,USW00013904,2021-11-22T17:53:00+00:00,2021-11-22T11:53:00-06:00,2021-11-22T11:53:00,FM-15,0.0,0.0,0,,16.093,18.3,36.0,6.2
bergstrom,USW00013904,2021-11-22T18:53:00+00:00,2021-11-22T12:53:00-06:00,2021-11-22T12:53:00,FM-15,0.0,0.0,0,,16.093,20.0,30.0,5.7
bergstrom,USW00013904,2021-11-22T19:53:00+00:00,2021-11-22T13:53:00-06:00,2021-11-22T13:53:00,FM-15,0.0,0.0,0,,16.093,20.0,26.0,4.6
bergstrom,USW00013904,2021-11-22T20:53:00+00:00,2021-11-22T14:53:00-06:00,2021-11-22T14:53:00,FM-15,0.0,0.0,0,,16.093,20.6,25.0,5.7
bergstrom,USW00013904,2021-11-22T21:53:00+00:00,2021-11-22T15:53:00-06:00,2021-11-22T15:53:00,FM-15,0.0,0.0,0,,16.093,20.0,23.0,3.6
bergstrom,USW00013904,2021-11-22T22:53:00+00:00,2021-11-22T16:53:00-06:00,2021-11-22T16:53:00,FM-15,0.0,0.0,0,,16.093,15.6,35.0,2.6
bergstrom,USW00013904,2021-11-22T23:53:00+00:00,2021-11-22T17:53:00-06:00,2021-11-22T17:53:00,FM-15,0.0,0.0,0,,16.093,11.7,47.0,0.0
bergstrom,USW00013904,2021-11-23T00:53:00+00:00,2021-11-22T18:53:00-06:00,2021-11-22T18:53:00,FM-15,0.0,0.0,0,,16.093,8.9,68.0,0.0
bergstrom,USW00013904,2021-11-23T01:53:00+00:00,2021-11-22T19:53:00-06:00,2021-11-22T19:53:00,FM-15,0.0,0.0,0,,16.093,7.2,80.0,1.5
bergstrom,USW00013904,2021-11-23T02:53:00+00:00,2021-11-22T20:53:00-06:00,2021-11-22T20:53:00,FM-15,0.0,0.0,0,,16.093,6.1,80.0,0.0
bergstrom,USW00013904,2021-11-23T03:53:00+00:00,2021-11-22T21:53:00-06:00,2021-11-22T21:53:00,FM-15,0.0,0.0,0,,16.093,5.6,82.0,1.5
bergstrom,USW00013904,2021-11-23T04:53:00+00:00,2021-11-22T22:53:00-06:00,2021-11-22T22:53:00,FM-15,0.0,0.0,0,,16.093,3.9,93.0,0.0
bergstrom,USW00013904,2021-11-23T05:53:00+00:00,2021-11-22T23:53:00-06:00,2021-11-22T23:53:00,FM-15,0.0,0.0,0,,16.093,3.9,89.0,1.5
bergstrom,USW00013904,2021-11-23T06:53:00+00:00,2021-11-23T00:53:00-06:00,2021-11-23T00:53:00,FM-15,0.0,0.0,0,,16.093,2.8,89.0,0.0
bergstrom,USW00013904,2021-11-23T07:53:00+00:00,2021-11-23T01:53:00-06:00,2021-11-23T01:53:00,FM-15,0.0,0.0,0,,16.093,1.1,97.0,0.0
bergstrom,USW00013904,2021-11-23T08:53:00+00:00,2021-11-23T02:53:00-06:00,2021-11-23T02:53:00,FM-15,0.0,0.0,0,,16.093,1.7,93.0,0.0
bergstrom,USW00013904,2021-11-23T09:53:00+00:00,2021-11-23T03:53:00-06:00,2021-11-23T03:53:00,FM-15,0.0,0.0,0,,16.093,3.9,82.0,0.0
bergstrom,USW00013904,2021-11-23T10:53:00+00:00,2021-11-23T04:53:00-06:00,2021-11-23T04:53:00,FM-15,0.0,0.0,0,,16.093,0.6,92.0,1.5
bergstrom,USW00013904,2021-11-23T11:53:00+00:00,2021-11-23T05:53:00-06:00,2021-11-23T05:53:00,FM-15,0.0,0.0,0,,16.093,0.6,92.0,0.0
bergstrom,USW00013904,2021-11-23T12:53:00+00:00,2021-11-23T06:53:00-06:00,2021-11-23T06:53:00,FM-15,0.0,0.0,0,,16.093,1.1,97.0,0.0
bergstrom,USW00013904,2021-11-23T13:53:00+00:00,2021-11-23T07:53:00-06:00,2021-11-23T07:53:00,FM-15,0.0,0.0,0,,16.093,3.3,86.0,1.5
bergstrom,USW00013904,2021-11-23T14:53:00+00:00,2021-11-23T08:53:00-06:00,2021-11-23T08:53:00,FM-15,0.0,0.0,0,,16.093,9.4,71.0,0.0
bergstrom,USW00013904,2021-11-23T15:53:00+00:00,2021-11-23T09:53:00-06:00,2021-11-23T09:53:00,FM-15,0.0,0.0,0,,16.093,14.4,50.0,2.1
bergstrom,USW00013904,2021-11-23T16:53:00+00:00,2021-11-23T10:53:00-06:00,2021-11-23T10:53:00,FM-15,0.0,0.0,0,,16.093,17.2,40.0,3.6
bergstrom,USW00013904,2021-11-23T17:53:00+00:00,2021-11-23T11:53:00-06:00,2021-11-23T11:53:00,FM-15,0.0,0.0,0,,16.093,19.4,32.0,5.7
bergstrom,USW00013904,2021-11-23T18:53:00+00:00,2021-11-23T12:53:00-06:00,2021-11-23T12:53:00,FM-15,0.0,0.0,0,,16.093,20.0,31.0,4.6
bergstrom,USW00013904,2021-11-23T19:53:00+00:00,2021-11-23T13:53:00-06:00,2021-11-23T13:53:00,FM-15,0.0,0.0,0,,16.093,21.1,29.0,3.1
bergstrom,USW00013904,2021-11-23T20:53:00+00:00,2021-11-23T14:53:00-06:00,2021-11-23T14:53:00,FM-15,0.0,0.0,0,,16.093,21.1,29.0,4.6
bergstrom,USW00013904,2021-11-23T21:53:00+00:00,2021-11-23T15:53:00-06:00,2021-11-23T15:53:00,FM-15,0.0,0.0,0,,16.093,20.6,29.0,5.1
bergstrom,USW00013904,2021-11-23T22:53:00+00:00,2021-11-23T16:53:00-06:00,2021-11-23T16:53:00,FM-15,0.0,0.0,0,,16.093,19.4,35.0,3.6
bergstrom,USW00013904,2021-11-23T23:53:00+00:00,2021-11-23T17:53:00-06:00,2021-11-23T17:53:00,FM-15,0.0,0.0,0,,16.093,13.3,53.0,2.1
bergstrom,USW00013904,2021-11-24T00:53:00+00:00,2021-11-23T18:53:00-06:00,2021-11-23T18:53:00,FM-15,0.0,0.0,0,,16.093,11.7,61.0,1.5
bergstrom,USW00013904,2021-11-24T01:53:00+00:00,2021-11-23T19:53:00-06:00,2021-11-23T19:53:00,FM-15,0.0,0.0,0,,16.093,11.1,64.0,2.6
bergstrom,USW00013904,2021-11-24T02:53:00+00:00,2021-11-23T20:53:00-06:00,2021-11-23T20:53:00,FM-15,0.0,0.0,0,,16.093,14.4,65.0,3.6
bergstrom,USW00013904,2021-11-24T03:53:00+00:00,2021-11-23T21:53:00-06:00,2021-11-23T21:53:00,FM-15,0.0,0.0,0,,16.093,15.6,70.0,5.1
bergstrom,USW00013904,2021-11-24T04:53:00+00:00,2021-11-23T22:53:00-06:00,2021-11-23T22:53:00,FM-15,0.0,0.0,0,,16.093,13.9,81.0,3.1
bergstrom,USW00013904,2021-11-24T05:53:00+00:00,2021-11-23T23:53:00-06:00,2021-11-23T23:53:00,FM-15,0.0,0.0,0,,16.093,11.7,86.0,1.5
bergstrom,USW00013904,2021-11-24T06:53:00+00:00,2021-11-24T00:53:00-06:00,2021-11-24T00:53:00,FM-15,0.0,0.0,0,,16.093,11.1,89.0,1.5
bergstrom,USW00013904,2021-11-24T07:53:00+00:00,2021-11-24T01:53:00-06:00,2021-11-24T01:53:00,FM-15,0.0,0.0,0,,16.093,10.6,96.0,2.6
bergstrom,USW00013904,2021-11-24T08:53:00+00:00,2021-11-24T02:53:00-06:00,2021-11-24T02:53:00,FM-15,0.0,0.0,0,,16.093,10.0,93.0,1.5
bergstrom,USW00013904,2021-11-24T09:53:00+00:00,2021-11-24T03:53:00-06:00,2021-11-24T03:53:00,FM-15,0.0,0.0,0,,16.093,11.1,97.0,3.1
bergstrom,USW00013904,2021-11-24T10:53:00+00:00,2021-11-24T04:53:00-06:00,2021-11-24T04:53:00,FM-15,0.0,0.0,0,,16.093,11.1,97.0,1.5
bergstrom,USW00013904,2021-11-24T11:53:00+00:00,2021-11-24T05:53:00-06:00,2021-11-24T05:53:00,FM-15,0.0,0.0,0,,14.484,10.0,96.0,1.5
bergstrom,USW00013904,2021-11-24T12:53:00+00:00,2021-11-24T06:53:00-06:00,2021-11-24T06:53:00,FM-15,0.0,0.0,0,,12.875,10.0,96.0,1.5
bergstrom,USW00013904,2021-11-24T13:53:00+00:00,2021-11-24T07:53:00-06:00,2021-11-24T07:53:00,FM-15,0.0,0.0,0,,12.875,11.7,96.0,1.5
bergstrom,USW00013904,2021-11-24T14:53:00+00:00,2021-11-24T08:53:00-06:00,2021-11-24T08:53:00,FM-15,0.0,0.0,0,,16.093,14.4,90.0,2.6
bergstrom,USW00013904,2021-11-24T15:53:00+00:00,2021-11-24T09:53:00-06:00,2021-11-24T09:53:00,FM-15,0.0,0.0,0,,16.093,18.3,78.0,4.6
bergstrom,USW00013904,2021-11-24T16:53:00+00:00,2021-11-24T10:53:00-06:00,2021-11-24T10:53:00,FM-15,0.0,0.0,0,,16.093,23.3,64.0,7.2
bergstrom,USW00013904,2021-11-24T17:53:00+00:00,2021-11-24T11:53:00-06:00,2021-11-24T11:53:00,FM-15,0.0,0.0,0,,16.093,25.0,54.0,9.3
bergstrom,USW00013904,2021-11-24T18:53:00+00:00,2021-11-24T12:53:00-06:00,2021-11-24T12:53:00,FM-15,0.0,0.0,0,,16.093,25.0,56.0,7.2
bergstrom,USW00013904,2021-11-24T19:53:00+00:00,2021-11-24T13:53:00-06:00,2021-11-24T13:53:00,FM-15,0.0,0.0,0,,16.093,25.0,58.0,8.2
bergstrom,USW00013904,2021-11-24T20:53:00+00:00,2021-11-24T14:53:00-06:00,2021-11-24T14:53:00,FM-15,0.0,0.0,0,,16.093,25.0,60.0,6.7
bergstrom,USW00013904,2021-11-24T21:53:00+00:00,2021-11-24T15:53:00-06:00,2021-11-24T15:53:00,FM-15,0.0,0.0,0,,16.093,24.4,64.0,7.7
bergstrom,USW00013904,2021-11-24T22:53:00+00:00,2021-11-24T16:53:00-06:00,2021-11-24T16:53:00,FM-15,0.0,0.0,0,,16.093,23.9,66.0,3.1
bergstrom,USW00013904,2021-11-24T23:53:00+00:00,2021-11-24T17:53:00-06:00,2021-11-24T17:53:00,FM-15,0.0,0.0,0,,16.093,22.8,74.0,3.6
bergstrom,USW00013904,2021-11-25T00:53:00+00:00,2021-11-24T18:53:00-06:00,2021-11-24T18:53:00,FM-15,0.3,0.3,1,,16.093,21.7,81.0,3.1
bergstrom,USW00013904,2021-11-25T01:53:00+00:00,2021-11-24T19:53:00-06:00,2021-11-24T19:53:00,FM-15,0.0,0.0,0,,16.093,21.7,81.0,4.6
bergstrom,USW00013904,2021-11-25T02:53:00+00:00,2021-11-24T20:53:00-06:00,2021-11-24T20:53:00,FM-15,0.0,0.0,0,,16.093,21.7,81.0,4.1
bergstrom,USW00013904,2021-11-25T03:53:00+00:00,2021-11-24T21:53:00-06:00,2021-11-24T21:53:00,FM-15,0.3,0.3,1,-RA:02 |RA |RA,11.265,21.1,87.0,3.6
bergstrom,USW00013904,2021-11-25T04:53:00+00:00,2021-11-24T22:53:00-06:00,2021-11-24T22:53:00,FM-15,0.3,0.3,1,,12.875,20.6,90.0,2.6
bergstrom,USW00013904,2021-11-25T05:53:00+00:00,2021-11-24T23:53:00-06:00,2021-11-24T23:53:00,FM-15,,T,1,-RA:02 |RA |RA,16.093,20.0,93.0,0.0
bergstrom,USW00013904,2021-11-25T06:53:00+00:00,2021-11-25T00:53:00-06:00,2021-11-25T00:53:00,FM-15,5.8,5.8,1,RA:02 BR:1 |RA BR |RA,8.047,20.0,96.0,2.6
bergstrom,USW00013904,2021-11-25T07:12:00+00:00,2021-11-25T01:12:00-06:00,2021-11-25T01:12:00,FM-16,,,1,-RA:02 |RA |RA,14.484,20.6,93.0,2.6
bergstrom,USW00013904,2021-11-25T07:53:00+00:00,2021-11-25T01:53:00-06:00,2021-11-25T01:53:00,FM-15,0.5,0.5,1,,16.093,20.0,96.0,0.0
bergstrom,USW00013904,2021-11-25T08:53:00+00:00,2021-11-25T02:53:00-06:00,2021-11-25T02:53:00,FM-15,,T,1,,16.093,20.0,96.0,0.0
bergstrom,USW00013904,2021-11-25T09:53:00+00:00,2021-11-25T03:53:00-06:00,2021-11-25T03:53:00,FM-15,,T,1,,11.265,18.9,100.0,0.0
bergstrom,USW00013904,2021-11-25T10:21:00+00:00,2021-11-25T04:21:00-06:00,2021-11-25T04:21:00,FM-16,,,0,BR:1 |BR |,2.414,17.8,100.0,0.0
bergstrom,USW00013904,2021-11-25T10:37:00+00:00,2021-11-25T04:37:00-06:00,2021-11-25T04:37:00,FM-16,,,0,BCFG:2 BR:1 |FG BR |,8.047,17.2,100.0,0.0
bergstrom,USW00013904,2021-11-25T10:53:00+00:00,2021-11-25T04:53:00-06:00,2021-11-25T04:53:00,FM-15,0.0,0.0,0,BCFG:2 BR:1 |FG BR |,8.047,17.2,100.0,0.0
bergstrom,USW00013904,2021-11-25T11:13:00+00:00,2021-11-25T05:13:00-06:00,2021-11-25T05:13:00,FM-16,,,0,BCFG:2 BR:1 |FG BR |,6.437,16.7,100.0,0.0
bergstrom,USW00013904,2021-11-25T11:36:00+00:00,2021-11-25T05:36:00-06:00,2021-11-25T05:36:00,FM-16,,,0,BCFG:2 BR:1 |FG BR |,6.437,16.7,100.0,0.0
bergstrom,USW00013904,2021-11-25T11:45:00+00:00,2021-11-25T05:45:00-06:00,2021-11-25T05:45:00,FM-16,,,0,BCFG:2 BR:1 |FG BR |,6.437,16.7,100.0,1.5
bergstrom,USW00013904,2021-11-25T11:53:00+00:00,2021-11-25T05:53:00-06:00,2021-11-25T05:53:00,FM-15,0.0,0.0,0,BCFG:2 BR:1 |FG BR |,6.437,17.8,96.0,2.1
bergstrom,USW00013904,2021-11-25T12:32:00+00:00,2021-11-25T06:32:00-06:00,2021-11-25T06:32:00,FM-16,,,0,BCFG:2 |FG |,12.875,19.4,97.0,3.1
bergstrom,USW00013904,2021-11-25T12:53:00+00:00,2021-11-25T06:53:00-06:00,2021-11-25T06:53:00,FM-15,0.0,0.0,0,BCFG:2 |FG |,12.875,18.9,96.0,6.2
bergstrom,USW00013904,2021-11-25T13:16:00+00:00,2021-11-25T07:16:00-06:00,2021-11-25T07:16:00,FM-16,,,0,,16.093,16.7,86.0,8.2
bergstrom,USW00013904,2021-11-25T13:53:00+00:00,2021-11-25T07:53:00-06:00,2021-11-25T07:53:00,FM-15,0.0,0.0,0,,16.093,13.9,72.0,6.7
bergstrom,USW00013904,2021-11-25T14:53:00+00:00,2021-11-25T08:53:00-06:00,2021-11-25T08:53:00,FM-15,0.0,0.0,0,,16.093,13.3,55.0,6.2
bergstrom,USW00013904,2021-11-25T15:53:00+00:00,2021-11-25T09:53:00-06:00,2021-11-25T09:53:00,FM-15,0.0,0.0,0,,16.093,13.3,51.0,9.8
bergstrom,USW00013904,2021-11-25T16:53:00+00:00,2021-11-25T10:53:00-06:00,2021-11-25T10:53:00,FM-15,0.0,0.0,0,,16.093,13.3,49.0,9.3
bergstrom,USW00013904,2021-11-25T17:53:00+00:00,2021-11-25T11:53:00-06:00,2021-11-25T11:53:00,FM-15,0.0,0.0,0,,16.093,14.4,46.0,9.8
bergstrom,USW00013904,2021-11-25T18:53:00+00:00,2021-11-25T12:53:00-06:00,2021-11-25T12:53:00,FM-15,0.0,0.0,0,,16.093,16.1,41.0,8.8
bergstrom,USW00013904,2021-11-25T19:53:00+00:00,2021-11-25T13:53:00-06:00,2021-11-25T13:53:00,FM-15,0.0,0.0,0,,16.093,15.6,42.0,9.3
bergstrom,USW00013904,2021-11-25T20:53:00+00:00,2021-11-25T14:53:00-06:00,2021-11-25T14:53:00,FM-15,0.0,0.0,0,,16.093,15.0,42.0,8.8
bergstrom,USW00013904,2021-11-25T21:53:00+00:00,2021-11-25T15:53:00-06:00,2021-11-25T15:53:00,FM-15,0.0,0.0,0,,16.093,15.0,39.0,8.2
bergstrom,USW00013904,2021-11-25T22:53:00+00:00,2021-11-25T16:53:00-06:00,2021-11-25T16:53:00,FM-15,0.0,0.0,0,,16.093,15.0,38.0,8.2
bergstrom,USW00013904,2021-11-25T23:53:00+00:00,2021-11-25T17:53:00-06:00,2021-11-25T17:53:00,FM-15,0.0,0.0,0,,16.093,13.9,41.0,5.1
bergstrom,USW00013904,2021-11-26T00:53:00+00:00,2021-11-25T18:53:00-06:00,2021-11-25T18:53:00,FM-15,0.0,0.0,0,,16.093,13.9,39.0,5.7
bergstrom,USW00013904,2021-11-26T01:53:00+00:00,2021-11-25T19:53:00-06:00,2021-11-25T19:53:00,FM-15,0.0,0.0,0,,16.093,12.8,40.0,6.2
bergstrom,USW00013904,2021-11-26T02:53:00+00:00,2021-11-25T20:53:00-06:00,2021-11-25T20:53:00,FM-15,0.0,0.0,0,,16.093,11.7,43.0,6.2
bergstrom,USW00013904,2021-11-26T03:53:00+00:00,2021-11-25T21:53:00-06:00,2021-11-25T21:53:00,FM-15,0.0,0.0,0,,16.093,11.1,45.0,5.1
bergstrom,USW00013904,2021-11-26T04:53:00+00:00,2021-11-25T22:53:00-06:00,2021-11-25T22:53:00,FM-15,0.0,0.0,0,,16.093,10.0,48.0,4.1
bergstrom,USW00013904,2021-11-26T05:53:00+00:00,2021-11-25T23:53:00-06:00,2021-11-25T23:53:00,FM-15,0.0,0.0,0,,16.093,10.0,48.0,4.6
bergstrom,USW00013904,2021-11-26T06:53:00+00:00,2021-11-26T00:53:00-06:00,2021-11-26T00:53:00,FM-15,0.0,0.0,0,,16.093,8.9,52.0,4.1
bergstrom,USW00013904,2021-11-26T07:53:00+00:00,2021-11-26T01:53:00-06:00,2021-11-26T01:53:00,FM-15,0.0,0.0,0,,16.093,8.9,50.0,5.1
bergstrom,USW00013904,2021-11-26T08:53:00+00:00,2021-11-26T02:53:00-06:00,2021-11-26T02:53:00,FM-15,0.0,0.0,0,,16.093,8.9,48.0,6.2
bergstrom,USW00013904,2021-11-26T09:53:00+00:00,2021-11-26T03:53:00-06:00,2021-11-26T03:53:00,FM-15,0.0,0.0,0,,16.093,8.3,48.0,7.2
bergstrom,USW00013904,2021-11-26T10:53:00+00:00,2021-11-26T04:53:00-06:00,2021-11-26T04:53:00,FM-15,0.0,0.0,0,,16.093,8.3,48.0,6.7
bergstrom,USW00013904,2021-11-26T11:53:00+00:00,2021-11-26T05:53:00-06:00,2021-11-26T05:53:00,FM-15,0.0,0.0,0,,16.093,7.8,50.0,5.7
bergstrom,USW00013904,2021-11-26T12:53:00+00:00,2021-11-26T06:53:00-06:00,2021-11-26T06:53:00,FM-15,0.0,0.0,0,,16.093,7.2,54.0,5.7
bergstrom,USW00013904,2021-11-26T13:53:00+00:00,2021-11-26T07:53:00-06:00,2021-11-26T07:53:00,FM-15,0.0,0.0,0,,16.093,7.2,56.0,5.7
bergstrom,USW00013904,2021-11-26T14:53:00+00:00,2021-11-26T08:53:00-06:00,2021-11-26T08:53:00,FM-15,0.0,0.0,0,,16.093,8.3,50.0,6.2
bergstrom,USW00013904,2021-11-26T15:53:00+00:00,2021-11-26T09:53:00-06:00,2021-11-26T09:53:00,FM-15,0.0,0.0,0,,16.093,10.0,44.0,5.7
bergstrom,USW00013904,2021-11-26T16:53:00+00:00,2021-11-26T10:53:00-06:00,2021-11-26T10:53:00,FM-15,0.0,0.0,0,,16.093,11.7,41.0,5.7
bergstrom,USW00013904,2021-11-26T17:53:00+00:00,2021-11-26T11:53:00-06:00,2021-11-26T11:53:00,FM-15,0.0,0.0,0,,16.093,12.2,37.0,5.1
bergstrom,USW00013904,2021-11-26T18:53:00+00:00,2021-11-26T12:53:00-06:00,2021-11-26T12:53:00,FM-15,0.0,0.0,0,,16.093,12.2,35.0,2.6
bergstrom,USW00013904,2021-11-26T19:53:00+00:00,2021-11-26T13:53:00-06:00,2021-11-26T13:53:00,FM-15,0.0,0.0,0,,16.093,12.2,35.0,4.1
bergstrom,USW00013904,2021-11-26T20:53:00+00:00,2021-11-26T14:53:00-06:00,2021-11-26T14:53:00,FM-15,0.0,0.0,0,,16.093,12.8,37.0,2.6
bergstrom,USW00013904,2021-11-26T21:53:00+00:00,2021-11-26T15:53:00-06:00,2021-11-26T15:53:00,FM-15,0.0,0.0,0,,16.093,12.8,35.0,3.6
bergstrom,USW00013904,2021-11-26T22:53:00+00:00,2021-11-26T16:53:00-06:00,2021-11-26T16:53:00,FM-15,0.0,0.0,0,,16.093,11.7,40.0,3.6
bergstrom,USW00013904,2021-11-26T23:53:00+00:00,2021-11-26T17:53:00-06:00,2021-11-26T17:53:00,FM-15,0.0,0.0,0,,16.093,10.6,46.0,2.1
bergstrom,USW00013904,2021-11-27T00:53:00+00:00,2021-11-26T18:53:00-06:00,2021-11-26T18:53:00,FM-15,0.0,0.0,0,,16.093,10.0,52.0,0.0
bergstrom,USW00013904,2021-11-27T01:53:00+00:00,2021-11-26T19:53:00-06:00,2021-11-26T19:53:00,FM-15,0.0,0.0,0,,14.484,8.3,66.0,0.0
bergstrom,USW00013904,2021-11-27T02:53:00+00:00,2021-11-26T20:53:00-06:00,2021-11-26T20:53:00,FM-15,0.0,0.0,0,,16.093,7.8,73.0,0.0
bergstrom,USW00013904,2021-11-27T03:53:00+00:00,2021-11-26T21:53:00-06:00,2021-11-26T21:53:00,FM-15,0.0,0.0,0,,16.093,7.8,73.0,1.5
bergstrom,USW00013904,2021-11-27T04:53:00+00:00,2021-11-26T22:53:00-06:00,2021-11-26T22:53:00,FM-15,0.0,0.0,0,,16.093,7.8,77.0,1.5
bergstrom,USW00013904,2021-11-27T05:53:00+00:00,2021-11-26T23:53:00-06:00,2021-11-26T23:53:00,FM-15,0.0,0.0,0,,16.093,7.8,77.0,1.5
bergstrom,USW00013904,2021-11-27T06:53:00+00:00,2021-11-27T00:53:00-06:00,2021-11-27T00:53:00,FM-15,0.0,0.0,0,,16.093,8.9,68.0,0.0
bergstrom,USW00013904,2021-11-27T07:53:00+00:00,2021-11-27T01:53:00-06:00,2021-11-27T01:53:00,FM-15,0.0,0.0,0,,16.093,8.3,71.0,1.5
bergstrom,USW00013904,2021-11-27T08:53:00+00:00,2021-11-27T02:53:00-06:00,2021-11-27T02:53:00,FM-15,0.0,0.0,0,,16.093,8.3,80.0,0.0
bergstrom,USW00013904,2021-11-27T09:53:00+00:00,2021-11-27T03:53:00-06:00,2021-11-27T03:53:00,FM-15,0.0,0.0,0,,16.093,8.9,77.0,0.0
bergstrom,USW00013904,2021-11-27T10:53:00+00:00,2021-11-27T04:53:00-06:00,2021-11-27T04:53:00,FM-15,0.0,0.0,0,,16.093,8.9,77.0,1.5
bergstrom,USW00013904,2021-11-27T11:53:00+00:00,2021-11-27T05:53:00-06:00,2021-11-27T05:53:00,FM-15,,T,1,,16.093,8.9,74.0,3.1
bergstrom,USW00013904,2021-11-27T12:53:00+00:00,2021-11-27T06:53:00-06:00,2021-11-27T06:53:00,FM-15,0.8,0.8,1,-RA:02 BR:1 |RA BR |RA,9.656,7.8,89.0,3.1
bergstrom,USW00013904,2021-11-27T13:53:00+00:00,2021-11-27T07:53:00-06:00,2021-11-27T07:53:00,FM-15,1.0,1.0,1,-RA:02 BR:1 |RA BR |RA,9.656,7.8,93.0,3.1
bergstrom,USW00013904,2021-11-27T14:51:00+00:00,2021-11-27T08:51:00-06:00,2021-11-27T08:51:00,FM-16,,,1,RA:02 BR:1 |RA BR |RA,4.828,8.0,93.0,2.1
bergstrom,USW00013904,2021-11-27T14:53:00+00:00,2021-11-27T08:53:00-06:00,2021-11-27T08:53:00,FM-15,3.3,3.3,1,RA:02 BR:1 |RA BR |RA,4.828,7.8,96.0,2.6
bergstrom,USW00013904,2021-11-27T15:13:00+00:00,2021-11-27T09:13:00-06:00,2021-11-27T09:13:00,FM-16,,,1,-RA:02 |RA |RA,12.875,7.8,96.0,2.6
bergstrom,USW00013904,2021-11-27T15:15:00+00:00,2021-11-27T09:15:00-06:00,2021-11-27T09:15:00,FM-16,,,1,RA:02 BR:1 |RA BR |RA,4.023,8.3,93.0,2.1
bergstrom,USW00013904,2021-11-27T15:51:00+00:00,2021-11-27T09:51:00-06:00,2021-11-27T09:51:00,FM-16,,,1,-RA:02 BR:1 |RA BR |RA,6.437,8.0,100.0,0.0
bergstrom,USW00013904,2021-11-27T15:53:00+00:00,2021-11-27T09:53:00-06:00,2021-11-27T09:53:00,FM-15,1.5,1.5,1,-RA:02 BR:1 |RA BR |RA,6.437,8.3,97.0,0.0
bergstrom,USW00013904,2021-11-27T16:03:00+00:00,2021-11-27T10:03:00-06:00,2021-11-27T10:03:00,FM-16,,,1,-RA:02 BR:1 |RA BR |RA,8.047,8.9,93.0,1.5
bergstrom,USW00013904,2021-11-27T16:25:00+00:00,2021-11-27T10:25:00-06:00,2021-11-27T10:25:00,FM-16,,,1,-RA:02 BR:1 |RA BR |RA,8.047,8.9,93.0,0.0
bergstrom,USW00013904,2021-11-27T16:51:00+00:00,2021-11-27T10:51:00-06:00,2021-11-27T10:51:00,FM-16,,,0,BR:1 |BR |,6.437,9.0,94.0,0.0
bergstrom,USW00013904,2021-11-27T16:53:00+00:00,2021-11-27T10:53:00-06:00,2021-11-27T10:53:00,FM-15,0.5,0.5,1,-RA:02 BR:1 |RA BR |RA,8.047,9.4,90.0,0.0
bergstrom,USW00013904,2021-11-27T17:38:00+00:00,2021-11-27T11:38:00-06:00,2021-11-27T11:38:00,FM-16,,,0,BR:1 |BR |,9.656,10.0,89.0,0.0
bergstrom,USW00013904,2021-11-27T17:53:00+00:00,2021-11-27T11:53:00-06:00,2021-11-27T11:53:00,FM-15,0.3,0.3,1,BR:1 |BR |,9.656,9.4,93.0,1.5
bergstrom,USW00013904,2021-11-27T18:53:00+00:00,2021-11-27T12:53:00-06:00,2021-11-27T12:53:00,FM-15,,T,1,-RA:02 BR:1 |RA BR |RA,9.656,10.0,93.0,2.6
bergstrom,USW00013904,2021-11-27T19:53:00+00:00,2021-11-27T13:53:00-06:00,2021-11-27T13:53:00,FM-15,,T,1,BR:1 |BR |,9.656,10.0,93.0,1.5
bergstrom,USW00013904,2021-11-27T20:03:00+00:00,2021-11-27T14:03:00-06:00,2021-11-27T14:03:00,FM-16,,,1,-RA:02 BR:1 |RA BR |RA,9.656,10.0,93.0,1.5
bergstrom,USW00013904,2021-11-27T20:51:00+00:00,2021-11-27T14:51:00-06:00,2021-11-27T14:51:00,FM-16,,,1,+RA:02 BR:1 |RA BR |RA,2.414,10.0,94.0,1.5
bergstrom,USW00013904,2021-11-27T20:53:00+00:00,2021-11-27T14:53:00-06:00,2021-11-27T14:53:00,FM-15,2.5,2.5,1,+RA:02 BR:1 |RA BR |RA,2.414,10.0,96.0,1.5
bergstrom,USW00013904,2021-11-27T21:18:00+00:00,2021-11-27T15:18:00-06:00,2021-11-27T15:18:00,FM-16,,,1,-RA:02 BR:1 |RA BR |RA,6.437,10.6,96.0,2.1
bergstrom,USW00013904,2021-11-27T21:53:00+00:00,2021-11-27T15:53:00-06:00,2021-11-27T15:53:00,FM-15,1.0,1.0,1,BR:1 |BR |,4.828,10.6,96.0,1.5
bergstrom,USW00013904,2021-11-27T22:53:00+00:00,2021-11-27T16:53:00-06:00,2021-11-27T16:53:00,FM-15,,T,1,BR:1 |BR |,4.828,10.6,96.0,3.1
bergstrom,USW00013904,2021-11-27T23:30:00+00:00,2021-11-27T17:30:00-06:00,2021-11-27T17:30:00,FM-16,,,1,-DZ:01 BR:1 |DZ BR |DZ,3.219,10.6,92.0,2.6
bergstrom,USW00013904,2021-11-27T23:53:00+00:00,2021-11-27T17:53:00-06:00,2021-11-27T17:53:00,FM-15,,T,1,-DZ:01 BR:1 |DZ BR |DZ,3.219,10.6,92.0,2.6
bergstrom,USW00013904,2021-11-28T00:53:00+00:00,2021-11-27T18:53:00-06:00,2021-11-27T18:53:00,FM-15,0.8,0.8,1,-RA:02 BR:1 |RA BR |RA,3.219,10.6,96.0,1.5
bergstrom,USW00013904,2021-11-28T01:41:00+00:00,2021-11-27T19:41:00-06:00,2021-11-27T19:41:00,FM-16,,,1,-DZ:01 BR:1 |DZ BR |DZ,4.828,10.6,96.0,2.1
bergstrom,USW00013904,2021-11-28T01:53:00+00:00,2021-11-27T19:53:00-06:00,2021-11-27T19:53:00,FM-15,,T,1,-DZ:01 BR:1 |DZ BR |DZ,4.828,10.6,96.0,2.1
bergstrom,USW00013904,2021-11-28T02:53:00+00:00,2021-11-27T20:53:00-06:00,2021-11-27T20:53:00,FM-15,,T,1,BR:1 |BR |,4.828,10.6,96.0,1.5
bergstrom,USW00013904,2021-11-28T03:51:00+00:00,2021-11-27T21:51:00-06:00,2021-11-27T21:51:00,FM-16,,,0,BR:1 |BR |,4.023,11.0,94.0,2.6
bergstrom,USW00013904,2021-11-28T03:53:00+00:00,2021-11-27T21:53:00-06:00,2021-11-27T21:53:00,FM-15,0.0,0.0,0,BR:1 |BR |,4.023,10.6,96.0,1.5
bergstrom,USW00013904,2021-11-28T04:53:00+00:00,2021-11-27T22:53:00-06:00,2021-11-27T22:53:00,FM-15,0.0,0.0,0,BR:1 |BR |,4.023,10.6,96.0,2.1
bergstrom,USW00013904,2021-11-28T05:51:00+00:00,2021-11-27T23:51:00-06:00,2021-11-27T23:51:00,FM-16,,,0,BR:1 |BR |,4.828,11.0,94.0,0.0
bergstrom,USW00013904,2021-11-28T05:53:00+00:00,2021-11-27T23:53:00-06:00,2021-11-27T23:53:00,FM-15,0.0,0.0,0,BR:1 |BR |,4.828,10.6,96.0,1.5
bergstrom,USW00013904,2021-11-28T06:53:00+00:00,2021-11-28T00:53:00-06:00,2021-11-28T00:53:00,FM-15,0.0,0.0,0,BR:1 |BR |,4.828,10.6,96.0,2.1
bergstrom,USW00013904,2021-11-28T07:53:00+00:00,2021-11-28T01:53:00-06:00,2021-11-28T01:53:00,FM-15,0.0,0.0,0,,11.265,10.6,96.0,2.1
bergstrom,USW00013904,2021-11-28T08:53:00+00:00,2021-11-28T02:53:00-06:00,2021-11-28T02:53:00,FM-15,0.0,0.0,0,BR:1 |BR |,9.656,10.0,96.0,0.0
bergstrom,USW00013904,2021-11-28T09:24:00+00:00,2021-11-28T03:24:00-06:00,2021-11-28T03:24:00,FM-16,,,0,BR:1 |BR |,8.047,8.9,96.0,0.0
bergstrom,USW00013904,2021-11-28T09:53:00+00:00,2021-11-28T03:53:00-06:00,2021-11-28T03:53:00,FM-15,0.0,0.0,0,BCFG:2 |FG |,11.265,7.8,96.0,0.0
bergstrom,USW00013904,2021-11-28T10:53:00+00:00,2021-11-28T04:53:00-06:00,2021-11-28T04:53:00,FM-15,0.0,0.0,0,BR:1 |BR |,2.816,6.7,100.0,0.0
bergstrom,USW00013904,2021-11-28T11:39:00+00:00,2021-11-28T05:39:00-06:00,2021-11-28T05:39:00,FM-16,,,0,BR:1 |BR |,4.828,8.9,96.0,1.5
bergstrom,USW00013904,2021-11-28T11:51:00+00:00,2021-11-28T05:51:00-06:00,2021-11-28T05:51:00,FM-16,,,0,BR:1 |BR |,4.828,9.0,100.0,0.0
bergstrom,USW00013904,2021-11-28T11:53:00+00:00,2021-11-28T05:53:00-06:00,2021-11-28T05:53:00,FM-15,0.0,0.0,0,BR:1 |BR |,4.828,9.4,97.0,0.0
bergstrom,USW00013904,2021-11-28T12:02:00+00:00,2021-11-28T06:02:00-06:00,2021-11-28T06:02:00,FM-16,,,0,BR:1 |BR |,3.219,9.4,100.0,2.1
bergstrom,USW00013904,2021-11-28T12:22:00+00:00,2021-11-28T06:22:00-06:00,2021-11-28T06:22:00,FM-16,,,0,BR:1 |BR |,1.609,9.4,97.0,0.0
bergstrom,USW00013904,2021-11-28T12:47:00+00:00,2021-11-28T06:47:00-06:00,2021-11-28T06:47:00,FM-16,,,0,BR:1 |BR |,1.609,10.0,94.0,0.0
bergstrom,USW00013904,2021-11-28T12:51:00+00:00,2021-11-28T06:51:00-06:00,2021-11-28T06:51:00,FM-16,,,0,BR:1 |BR |,3.219,10.0,94.0,0.0
bergstrom,USW00013904,2021-11-28T12:53:00+00:00,2021-11-28T06:53:00-06:00,2021-11-28T06:53:00,FM-15,0.0,0.0,0,,11.265,10.0,96.0,0.0
bergstrom,USW00013904,2021-11-28T13:53:00+00:00,2021-11-28T07:53:00-06:00,2021-11-28T07:53:00,FM-15,0.0,0.0,0,,14.484,10.6,96.0,0.0
bergstrom,USW00013904,2021-11-28T14:53:00+00:00,2021-11-28T08:53:00-06:00,2021-11-28T08:53:00,FM-15,0.0,0.0,0,,16.093,11.7,96.0,1.5
bergstrom,USW00013904,2021-11-28T15:53:00+00:00,2021-11-28T09:53:00-06:00,2021-11-28T09:53:00,FM-15,0.0,0.0,0,,16.093,14.4,84.0,5.7
bergstrom,USW00013904,2021-11-28T16:53:00+00:00,2021-11-28T10:53:00-06:00,2021-11-28T10:53:00,FM-15,0.0,0.0,0,,16.093,15.6,75.0,6.2
bergstrom,USW00013904,2021-11-28T17:51:00+00:00,2021-11-28T11:51:00-06:00,2021-11-28T11:51:00,FM-16,,,0,,16.093,17.0,68.0,4.6
bergstrom,USW00013904,2021-11-28T17:53:00+00:00,2021-11-28T11:53:00-06:00,2021-11-28T11:53:00,FM-15,0.0,0.0,0,,16.093,17.2,68.0,4.6
bergstrom,USW00013904,2021-11-28T18:53:00+00:00,2021-11-28T12:53:00-06:00,2021-11-28T12:53:00,FM-15,0.0,0.0,0,,16.093,19.4,53.0,5.7
bergstrom,USW00013904,2021-11-28T19:53:00+00:00,2021-11-28T13:53:00-06:00,2021-11-28T13:53:00,FM-15,0.0,0.0,0,,16.093,20.6,42.0,6.7
bergstrom,USW00013904,2021-11-28T20:53:00+00:00,2021-11-28T14:53:00-06:00,2021-11-28T14:53:00,FM-15,0.0,0.0,0,,16.093,21.1,39.0,5.1
bergstrom,USW00013904,2021-11-28T21:53:00+00:00,2021-11-28T15:53:00-06:00,2021-11-28T15:53:00,FM-15,0.0,0.0,0,,16.093,20.6,38.0,6.7
bergstrom,USW00013904,2021-11-28T22:53:00+00:00,2021-11-28T16:53:00-06:00,2021-11-28T16:53:00,FM-15,0.0,0.0,0,,16.093,18.9,42.0,3.6
bergstrom,USW00013904,2021-11-28T23:53:00+00:00,2021-11-28T17:53:00-06:00,2021-11-28T17:53:00,FM-15,0.0,0.0,0,,16.093,13.9,58.0,3.6
bergstrom,USW00013904,2021-11-29T00:53:00+00:00,2021-11-28T18:53:00-06:00,2021-11-28T18:53:00,FM-15,0.0,0.0,0,,16.093,11.7,66.0,2.6
bergstrom,USW00013904,2021-11-29T01:53:00+00:00,2021-11-28T19:53:00-06:00,2021-11-28T19:53:00,FM-15,0.0,0.0,0,,16.093,7.2,90.0,2.1
bergstrom,USW00013904,2021-11-29T02:53:00+00:00,2021-11-28T20:53:00-06:00,2021-11-28T20:53:00,FM-15,0.0,0.0,0,,16.093,8.3,90.0,0.0
bergstrom,USW00013904,2021-11-29T03:53:00+00:00,2021-11-28T21:53:00-06:00,2021-11-28T21:53:00,FM-15,0.0,0.0,0,,16.093,7.2,93.0,0.0
bergstrom,USW00013904,2021-11-29T04:53:00+00:00,2021-11-28T22:53:00-06:00,2021-11-28T22:53:00,FM-15,0.0,0.0,0,,16.093,8.3,86.0,1.5
bergstrom,USW00013904,2021-11-29T05:53:00+00:00,2021-11-28T23:53:00-06:00,2021-11-28T23:53:00,FM-15,0.0,0.0,0,,16.093,7.2,86.0,2.1
bergstrom,USW00013904,2021-11-29T06:53:00+00:00,2021-11-29T00:53:00-06:00,2021-11-29T00:53:00,FM-15,0.0,0.0,0,,16.093,6.1,93.0,0.0
bergstrom,USW00013904,2021-11-29T07:53:00+00:00,2021-11-29T01:53:00-06:00,2021-11-29T01:53:00,FM-15,0.0,0.0,0,,16.093,4.4,97.0,0.0
bergstrom,USW00013904,2021-11-29T08:53:00+00:00,2021-11-29T02:53:00-06:00,2021-11-29T02:53:00,FM-15,0.0,0.0,0,,16.093,5.6,89.0,2.1
bergstrom,USW00013904,2021-11-29T09:53:00+00:00,2021-11-29T03:53:00-06:00,2021-11-29T03:53:00,FM-15,0.0,0.0,0,,16.093,5.0,93.0,1.5
bergstrom,USW00013904,2021-11-29T10:53:00+00:00,2021-11-29T04:53:00-06:00,2021-11-29T04:53:00,FM-15,0.0,0.0,0,,16.093,3.9,93.0,0.0
bergstrom,USW00013904,2021-11-29T11:53:00+00:00,2021-11-29T05:53:00-06:00,2021-11-29T05:53:00,FM-15,0.0,0.0,0,,16.093,4.4,93.0,1.5
bergstrom,USW00013904,2021-11-29T12:53:00+00:00,2021-11-29T06:53:00-06:00,2021-11-29T06:53:00,FM-15,0.0,0.0,0,,16.093,4.4,86.0,0.0
bergstrom,USW00013904,2021-11-29T13:53:00+00:00,2021-11-29T07:53:00-06:00,2021-11-29T07:53:00,FM-15,0.0,0.0,0,,16.093,3.9,93.0,0.0
bergstrom,USW00013904,2021-11-29T14:53:00+00:00,2021-11-29T08:53:00-06:00,2021-11-29T08:53:00,FM-15,0.0,0.0,0,,16.093,10.6,69.0,0.0
bergstrom,USW00013904,2021-11-29T15:53:00+00:00,2021-11-29T09:53:00-06:00,2021-11-29T09:53:00,FM-15,0.0,0.0,0,,16.093,13.9,62.0,0.0
bergstrom,USW00013904,2021-11-29T16:53:00+00:00,2021-11-29T10:53:00-06:00,2021-11-29T10:53:00,FM-15,0.0,0.0,0,,16.093,17.2,45.0,2.6
bergstrom,USW00013904,2021-11-29T17:53:00+00:00,2021-11-29T11:53:00-06:00,2021-11-29T11:53:00,FM-15,0.0,0.0,0,,16.093,19.4,36.0,2.6
bergstrom,USW00013904,2021-11-29T18:53:00+00:00,2021-11-29T12:53:00-06:00,2021-11-29T12:53:00,FM-15,0.0,0.0,0,,16.093,21.1,31.0,4.1
bergstrom,USW00013904,2021-11-29T19:53:00+00:00,2021-11-29T13:53:00-06:00,2021-11-29T13:53:00,FM-15,0.0,0.0,0,,16.093,21.7,31.0,2.6
bergstrom,USW00013904,2021-11-29T20:53:00+00:00,2021-11-29T14:53:00-06:00,2021-11-29T14:53:00,FM-15,0.0,0.0,0,,16.093,21.7,31.0,5.1
bergstrom,USW00013904,2021-11-29T21:53:00+00:00,2021-11-29T15:53:00-06:00,2021-11-29T15:53:00,FM-15,0.0,0.0,0,,16.093,21.7,31.0,4.6
bergstrom,USW00013904,2021-11-29T22:53:00+00:00,2021-11-29T16:53:00-06:00,2021-11-29T16:53:00,FM-15,0.0,0.0,0,,16.093,19.4,39.0,3.1
bergstrom,USW00013904,2021-11-29T23:53:00+00:00,2021-11-29T17:53:00-06:00,2021-11-29T17:53:00,FM-15,0.0,0.0,0,,16.093,13.9,55.0,2.6
bergstrom,USW00013904,2021-11-30T00:53:00+00:00,2021-11-29T18:53:00-06:00,2021-11-29T18:53:00,FM-15,0.0,0.0,0,,16.093,12.2,62.0,1.5
bergstrom,USW00013904,2021-11-30T01:53:00+00:00,2021-11-29T19:53:00-06:00,2021-11-29T19:53:00,FM-15,0.0,0.0,0,,16.093,11.1,66.0,3.1
bergstrom,USW00013904,2021-11-30T02:53:00+00:00,2021-11-29T20:53:00-06:00,2021-11-29T20:53:00,FM-15,0.0,0.0,0,,16.093,10.0,74.0,3.1
bergstrom,USW00013904,2021-11-30T03:53:00+00:00,2021-11-29T21:53:00-06:00,2021-11-29T21:53:00,FM-15,0.0,0.0,0,,16.093,12.2,64.0,3.6
bergstrom,USW00013904,2021-11-30T04:53:00+00:00,2021-11-29T22:53:00-06:00,2021-11-29T22:53:00,FM-15,0.0,0.0,0,,16.093,12.2,64.0,3.6
bergstrom,USW00013904,2021-11-30T05:53:00+00:00,2021-11-29T23:53:00-06:00,2021-11-29T23:53:00,FM-15,0.0,0.0,0,,16.093,10.0,74.0,2.6
bergstrom,USW00013904,2021-11-30T06:53:00+00:00,2021-11-30T00:53:00-06:00,2021-11-30T00:53:00,FM-15,0.0,0.0,0,,16.093,8.3,80.0,2.1
bergstrom,USW00013904,2021-11-30T07:53:00+00:00,2021-11-30T01:53:00-06:00,2021-11-30T01:53:00,FM-15,0.0,0.0,0,,16.093,8.3,83.0,2.1
bergstrom,USW00013904,2021-11-30T08:53:00+00:00,2021-11-30T02:53:00-06:00,2021-11-30T02:53:00,FM-15,0.0,0.0,0,,16.093,7.8,86.0,2.1
bergstrom,USW00013904,2021-11-30T09:53:00+00:00,2021-11-30T03:53:00-06:00,2021-11-30T03:53:00,FM-15,0.0,0.0,0,,16.093,5.6,92.0,0.0
bergstrom,USW00013904,2021-11-30T10:53:00+00:00,2021-11-30T04:53:00-06:00,2021-11-30T04:53:00,FM-15,0.0,0.0,0,,16.093,5.6,96.0,0.0
bergstrom,USW00013904,2021-11-30T11:53:00+00:00,2021-11-30T05:53:00-06:00,2021-11-30T05:53:00,FM-15,0.0,0.0,0,,16.093,5.0,93.0,0.0
bergstrom,USW00013904,2021-11-30T12:53:00+00:00,2021-11-30T06:53:00-06:00,2021-11-30T06:53:00,FM-15,0.0,0.0,0,,16.093,4.4,93.0,0.0
bergstrom,USW00013904,2021-11-30T13:53:00+00:00,2021-11-30T07:53:00-06:00,2021-11-30T07:53:00,FM-15,0.0,0.0,0,,16.093,6.7,96.0,0.0
bergstrom,USW00013904,2021-11-30T14:53:00+00:00,2021-11-30T08:53:00-06:00,2021-11-30T08:53:00,FM-15,0.0,0.0,0,,16.093,11.1,86.0,0.0
bergstrom,USW00013904,2021-11-30T15:53:00+00:00,2021-11-30T09:53:00-06:00,2021-11-30T09:53:00,FM-15,0.0,0.0,0,,16.093,13.9,78.0,1.5
bergstrom,USW00013904,2021-11-30T16:53:00+00:00,2021-11-30T10:53:00-06:00,2021-11-30T10:53:00,FM-15,0.0,0.0,0,,16.093,17.8,63.0,4.6
bergstrom,USW00013904,2021-11-30T17:53:00+00:00,2021-11-30T11:53:00-06:00,2021-11-30T11:53:00,FM-15,0.0,0.0,0,,16.093,20.6,57.0,5.7
bergstrom,USW00013904,2021-11-30T18:53:00+00:00,2021-11-30T12:53:00-06:00,2021-11-30T12:53:00,FM-15,0.0,0.0,0,,16.093,22.2,48.0,6.2
bergstrom,USW00013904,2021-11-30T19:53:00+00:00,2021-11-30T13:53:00-06:00,2021-11-30T13:53:00,FM-15,0.0,0.0,0,,16.093,22.2,50.0,5.1
bergstrom,USW00013904,2021-11-30T20:53:00+00:00,2021-11-30T14:53:00-06:00,2021-11-30T14:53:00,FM-15,0.0,0.0,0,,16.093,22.8,48.0,4.6
bergstrom,USW00013904,2021-11-30T21:53:00+00:00,2021-11-30T15:53:00-06:00,2021-11-30T15:53:00,FM-15,0.0,0.0,0,,16.093,23.3,41.0,3.6
bergstrom,USW00013904,2021-11-30T22:53:00+00:00,2021-11-30T16:53:00-06:00,2021-11-30T16:53:00,FM-15,0.0,0.0,0,,16.093,21.1,55.0,4.1
bergstrom,USW00013904,2021-11-30T23:53:00+00:00,2021-11-30T17:53:00-06:00,2021-11-30T17:53:00,FM-15,0.0,0.0,0,,16.093,16.1,75.0,2.1
bergstrom,USW00013904,2021-12-01T00:53:00+00:00,2021-11-30T18:53:00-06:00,2021-11-30T18:53:00,FM-15,0.0,0.0,0,,16.093,12.2,93.0,0.0
bergstrom,USW00013904,2021-12-01T01:53:00+00:00,2021-11-30T19:53:00-06:00,2021-11-30T19:53:00,FM-15,0.0,0.0,0,,16.093,11.1,97.0,0.0
bergstrom,USW00013904,2021-12-01T02:53:00+00:00,2021-11-30T20:53:00-06:00,2021-11-30T20:53:00,FM-15,0.0,0.0,0,,16.093,11.7,93.0,2.1
bergstrom,USW00013904,2021-12-01T03:53:00+00:00,2021-11-30T21:53:00-06:00,2021-11-30T21:53:00,FM-15,0.0,0.0,0,,16.093,13.9,90.0,3.1
bergstrom,USW00013904,2021-12-01T04:53:00+00:00,2021-11-30T22:53:00-06:00,2021-11-30T22:53:00,FM-15,0.0,0.0,0,,16.093,13.9,90.0,3.1
bergstrom,USW00013904,2021-12-01T05:53:00+00:00,2021-11-30T23:53:00-06:00,2021-11-30T23:53:00,FM-15,0.0,0.0,0,,16.093,13.3,97.0,3.6
bergstrom,USW00013904,2021-12-01T06:53:00+00:00,2021-12-01T00:53:00-06:00,2021-12-01T00:53:00,FM-15,0.0,0.0,0,,16.093,12.2,97.0,2.1
bergstrom,USW00013904,2021-12-01T07:35:00+00:00,2021-12-01T01:35:00-06:00,2021-12-01T01:35:00,FM-16,,,0,BR:1 |BR |,2.816,10.6,100.0,0.0
bergstrom,USW00013904,2021-12-01T07:42:00+00:00,2021-12-01T01:42:00-06:00,2021-12-01T01:42:00,FM-16,,,0,BR:1 |BR |,3.219,9.4,100.0,0.0
bergstrom,USW00013904,2021-12-01T07:51:00+00:00,2021-12-01T01:51:00-06:00,2021-12-01T01:51:00,FM-16,,,0,BR:1 |BR |,2.816,10.0,94.0,0.0
bergstrom,USW00013904,2021-12-01T07:53:00+00:00,2021-12-01T01:53:00-06:00,2021-12-01T01:53:00,FM-15,0.0,0.0,0,BR:1 |BR |,2.012,10.0,96.0,0.0
bergstrom,USW00013904,2021-12-01T08:00:00+00:00,2021-12-01T02:00:00-06:00,2021-12-01T02:00:00,FM-16,,,0,BR:1 |BR |,6.437,8.9,100.0,0.0
bergstrom,USW00013904,2021-12-01T08:53:00+00:00,2021-12-01T02:53:00-06:00,2021-12-01T02:53:00,FM-15,0.0,0.0,0,BCFG:2 BR:1 |FG BR |,4.828,7.8,96.0,0.0
bergstrom,USW00013904,2021-12-01T09:31:00+00:00,2021-12-01T03:31:00-06:00,2021-12-01T03:31:00,FM-16,,,0,BCFG:2 BR:1 |FG BR |,2.414,7.2,93.0,0.0
bergstrom,USW00013904,2021-12-01T09:51:00+00:00,2021-12-01T03:51:00-06:00,2021-12-01T03:51:00,FM-16,,,0,BCFG:2 BR:1 |FG BR |,1.609,8.0,100.0,0.0
bergstrom,USW00013904,2021-12-01T09:53:00+00:00,2021-12-01T03:53:00-06:00,2021-12-01T03:53:00,FM-15,0.0,0.0,0,BCFG:2 BR:1 |FG BR |,1.609,8.3,100.0,0.0
bergstrom,USW00013904,2021-12-01T10:14:00+00:00,2021-12-01T04:14:00-06:00,2021-12-01T04:14:00,FM-16,,,0,FG:2 |FG |,0.805,7.2,100.0,0.0
bergstrom,USW00013904,2021-12-01T10:53:00+00:00,2021-12-01T04:53:00-06:00,2021-12-01T04:53:00,FM-15,0.0,0.0,0,FG:2 |FG |,0.805,7.8,96.0,0.0
bergstrom,USW00013904,2021-12-01T11:18:00+00:00,2021-12-01T05:18:00-06:00,2021-12-01T05:18:00,FM-16,,,0,FG:2 |FG |,0.805,7.8,96.0,1.5
bergstrom,USW00013904,2021-12-01T11:53:00+00:00,2021-12-01T05:53:00-06:00,2021-12-01T05:53:00,FM-15,0.0,0.0,0,FG:2 |FG |,0.805,8.3,100.0,0.0
bergstrom,USW00013904,2021-12-01T11:57:00+00:00,2021-12-01T05:57:00-06:00,2021-12-01T05:57:00,FM-16,,,0,BR:1 |BR |,1.609,8.3,100.0,0.0
bergstrom,USW00013904,2021-12-01T12:42:00+00:00,2021-12-01T06:42:00-06:00,2021-12-01T06:42:00,FM-16,,,0,BR:1 |BR |,1.609,8.3,97.0,0.0
bergstrom,USW00013904,2021-12-01T12:44:00+00:00,2021-12-01T06:44:00-06:00,2021-12-01T06:44:00,FM-16,,,0,FG:2 |FG |,0.402,8.3,100.0,0.0
bergstrom,USW00013904,2021-12-01T12:53:00+00:00,2021-12-01T06:53:00-06:00,2021-12-01T06:53:00,FM-15,0.0,0.0,0,FG:2 |FG |,0.402,8.9,96.0,0.0
bergstrom,USW00013904,2021-12-01T13:08:00+00:00,2021-12-01T07:08:00-06:00,2021-12-01T07:08:00,FM-16,,,0,FG:2 |FG |,0.402,7.8,100.0,0.0
bergstrom,USW00013904,2021-12-01T13:32:00+00:00,2021-12-01T07:32:00-06:00,2021-12-01T07:32:00,FM-16,,,0,FG:2 |FG |,0.402,7.8,96.0,0.0
bergstrom,USW00013904,2021-12-01T13:53:00+00:00,2021-12-01T07:53:00-06:00,2021-12-01T07:53:00,FM-15,0.0,0.0,0,FG:2 |FG |,0.402,8.9,100.0,0.0
bergstrom,USW00013904,2021-12-01T14:02:00+00:00,2021-12-01T08:02:00-06:00,2021-12-01T08:02:00,FM-16,,,0,FG:2 |FG |,0.402,9.4,100.0,0.0
bergstrom,USW00013904,2021-12-01T14:13:00+00:00,2021-12-01T08:13:00-06:00,2021-12-01T08:13:00,FM-16,,,0,FG:2 |FG |,0.402,10.0,100.0,0.0
bergstrom,USW00013904,2021-12-01T14:27:00+00:00,2021-12-01T08:27:00-06:00,2021-12-01T08:27:00,FM-16,,,0,BR:1 |BR |,1.609,10.0,100.0,0.0
bergstrom,USW00013904,2021-12-01T14:44:00+00:00,2021-12-01T08:44:00-06:00,2021-12-01T08:44:00,FM-16,,,0,BR:1 |BR |,4.828,11.1,100.0,1.5
bergstrom,USW00013904,2021-12-01T14:53:00+00:00,2021-12-01T08:53:00-06:00,2021-12-01T08:53:00,FM-15,0.0,0.0,0,BR:1 |BR |,9.656,11.7,96.0,0.0
bergstrom,USW00013904,2021-12-01T15:53:00+00:00,2021-12-01T09:53:00-06:00,2021-12-01T09:53:00,FM-15,0.0,0.0,0,,14.484,16.7,86.0,2.1
bergstrom,USW00013904,2021-12-01T16:53:00+00:00,2021-12-01T10:53:00-06:00,2021-12-01T10:53:00,FM-15,0.0,0.0,0,,16.093,21.1,71.0,4.1
bergstrom,USW00013904,2021-12-01T17:53:00+00:00,2021-12-01T11:53:00-06:00,2021-12-01T11:53:00,FM-15,0.0,0.0,0,,16.093,22.8,64.0,4.1
bergstrom,USW00013904,2021-12-01T18:53:00+00:00,2021-12-01T12:53:00-06:00,2021-12-01T12:53:00,FM-15,0.0,0.0,0,,16.093,23.3,62.0,4.1
bergstrom,USW00013904,2021-12-01T19:53:00+00:00,2021-12-01T13:53:00-06:00,2021-12-01T13:53:00,FM-15,0.0,0.0,0,,16.093,23.9,60.0,4.1
bergstrom,USW00013904,2021-12-01T20:53:00+00:00,2021-12-01T14:53:00-06:00,2021-12-01T14:53:00,FM-15,0.0,0.0,0,,16.093,24.4,58.0,2.6
bergstrom,USW00013904,2021-12-01T21:53:00+00:00,2021-12-01T15:53:00-06:00,2021-12-01T15:53:00,FM-15,0.0,0.0,0,,16.093,24.4,60.0,3.6
bergstrom,USW00013904,2021-12-01T22:53:00+00:00,2021-12-01T16:53:00-06:00,2021-12-01T16:53:00,FM-15,0.0,0.0,0,,16.093,22.8,64.0,1.5
bergstrom,USW00013904,2021-12-01T23:53:00+00:00,2021-12-01T17:53:00-06:00,2021-12-01T17:53:00,FM-15,0.0,0.0,0,,16.093,18.3,81.0,1.5
bergstrom,USW00013904,2021-12-02T00:53:00+00:00,2021-12-01T18:53:00-06:00,2021-12-01T18:53:00,FM-15,0.0,0.0,0,,16.093,16.1,90.0,1.5
bergstrom,USW00013904,2021-12-02T01:53:00+00:00,2021-12-01T19:53:00-06:00,2021-12-01T19:53:00,FM-15,0.0,0.0,0,,16.093,16.1,90.0,1.5
bergstrom,USW00013904,2021-12-02T02:53:00+00:00,2021-12-01T20:53:00-06:00,2021-12-01T20:53:00,FM-15,0.0,0.0,0,,16.093,13.9,96.0,0.0
bergstrom,USW00013904,2021-12-02T03:53:00+00:00,2021-12-01T21:53:00-06:00,2021-12-01T21:53:00,FM-15,0.0,0.0,0,,16.093,12.2,100.0,1.5
bergstrom,USW00013904,2021-12-02T04:53:00+00:00,2021-12-01T22:53:00-06:00,2021-12-01T22:53:00,FM-15,0.0,0.0,0,,16.093,12.2,100.0,1.5
bergstrom,USW00013904,2021-12-02T05:53:00+00:00,2021-12-01T23:53:00-06:00,2021-12-01T23:53:00,FM-15,0.0,0.0,0,BCFG:2 |FG |,14.484,9.4,100.0,0.0
bergstrom,USW00013904,2021-12-02T06:53:00+00:00,2021-12-02T00:53:00-06:00,2021-12-02T00:53:00,FM-15,0.0,0.0,0,BCFG:2 |FG |,14.484,10.0,100.0,2.1
bergstrom,USW00013904,2021-12-02T07:53:00+00:00,2021-12-02T01:53:00-06:00,2021-12-02T01:53:00,FM-15,0.0,0.0,0,BCFG:2 |FG |,16.093,12.8,100.0,1.5
bergstrom,USW00013904,2021-12-02T08:53:00+00:00,2021-12-02T02:53:00-06:00,2021-12-02T02:53:00,FM-15,0.0,0.0,0,,16.093,12.8,96.0,2.1
bergstrom,USW00013904,2021-12-02T09:53:00+00:00,2021-12-02T03:53:00-06:00,2021-12-02T03:53:00,FM-15,0.0,0.0,0,BCFG:2 |FG |,14.484,11.1,100.0,0.0
bergstrom,USW00013904,2021-12-02T10:15:00+00:00,2021-12-02T04:15:00-06:00,2021-12-02T04:15:00,FM-16,,,0,BCFG:2 |FG |,14.484,10.0,100.0,0.0
bergstrom,USW00013904,2021-12-02T10:53:00+00:00,2021-12-02T04:53:00-06:00,2021-12-02T04:53:00,FM-15,0.0,0.0,0,BCFG:2 BR:1 |FG BR |,4.828,9.4,100.0,0.0
bergstrom,USW00013904,2021-12-02T11:03:00+00:00,2021-12-02T05:03:00-06:00,2021-12-02T05:03:00,FM-16,,,0,BR:1 |BR |,1.207,9.4,100.0,0.0
bergstrom,USW00013904,2021-12-02T11:43:00+00:00,2021-12-02T05:43:00-06:00,2021-12-02T05:43:00,FM-16,,,0,BR:1 |BR |,2.414,8.9,96.0,0.0
bergstrom,USW00013904,2021-12-02T11:53:00+00:00,2021-12-02T05:53:00-06:00,2021-12-02T05:53:00,FM-15,0.0,0.0,0,BR:1 |BR |,2.414,8.9,96.0,0.0
bergstrom,USW00013904,2021-12-02T12:08:00+00:00,2021-12-02T06:08:00-06:00,2021-12-02T06:08:00,FM-16,,,0,BR:1 |BR |,2.414,8.3,100.0,0.0
bergstrom,USW00013904,2021-12-02T12:31:00+00:00,2021-12-02T06:31:00-06:00,2021-12-02T06:31:00,FM-16,,,0,BR:1 |BR |,2.414,8.9,96.0,0.0
bergstrom,USW00013904,2021-12-02T12:53:00+00:00,2021-12-02T06:53:00-06:00,2021-12-02T06:53:00,FM-15,0.0,0.0,0,BR:1 |BR |,3.219,8.9,100.0,0.0
bergstrom,USW00013904,2021-12-02T13:33:00+00:00,2021-12-02T07:33:00-06:00,2021-12-02T07:33:00,FM-16,,,0,BR:1 |BR |,1.609,10.0,96.0,0.0
bergstrom,USW00013904,2021-12-02T13:48:00+00:00,2021-12-02T07:48:00-06:00,2021-12-02T07:48:00,FM-16,,,0,FG:2 |FG |,0.805,11.0,100.0,0.0
bergstrom,USW00013904,2021-12-02T13:53:00+00:00,2021-12-02T07:53:00-06:00,2021-12-02T07:53:00,FM-15,0.0,0.0,0,FG:2 |FG |,0.402,11.1,100.0,0.0
bergstrom,USW00013904,2021-12-02T14:23:00+00:00,2021-12-02T08:23:00-06:00,2021-12-02T08:23:00,FM-16,,,0,FG:2 |FG |,0.402,12.8,100.0,0.0
bergstrom,USW00013904,2021-12-02T14:53:00+00:00,2021-12-02T08:53:00-06:00,2021-12-02T08:53:00,FM-15,0.0,0.0,0,FG:2 |FG |,0.402,14.4,100.0,0.0
bergstrom,USW00013904,2021-12-02T15:11:00+00:00,2021-12-02T09:11:00-06:00,2021-12-02T09:11:00,FM-16,,,0,FG:2 |FG |,0.402,15.0,100.0,0.0
bergstrom,USW00013904,2021-12-02T15:32:00+00:00,2021-12-02T09:32:00-06:00,2021-12-02T09:32:00,FM-16,,,0,FG:2 |FG |,0.402,15.0,100.0,0.0
bergstrom,USW00013904,2021-12-02T15:51:00+00:00,2021-12-02T09:51:00-06:00,2021-12-02T09:51:00,FM-16,,,0,FG:2 |FG |,0.402,16.0,100.0,1.5
bergstrom,USW00013904,2021-12-02T15:53:00+00:00,2021-12-02T09:53:00-06:00,2021-12-02T09:53:00,FM-15,0.0,0.0,0,FG:2 |FG |,0.402,16.1,100.0,3.6
bergstrom,USW00013904,2021-12-02T16:12:00+00:00,2021-12-02T10:12:00-06:00,2021-12-02T10:12:00,FM-16,,,0,FG:2 |FG |,0.402,16.7,100.0,3.1
bergstrom,USW00013904,2021-12-02T16:45:00+00:00,2021-12-02T10:45:00-06:00,2021-12-02T10:45:00,FM-16,,,0,BR:1 |BR |,1.609,16.7,100.0,3.6
bergstrom,USW00013904,2021-12-02T16:51:00+00:00,2021-12-02T10:51:00-06:00,2021-12-02T10:51:00,FM-16,,,0,BR:1 |BR |,3.219,17.0,100.0,4.1
bergstrom,USW00013904,2021-12-02T16:53:00+00:00,2021-12-02T10:53:00-06:00,2021-12-02T10:53:00,FM-15,0.0,0.0,0,BR:1 |BR |,4.828,17.2,97.0,3.6
bergstrom,USW00013904,2021-12-02T17:38:00+00:00,2021-12-02T11:38:00-06:00,2021-12-02T11:38:00,FM-16,,,0,,12.875,20.0,81.0,2.6
bergstrom,USW00013904,2021-12-02T17:49:00+00:00,2021-12-02T11:49:00-06:00,2021-12-02T11:49:00,FM-16,,,0,,14.484,21.0,78.0,3.6
bergstrom,USW00013904,2021-12-02T17:53:00+00:00,2021-12-02T11:53:00-06:00,2021-12-02T11:53:00,FM-15,0.0,0.0,0,,14.484,21.7,76.0,4.1
bergstrom,USW00013904,2021-12-02T18:53:00+00:00,2021-12-02T12:53:00-06:00,2021-12-02T12:53:00,FM-15,0.0,0.0,0,,16.093,25.6,60.0,4.1
bergstrom,USW00013904,2021-12-02T19:53:00+00:00,2021-12-02T13:53:00-06:00,2021-12-02T13:53:00,FM-15,0.0,0.0,0,,16.093,25.6,60.0,4.1
bergstrom,USW00013904,2021-12-02T20:53:00+00:00,2021-12-02T14:53:00-06:00,2021-12-02T14:53:00,FM-15,0.0,0.0,0,,16.093,24.4,64.0,5.1
bergstrom,USW00013904,2021-12-02T21:53:00+00:00,2021-12-02T15:53:00-06:00,2021-12-02T15:53:00,FM-15,0.0,0.0,0,,16.093,25.0,64.0,5.7
bergstrom,USW00013904,2021-12-02T22:53:00+00:00,2021-12-02T16:53:00-06:00,2021-12-02T16:53:00,FM-15,0.0,0.0,0,,16.093,21.7,76.0,5.1
bergstrom,USW00013904,2021-12-02T23:53:00+00:00,2021-12-02T17:53:00-06:00,2021-12-02T17:53:00,FM-15,0.0,0.0,0,,16.093,18.9,87.0,1.5
bergstrom,USW00013904,2021-12-03T00:53:00+00:00,2021-12-02T18:53:00-06:00,2021-12-02T18:53:00,FM-15,0.0,0.0,0,,16.093,17.8,93.0,1.5
bergstrom,USW00013904,2021-12-03T01:53:00+00:00,2021-12-02T19:53:00-06:00,2021-12-02T19:53:00,FM-15,0.0,0.0,0,,16.093,16.7,96.0,1.5
bergstrom,USW00013904,2021-12-03T02:53:00+00:00,2021-12-02T20:53:00-06:00,2021-12-02T20:53:00,FM-15,0.0,0.0,0,,16.093,15.0,100.0,2.1
bergstrom,USW00013904,2021-12-03T03:53:00+00:00,2021-12-02T21:53:00-06:00,2021-12-02T21:53:00,FM-15,0.0,0.0,0,BCFG:2 |FG |,12.875,14.4,100.0,2.1
bergstrom,USW00013904,2021-12-03T04:29:00+00:00,2021-12-02T22:29:00-06:00,2021-12-02T22:29:00,FM-16,,,0,BCFG:2 |FG |,11.265,15.0,96.0,0.0
bergstrom,USW00013904,2021-12-03T04:53:00+00:00,2021-12-02T22:53:00-06:00,2021-12-02T22:53:00,FM-15,0.0,0.0,0,BCFG:2 |FG |,11.265,13.9,96.0,1.5
bergstrom,USW00013904,2021-12-03T05:53:00+00:00,2021-12-02T23:53:00-06:00,2021-12-02T23:53:00,FM-15,0.0,0.0,0,BCFG:2 BR:1 |FG BR |,8.047,13.3,100.0,1.5
bergstrom,USW00013904,2021-12-03T06:53:00+00:00,2021-12-03T00:53:00-06:00,2021-12-03T00:53:00,FM-15,0.0,0.0,0,BR:1 |BR |,9.656,15.0,100.0,0.0
bergstrom,USW00013904,2021-12-03T07:04:00+00:00,2021-12-03T01:04:00-06:00,2021-12-03T01:04:00,FM-16,,,0,BR:1 |BR |,9.656,13.9,100.0,0.0
bergstrom,USW00013904,2021-12-03T07:38:00+00:00,2021-12-03T01:38:00-06:00,2021-12-03T01:38:00,FM-16,,,0,BR:1 |BR |,4.828,17.2,97.0,3.1
bergstrom,USW00013904,2021-12-03T07:42:00+00:00,2021-12-03T01:42:00-06:00,2021-12-03T01:42:00,FM-16,,,0,BR:1 |BR |,1.609,17.2,100.0,4.1
bergstrom,USW00013904,2021-12-03T07:53:00+00:00,2021-12-03T01:53:00-06:00,2021-12-03T01:53:00,FM-15,0.0,0.0,0,BR:1 |BR |,1.609,17.8,100.0,4.6
bergstrom,USW00013904,2021-12-03T08:20:00+00:00,2021-12-03T02:20:00-06:00,2021-12-03T02:20:00,FM-16,,,0,BR:1 |BR s |,0.402,18.3,100.0,3.6
bergstrom,USW00013904,2021-12-03T08:53:00+00:00,2021-12-03T02:53:00-06:00,2021-12-03T02:53:00,FM-15,0.0,0.0,0,BR:1 |BR s |,0.402,18.3,100.0,5.1
bergstrom,USW00013904,2021-12-03T09:22:00+00:00,2021-12-03T03:22:00-06:00,2021-12-03T03:22:00,FM-16,,,1,-DZ:01 BR:1 |DZ s BR s |DZ s,0.402,18.3,100.0,4.1
bergstrom,USW00013904,2021-12-03T09:44:00+00:00,2021-12-03T03:44:00-06:00,2021-12-03T03:44:00,FM-16,,,1,-DZ:01 BR:1 |DZ BR |DZ,1.609,18.3,100.0,4.1
bergstrom,USW00013904,2021-12-03T09:53:00+00:00,2021-12-03T03:53:00-06:00,2021-12-03T03:53:00,FM-15,,T,1,-DZ:01 BR:1 |DZ BR |DZ,1.609,18.3,100.0,4.1
bergstrom,USW00013904,2021-12-03T10:13:00+00:00,2021-12-03T04:13:00-06:00,2021-12-03T04:13:00,FM-16,,,0,BR:1 |BR |,1.609,18.9,96.0,6.7
bergstrom,USW00013904,2021-12-03T10:27:00+00:00,2021-12-03T04:27:00-06:00,2021-12-03T04:27:00,FM-16,,,0,BR:1 |BR |,9.656,18.9,96.0,5.7
bergstrom,USW00013904,2021-12-03T10:53:00+00:00,2021-12-03T04:53:00-06:00,2021-12-03T04:53:00,FM-15,,T,1,BR:1 |BR |,9.656,18.9,96.0,5.1
bergstrom,USW00013904,2021-12-03T11:21:00+00:00,2021-12-03T05:21:00-06:00,2021-12-03T05:21:00,FM-16,,,1,-DZ:01 BR:1 |DZ BR |DZ,1.609,18.9,100.0,4.1
bergstrom,USW00013904,2021-12-03T11:32:00+00:00,2021-12-03T05:32:00-06:00,2021-12-03T05:32:00,FM-16,,,1,-DZ:01 BR:1 |DZ s BR s |DZ s,0.805,18.9,100.0,5.1
bergstrom,USW00013904,2021-12-03T11:53:00+00:00,2021-12-03T05:53:00-06:00,2021-12-03T05:53:00,FM-15,,T,1,-DZ:01 BR:1 |DZ s BR s |DZ s,0.805,18.9,100.0,4.1
bergstrom,USW00013904,2021-12-03T12:53:00+00:00,2021-12-03T06:53:00-06:00,2021-12-03T06:53:00,FM-15,,T,1,BR:1 |BR s |,0.805,18.9,100.0,3.1
bergstrom,USW00013904,2021-12-03T13:26:00+00:00,2021-12-03T07:26:00-06:00,2021-12-03T07:26:00,FM-16,,,0,BR:1 |BR s |,0.805,19.4,93.0,2.6
bergstrom,USW00013904,2021-12-03T13:51:00+00:00,2021-12-03T07:51:00-06:00,2021-12-03T07:51:00,FM-16,,,0,,11.265,19.0,100.0,3.1
bergstrom,USW00013904,2021-12-03T13:53:00+00:00,2021-12-03T07:53:00-06:00,2021-12-03T07:53:00,FM-15,0.0,0.0,0,,11.265,19.4,97.0,3.6
bergstrom,USW00013904,2021-12-03T14:53:00+00:00,2021-12-03T08:53:00-06:00,2021-12-03T08:53:00,FM-15,0.0,0.0,0,BR:1 |BR |,9.656,20.0,93.0,2.1
bergstrom,USW00013904,2021-12-03T15:24:00+00:00,2021-12-03T09:24:00-06:00,2021-12-03T09:24:00,FM-16,,,0,,11.265,20.0,93.0,3.1
bergstrom,USW00013904,2021-12-03T15:53:00+00:00,2021-12-03T09:53:00-06:00,2021-12-03T09:53:00,FM-15,0.0,0.0,0,,11.265,20.0,93.0,3.1
bergstrom,USW00013904,2021-12-03T16:51:00+00:00,2021-12-03T10:51:00-06:00,2021-12-03T10:51:00,FM-16,,,1,-RA:02 |RA |RA,11.265,20.0,88.0,3.6
bergstrom,USW00013904,2021-12-03T16:53:00+00:00,2021-12-03T10:53:00-06:00,2021-12-03T10:53:00,FM-15,,T,1,-RA:02 |RA |RA,11.265,20.0,90.0,3.1
bergstrom,USW00013904,2021-12-03T17:51:00+00:00,2021-12-03T11:51:00-06:00,2021-12-03T11:51:00,FM-16,,,1,-RA:02 BR:1 |RA BR |RA,9.656,20.0,94.0,3.6
bergstrom,USW00013904,2021-12-03T17:53:00+00:00,2021-12-03T11:53:00-06:00,2021-12-03T11:53:00,FM-15,1.3,1.3,1,-RA:02 BR:1 |RA BR |RA,9.656,20.0,93.0,4.6
bergstrom,USW00013904,2021-12-03T18:12:00+00:00,2021-12-03T12:12:00-06:00,2021-12-03T12:12:00,FM-16,,,0,,12.875,20.0,96.0,3.1
bergstrom,USW00013904,2021-12-03T18:51:00+00:00,2021-12-03T12:51:00-06:00,2021-12-03T12:51:00,FM-16,,,1,-RA:02 |RA |RA,12.875,21.0,88.0,3.1
bergstrom,USW00013904,2021-12-03T18:53:00+00:00,2021-12-03T12:53:00-06:00,2021-12-03T12:53:00,FM-15,,T,1,-RA:02 |RA |RA,12.875,20.6,93.0,3.6
bergstrom,USW00013904,2021-12-03T19:06:00+00:00,2021-12-03T13:06:00-06:00,2021-12-03T13:06:00,FM-16,,,1,-RA:02 |RA |RA,16.093,21.1,90.0,3.6
bergstrom,USW00013904,2021-12-03T19:29:00+00:00,2021-12-03T13:29:00-06:00,2021-12-03T13:29:00,FM-16,,,0,,16.093,21.7,87.0,4.6
bergstrom,USW00013904,2021-12-03T19:53:00+00:00,2021-12-03T13:53:00-06:00,2021-12-03T13:53:00,FM-15,0.3,0.3,1,-RA:02 |RA |RA,12.875,21.7,87.0,2.1
bergstrom,USW00013904,2021-12-03T20:53:00+00:00,2021-12-03T14:53:00-06:00,2021-12-03T14:53:00,FM-15,,T,1,,16.093,23.3,76.0,3.6
bergstrom,USW00013904,2021-12-03T21:51:00+00:00,2021-12-03T15:51:00-06:00,2021-12-03T15:51:00,FM-16,,,0,,16.093,24.0,69.0,4.6
bergstrom,USW00013904,2021-12-03T21:53:00+00:00,2021-12-03T15:53:00-06:00,2021-12-03T15:53:00,FM-15,0.0,0.0,0,,16.093,24.4,69.0,5.1
bergstrom,USW00013904,2021-12-03T22:53:00+00:00,2021-12-03T16:53:00-06:00,2021-12-03T16:53:00,FM-15,0.0,0.0,0,,16.093,23.9,71.0,3.6
bergstrom,USW00013904,2021-12-03T23:53:00+00:00,2021-12-03T17:53:00-06:00,2021-12-03T17:53:00,FM-15,0.0,0.0,0,,16.093,21.1,79.0,2.1
bergstrom,USW00013904,2021-12-04T00:53:00+00:00,2021-12-03T18:53:00-06:00,2021-12-03T18:53:00,FM-15,0.0,0.0,0,,16.093,17.2,93.0,2.1
bergstrom,USW00013904,2021-12-04T01:53:00+00:00,2021-12-03T19:53:00-06:00,2021-12-03T19:53:00,FM-15,0.0,0.0,0,,16.093,15.6,96.0,0.0
bergstrom,USW00013904,2021-12-04T02:53:00+00:00,2021-12-03T20:53:00-06:00,2021-12-03T20:53:00,FM-15,0.0,0.0,0,,16.093,16.7,93.0,0.0
bergstrom,USW00013904,2021-12-04T03:53:00+00:00,2021-12-03T21:53:00-06:00,2021-12-03T21:53:00,FM-15,0.0,0.0,0,,14.484,15.0,100.0,1.5
bergstrom,USW00013904,2021-12-04T04:53:00+00:00,2021-12-03T22:53:00-06:00,2021-12-03T22:53:00,FM-15,0.0,0.0,0,,16.093,16.1,97.0,2.1
bergstrom,USW00013904,2021-12-04T05:51:00+00:00,2021-12-03T23:51:00-06:00,2021-12-03T23:51:00,FM-16,,,0,,16.093,17.0,94.0,2.1
bergstrom,USW00013904,2021-12-04T05:53:00+00:00,2021-12-03T23:53:00-06:00,2021-12-03T23:53:00,FM-15,0.0,0.0,0,,16.093,16.7,96.0,2.1
bergstrom,USW00013904,2021-12-04T06:51:00+00:00,2021-12-04T00:51:00-06:00,2021-12-04T00:51:00,FM-16,,,0,,16.093,19.0,94.0,4.1
bergstrom,USW00013904,2021-12-04T06:53:00+00:00,2021-12-04T00:53:00-06:00,2021-12-04T00:53:00,FM-15,0.0,0.0,0,,16.093,18.9,93.0,4.1
bergstrom,USW00013904,2021-12-04T07:53:00+00:00,2021-12-04T01:53:00-06:00,2021-12-04T01:53:00,FM-15,0.0,0.0,0,,16.093,18.9,96.0,3.6
bergstrom,USW00013904,2021-12-04T08:53:00+00:00,2021-12-04T02:53:00-06:00,2021-12-04T02:53:00,FM-15,0.0,0.0,0,,11.265,19.4,93.0,2.6
bergstrom,USW00013904,2021-12-04T09:51:00+00:00,2021-12-04T03:51:00-06:00,2021-12-04T03:51:00,FM-16,,,0,,16.093,19.0,94.0,2.6
bergstrom,USW00013904,2021-12-04T09:53:00+00:00,2021-12-04T03:53:00-06:00,2021-12-04T03:53:00,FM-15,0.0,0.0,0,,16.093,19.4,93.0,2.6
bergstrom,USW00013904,2021-12-04T10:53:00+00:00,2021-12-04T04:53:00-06:00,2021-12-04T04:53:00,FM-15,0.0,0.0,0,,11.265,19.4,93.0,2.1
bergstrom,USW00013904,2021-12-04T11:53:00+00:00,2021-12-04T05:53:00-06:00,2021-12-04T05:53:00,FM-15,0.0,0.0,0,,11.265,19.4,93.0,2.1
bergstrom,USW00013904,2021-12-04T12:53:00+00:00,2021-12-04T06:53:00-06:00,2021-12-04T06:53:00,FM-15,0.0,0.0,0,,14.484,20.0,90.0,1.5
bergstrom,USW00013904,2021-12-04T13:53:00+00:00,2021-12-04T07:53:00-06:00,2021-12-04T07:53:00,FM-15,0.0,0.0,0,,12.875,20.0,90.0,1.5
bergstrom,USW00013904,2021-12-04T14:20:00+00:00,2021-12-04T08:20:00-06:00,2021-12-04T08:20:00,FM-16,,,0,,14.484,20.0,93.0,2.1
bergstrom,USW00013904,2021-12-04T14:53:00+00:00,2021-12-04T08:53:00-06:00,2021-12-04T08:53:00,FM-15,0.0,0.0,0,,14.484,20.6,87.0,3.1
bergstrom,USW00013904,2021-12-04T15:53:00+00:00,2021-12-04T09:53:00-06:00,2021-12-04T09:53:00,FM-15,0.0,0.0,0,,16.093,21.1,79.0,3.1
bergstrom,USW00013904,2021-12-04T16:53:00+00:00,2021-12-04T10:53:00-06:00,2021-12-04T10:53:00,FM-15,0.0,0.0,0,,16.093,21.7,76.0,3.1
bergstrom,USW00013904,2021-12-04T17:53:00+00:00,2021-12-04T11:53:00-06:00,2021-12-04T11:53:00,FM-15,0.0,0.0,0,,16.093,22.2,76.0,2.6
bergstrom,USW00013904,2021-12-04T18:53:00+00:00,2021-12-04T12:53:00-06:00,2021-12-04T12:53:00,FM-15,0.0,0.0,0,,16.093,23.9,66.0,3.6
bergstrom,USW00013904,2021-12-04T19:51:00+00:00,2021-12-04T13:51:00-06:00,2021-12-04T13:51:00,FM-16,,,0,,16.093,24.0,69.0,2.6
bergstrom,USW00013904,2021-12-04T19:53:00+00:00,2021-12-04T13:53:00-06:00,2021-12-04T13:53:00,FM-15,0.0,0.0,0,,16.093,24.4,67.0,2.6
bergstrom,USW00013904,2021-12-04T20:53:00+00:00,2021-12-04T14:53:00-06:00,2021-12-04T14:53:00,FM-15,0.0,0.0,0,,16.093,23.9,66.0,2.6
bergstrom,USW00013904,2021-12-04T21:53:00+00:00,2021-12-04T15:53:00-06:00,2021-12-04T15:53:00,FM-15,0.0,0.0,0,,16.093,24.4,67.0,5.1
bergstrom,USW00013904,2021-12-04T22:53:00+00:00,2021-12-04T16:53:00-06:00,2021-12-04T16:53:00,FM-15,0.0,0.0,0,,16.093,23.3,71.0,2.6
bergstrom,USW00013904,2021-12-04T23:53:00+00:00,2021-12-04T17:53:00-06:00,2021-12-04T17:53:00,FM-15,0.0,0.0,0,,16.093,22.2,76.0,2.1
bergstrom,USW00013904,2021-12-05T00:53:00+00:00,2021-12-04T18:53:00-06:00,2021-12-04T18:53:00,FM-15,0.0,0.0,0,,16.093,20.0,87.0,0.0
bergstrom,USW00013904,2021-12-05T01:53:00+00:00,2021-12-04T19:53:00-06:00,2021-12-04T19:53:00,FM-15,0.0,0.0,0,,16.093,17.8,93.0,0.0
bergstrom,USW00013904,2021-12-05T02:53:00+00:00,2021-12-04T20:53:00-06:00,2021-12-04T20:53:00,FM-15,0.0,0.0,0,,16.093,16.7,96.0,1.5
bergstrom,USW00013904,2021-12-05T03:53:00+00:00,2021-12-04T21:53:00-06:00,2021-12-04T21:53:00,FM-15,0.0,0.0,0,,14.484,16.7,96.0,0.0
bergstrom,USW00013904,2021-12-05T04:51:00+00:00,2021-12-04T22:51:00-06:00,2021-12-04T22:51:00,FM-16,,,0,,14.484,17.0,94.0,0.0
bergstrom,USW00013904,2021-12-05T04:53:00+00:00,2021-12-04T22:53:00-06:00,2021-12-04T22:53:00,FM-15,0.0,0.0,0,,14.484,16.1,100.0,0.0
bergstrom,USW00013904,2021-12-05T05:05:00+00:00,2021-12-04T23:05:00-06:00,2021-12-04T23:05:00,FM-16,,,0,BR:1 |BR |,2.414,16.1,97.0,0.0
bergstrom,USW00013904,2021-12-05T05:11:00+00:00,2021-12-04T23:11:00-06:00,2021-12-04T23:11:00,FM-16,,,0,,12.875,15.6,96.0,0.0
bergstrom,USW00013904,2021-12-05T05:51:00+00:00,2021-12-04T23:51:00-06:00,2021-12-04T23:51:00,FM-16,,,0,,12.875,14.0,100.0,0.0
bergstrom,USW00013904,2021-12-05T05:53:00+00:00,2021-12-04T23:53:00-06:00,2021-12-04T23:53:00,FM-15,0.0,0.0,0,,12.875,14.4,100.0,0.0
bergstrom,USW00013904,2021-12-05T06:53:00+00:00,2021-12-05T00:53:00-06:00,2021-12-05T00:53:00,FM-15,0.0,0.0,0,,12.875,17.2,100.0,2.1
bergstrom,USW00013904,2021-12-05T07:53:00+00:00,2021-12-05T01:53:00-06:00,2021-12-05T01:53:00,FM-15,0.0,0.0,0,,16.093,18.9,100.0,4.1
bergstrom,USW00013904,2021-12-05T08:51:00+00:00,2021-12-05T02:51:00-06:00,2021-12-05T02:51:00,FM-16,,,0,,16.093,20.0,94.0,3.6
bergstrom,USW00013904,2021-12-05T08:53:00+00:00,2021-12-05T02:53:00-06:00,2021-12-05T02:53:00,FM-15,0.0,0.0,0,,16.093,20.0,93.0,3.1
bergstrom,USW00013904,2021-12-05T09:51:00+00:00,2021-12-05T03:51:00-06:00,2021-12-05T03:51:00,FM-16,,,0,,16.093,20.0,94.0,3.6
bergstrom,USW00013904,2021-12-05T09:53:00+00:00,2021-12-05T03:53:00-06:00,2021-12-05T03:53:00,FM-15,0.0,0.0,0,,16.093,20.0,93.0,3.1
bergstrom,USW00013904,2021-12-05T10:51:00+00:00,2021-12-05T04:51:00-06:00,2021-12-05T04:51:00,FM-16,,,0,,16.093,21.0,88.0,3.1
bergstrom,USW00013904,2021-12-05T10:53:00+00:00,2021-12-05T04:53:00-06:00,2021-12-05T04:53:00,FM-15,0.0,0.0,0,,16.093,20.0,93.0,3.1
bergstrom,USW00013904,2021-12-05T11:51:00+00:00,2021-12-05T05:51:00-06:00,2021-12-05T05:51:00,FM-16,,,0,,16.093,20.0,94.0,4.6
bergstrom,USW00013904,2021-12-05T11:53:00+00:00,2021-12-05T05:53:00-06:00,2021-12-05T05:53:00,FM-15,0.0,0.0,0,,16.093,20.0,93.0,5.1
bergstrom,USW00013904,2021-12-05T12:01:00+00:00,2021-12-05T06:01:00-06:00,2021-12-05T06:01:00,FM-16,,,0,,16.093,20.6,90.0,5.1
bergstrom,USW00013904,2021-12-05T12:53:00+00:00,2021-12-05T06:53:00-06:00,2021-12-05T06:53:00,FM-15,0.0,0.0,0,,16.093,20.0,93.0,2.6
bergstrom,USW00013904,2021-12-05T13:53:00+00:00,2021-12-05T07:53:00-06:00,2021-12-05T07:53:00,FM-15,0.0,0.0,0,,16.093,20.6,90.0,4.1
bergstrom,USW00013904,2021-12-05T14:53:00+00:00,2021-12-05T08:53:00-06:00,2021-12-05T08:53:00,FM-15,0.0,0.0,0,,16.093,20.6,93.0,3.6
bergstrom,USW00013904,2021-12-05T15:53:00+00:00,2021-12-05T09:53:00-06:00,2021-12-05T09:53:00,FM-15,0.0,0.0,0,,16.093,22.2,84.0,7.2
bergstrom,USW00013904,2021-12-05T16:12:00+00:00,2021-12-05T10:12:00-06:00,2021-12-05T10:12:00,FM-16,,,0,,16.093,22.8,81.0,5.7
bergstrom,USW00013904,2021-12-05T16:48:00+00:00,2021-12-05T10:48:00-06:00,2021-12-05T10:48:00,FM-16,,,0,,16.093,23.0,78.0,6.2
bergstrom,USW00013904,2021-12-05T16:53:00+00:00,2021-12-05T10:53:00-06:00,2021-12-05T10:53:00,FM-15,,T,1,,16.093,22.8,79.0,7.2
bergstrom,USW00013904,2021-12-05T17:53:00+00:00,2021-12-05T11:53:00-06:00,2021-12-05T11:53:00,FM-15,,T,1,,16.093,24.4,74.0,8.2
bergstrom,USW00013904,2021-12-05T18:51:00+00:00,2021-12-05T12:51:00-06:00,2021-12-05T12:51:00,FM-16,,,0,,16.093,26.0,65.0,7.7
bergstrom,USW00013904,2021-12-05T18:53:00+00:00,2021-12-05T12:53:00-06:00,2021-12-05T12:53:00,FM-15,0.0,0.0,0,,16.093,25.6,67.0,7.2
bergstrom,USW00013904,2021-12-05T19:53:00+00:00,2021-12-05T13:53:00-06:00,2021-12-05T13:53:00,FM-15,0.0,0.0,0,,16.093,25.6,67.0,6.2
bergstrom,USW00013904,2021-12-05T20:53:00+00:00,2021-12-05T14:53:00-06:00,2021-12-05T14:53:00,FM-15,0.0,0.0,0,,16.093,25.6,64.0,6.7
bergstrom,USW00013904,2021-12-05T21:53:00+00:00,2021-12-05T15:53:00-06:00,2021-12-05T15:53:00,FM-15,0.0,0.0,0,,16.093,25.0,69.0,5.7
bergstrom,USW00013904,2021-12-05T22:53:00+00:00,2021-12-05T16:53:00-06:00,2021-12-05T16:53:00,FM-15,0.0,0.0,0,,16.093,24.4,72.0,4.1
bergstrom,USW00013904,2021-12-05T23:53:00+00:00,2021-12-05T17:53:00-06:00,2021-12-05T17:53:00,FM-15,0.0,0.0,0,,16.093,22.8,81.0,1.5
bergstrom,USW00013904,2021-12-06T00:53:00+00:00,2021-12-05T18:53:00-06:00,2021-12-05T18:53:00,FM-15,0.0,0.0,0,,16.093,21.7,84.0,1.5
bergstrom,USW00013904,2021-12-06T01:53:00+00:00,2021-12-05T19:53:00-06:00,2021-12-05T19:53:00,FM-15,0.0,0.0,0,,16.093,22.8,81.0,3.6
bergstrom,USW00013904,2021-12-06T02:53:00+00:00,2021-12-05T20:53:00-06:00,2021-12-05T20:53:00,FM-15,0.0,0.0,0,,16.093,22.2,87.0,6.7
bergstrom,USW00013904,2021-12-06T03:51:00+00:00,2021-12-05T21:51:00-06:00,2021-12-05T21:51:00,FM-16,,,0,,16.093,22.0,94.0,6.2
bergstrom,USW00013904,2021-12-06T03:53:00+00:00,2021-12-05T21:53:00-06:00,2021-12-05T21:53:00,FM-15,0.0,0.0,0,,16.093,22.2,91.0,5.7
bergstrom,USW00013904,2021-12-06T04:53:00+00:00,2021-12-05T22:53:00-06:00,2021-12-05T22:53:00,FM-15,0.0,0.0,0,,16.093,22.8,87.0,6.7
bergstrom,USW00013904,2021-12-06T05:53:00+00:00,2021-12-05T23:53:00-06:00,2021-12-05T23:53:00,FM-15,0.0,0.0,0,,16.093,22.2,91.0,5.1
bergstrom,USW00013904,2021-12-06T06:53:00+00:00,2021-12-06T00:53:00-06:00,2021-12-06T00:53:00,FM-15,0.0,0.0,0,,16.093,22.2,91.0,2.1
bergstrom,USW00013904,2021-12-06T07:51:00+00:00,2021-12-06T01:51:00-06:00,2021-12-06T01:51:00,FM-16,,,0,,16.093,22.0,94.0,2.6
bergstrom,USW00013904,2021-12-06T07:53:00+00:00,2021-12-06T01:53:00-06:00,2021-12-06T01:53:00,FM-15,0.0,0.0,0,,16.093,22.2,91.0,2.1
bergstrom,USW00013904,2021-12-06T08:53:00+00:00,2021-12-06T02:53:00-06:00,2021-12-06T02:53:00,FM-15,0.0,0.0,0,,16.093,21.7,90.0,2.6
bergstrom,USW00013904,2021-12-06T09:53:00+00:00,2021-12-06T03:53:00-06:00,2021-12-06T03:53:00,FM-15,0.0,0.0,0,,16.093,22.2,87.0,3.1
bergstrom,USW00013904,2021-12-06T10:53:00+00:00,2021-12-06T04:53:00-06:00,2021-12-06T04:53:00,FM-15,0.0,0.0,0,,16.093,21.7,90.0,4.1
bergstrom,USW00013904,2021-12-06T11:53:00+00:00,2021-12-06T05:53:00-06:00,2021-12-06T05:53:00,FM-15,0.0,0.0,0,,16.093,21.7,90.0,2.6
bergstrom,USW00013904,2021-12-06T12:53:00+00:00,2021-12-06T06:53:00-06:00,2021-12-06T06:53:00,FM-15,0.0,0.0,0,,16.093,21.7,90.0,3.1
bergstrom,USW00013904,2021-12-06T13:53:00+00:00,2021-12-06T07:53:00-06:00,2021-12-06T07:53:00,FM-15,,T,1,-RA:02 BR:1 |RA BR |RA,9.656,21.7,90.0,1.5
bergstrom,USW00013904,2021-12-06T14:16:00+00:00,2021-12-06T08:16:00-06:00,2021-12-06T08:16:00,FM-16,,,0,,12.875,22.2,87.0,0.0
bergstrom,USW00013904,2021-12-06T14:51:00+00:00,2021-12-06T08:51:00-06:00,2021-12-06T08:51:00,FM-16,,,1,-RA:02 |RA |RA,12.875,18.0,78.0,7.7
bergstrom,USW00013904,2021-12-06T14:53:00+00:00,2021-12-06T08:53:00-06:00,2021-12-06T08:53:00,FM-15,,T,1,-RA:02 |RA |RA,12.875,17.2,84.0,9.8
bergstrom,USW00013904,2021-12-06T15:53:00+00:00,2021-12-06T09:53:00-06:00,2021-12-06T09:53:00,FM-15,,T,1,,16.093,15.0,69.0,8.2
bergstrom,USW00013904,2021-12-06T16:53:00+00:00,2021-12-06T10:53:00-06:00,2021-12-06T10:53:00,FM-15,0.0,0.0,0,,16.093,15.6,58.0,11.3
bergstrom,USW00013904,2021-12-06T17:51:00+00:00,2021-12-06T11:51:00-06:00,2021-12-06T11:51:00,FM-16,,,0,,16.093,16.0,52.0,10.3
bergstrom,USW00013904,2021-12-06T17:53:00+00:00,2021-12-06T11:53:00-06:00,2021-12-06T11:53:00,FM-15,0.0,0.0,0,,16.093,16.1,52.0,8.2
bergstrom,USW00013904,2021-12-06T18:53:00+00:00,2021-12-06T12:53:00-06:00,2021-12-06T12:53:00,FM-15,0.0,0.0,0,,16.093,16.1,44.0,8.8
bergstrom,USW00013904,2021-12-06T19:53:00+00:00,2021-12-06T13:53:00-06:00,2021-12-06T13:53:00,FM-15,0.0,0.0,0,,16.093,16.7,38.0,10.3
bergstrom,USW00013904,2021-12-06T20:53:00+00:00,2021-12-06T14:53:00-06:00,2021-12-06T14:53:00,FM-15,0.0,0.0,0,,16.093,16.7,37.0,8.8
bergstrom,USW00013904,2021-12-06T21:53:00+00:00,2021-12-06T15:53:00-06:00,2021-12-06T15:53:00,FM-15,0.0,0.0,0,,16.093,16.1,34.0,9.8
bergstrom,USW00013904,2021-12-06T22:53:00+00:00,2021-12-06T16:53:00-06:00,2021-12-06T16:53:00,FM-15,0.0,0.0,0,,16.093,15.0,32.0,8.2
bergstrom,USW00013904,2021-12-06T23:53:00+00:00,2021-12-06T17:53:00-06:00,2021-12-06T17:53:00,FM-15,0.0,0.0,0,,16.093,13.3,33.0,7.2
bergstrom,USW00013904,2021-12-07T00:53:00+00:00,2021-12-06T18:53:00-06:00,2021-12-06T18:53:00,FM-15,0.0,0.0,0,,16.093,12.2,34.0,7.2
bergstrom,USW00013904,2021-12-07T01:53:00+00:00,2021-12-06T19:53:00-06:00,2021-12-06T19:53:00,FM-15,0.0,0.0,0,,16.093,11.7,34.0,6.2
bergstrom,USW00013904,2021-12-07T02:53:00+00:00,2021-12-06T20:53:00-06:00,2021-12-06T20:53:00,FM-15,0.0,0.0,0,,16.093,10.6,36.0,5.1
bergstrom,USW00013904,2021-12-07T03:53:00+00:00,2021-12-06T21:53:00-06:00,2021-12-06T21:53:00,FM-15,0.0,0.0,0,,16.093,10.0,36.0,6.2
bergstrom,USW00013904,2021-12-07T04:53:00+00:00,2021-12-06T22:53:00-06:00,2021-12-06T22:53:00,FM-15,0.0,0.0,0,,16.093,8.9,39.0,4.6
bergstrom,USW00013904,2021-12-07T05:53:00+00:00,2021-12-06T23:53:00-06:00,2021-12-06T23:53:00,FM-15,0.0,0.0,0,,16.093,8.3,41.0,4.6
bergstrom,USW00013904,2021-12-07T06:53:00+00:00,2021-12-07T00:53:00-06:00,2021-12-07T00:53:00,FM-15,0.0,0.0,0,,16.093,7.8,44.0,3.6
bergstrom,USW00013904,2021-12-07T07:53:00+00:00,2021-12-07T01:53:00-06:00,2021-12-07T01:53:00,FM-15,0.0,0.0,0,,16.093,8.3,41.0,2.1
bergstrom,USW00013904,2021-12-07T08:53:00+00:00,2021-12-07T02:53:00-06:00,2021-12-07T02:53:00,FM-15,0.0,0.0,0,,16.093,8.3,41.0,3.1
bergstrom,USW00013904,2021-12-07T09:53:00+00:00,2021-12-07T03:53:00-06:00,2021-12-07T03:53:00,FM-15,0.0,0.0,0,,16.093,7.2,44.0,2.6
bergstrom,USW00013904,2021-12-07T10:53:00+00:00,2021-12-07T04:53:00-06:00,2021-12-07T04:53:00,FM-15,0.0,0.0,0,,16.093,4.4,60.0,3.6
bergstrom,USW00013904,2021-12-07T11:53:00+00:00,2021-12-07T05:53:00-06:00,2021-12-07T05:53:00,FM-15,0.0,0.0,0,,16.093,4.4,60.0,3.6
bergstrom,USW00013904,2021-12-07T12:53:00+00:00,2021-12-07T06:53:00-06:00,2021-12-07T06:53:00,FM-15,0.0,0.0,0,,16.093,4.4,65.0,2.1
bergstrom,USW00013904,2021-12-07T13:53:00+00:00,2021-12-07T07:53:00-06:00,2021-12-07T07:53:00,FM-15,0.0,0.0,0,,16.093,6.1,53.0,2.1
bergstrom,USW00013904,2021-12-07T14:53:00+00:00,2021-12-07T08:53:00-06:00,2021-12-07T08:53:00,FM-15,0.0,0.0,0,,16.093,7.8,46.0,2.1
bergstrom,USW00013904,2021-12-07T15:53:00+00:00,2021-12-07T09:53:00-06:00,2021-12-07T09:53:00,FM-15,0.0,0.0,0,,16.093,8.9,46.0,0.0
bergstrom,USW00013904,2021-12-07T16:53:00+00:00,2021-12-07T10:53:00-06:00,2021-12-07T10:53:00,FM-15,0.0,0.0,0,,16.093,10.6,44.0,1.5
bergstrom,USW00013904,2021-12-07T17:53:00+00:00,2021-12-07T11:53:00-06:00,2021-12-07T11:53:00,FM-15,0.0,0.0,0,,16.093,14.4,41.0,5.1
bergstrom,USW00013904,2021-12-07T18:53:00+00:00,2021-12-07T12:53:00-06:00,2021-12-07T12:53:00,FM-15,0.0,0.0,0,,16.093,17.2,40.0,4.1
bergstrom,USW00013904,2021-12-07T19:53:00+00:00,2021-12-07T13:53:00-06:00,2021-12-07T13:53:00,FM-15,0.0,0.0,0,,16.093,19.4,36.0,3.6
bergstrom,USW00013904,2021-12-07T20:53:00+00:00,2021-12-07T14:53:00-06:00,2021-12-07T14:53:00,FM-15,0.0,0.0,0,,16.093,20.0,35.0,4.1
bergstrom,USW00013904,2021-12-07T21:53:00+00:00,2021-12-07T15:53:00-06:00,2021-12-07T15:53:00,FM-15,0.0,0.0,0,,16.093,20.0,36.0,3.6
bergstrom,USW00013904,2021-12-07T22:53:00+00:00,2021-12-07T16:53:00-06:00,2021-12-07T16:53:00,FM-15,0.0,0.0,0,,16.093,18.9,42.0,3.6
bergstrom,USW00013904,2021-12-07T23:53:00+00:00,2021-12-07T17:53:00-06:00,2021-12-07T17:53:00,FM-15,0.0,0.0,0,,16.093,15.0,56.0,0.0
bergstrom,USW00013904,2021-12-08T00:53:00+00:00,2021-12-07T18:53:00-06:00,2021-12-07T18:53:00,FM-15,0.0,0.0,0,,16.093,11.7,72.0,2.6
bergstrom,USW00013904,2021-12-08T01:53:00+00:00,2021-12-07T19:53:00-06:00,2021-12-07T19:53:00,FM-15,0.0,0.0,0,,16.093,11.1,75.0,0.0
bergstrom,USW00013904,2021-12-08T02:53:00+00:00,2021-12-07T20:53:00-06:00,2021-12-07T20:53:00,FM-15,0.0,0.0,0,,16.093,8.3,86.0,1.5
bergstrom,USW00013904,2021-12-08T03:53:00+00:00,2021-12-07T21:53:00-06:00,2021-12-07T21:53:00,FM-15,0.0,0.0,0,,16.093,11.7,74.0,3.1
bergstrom,USW00013904,2021-12-08T04:53:00+00:00,2021-12-07T22:53:00-06:00,2021-12-07T22:53:00,FM-15,0.0,0.0,0,,16.093,11.1,77.0,3.1
bergstrom,USW00013904,2021-12-08T05:53:00+00:00,2021-12-07T23:53:00-06:00,2021-12-07T23:53:00,FM-15,0.0,0.0,0,,16.093,10.6,80.0,0.0
bergstrom,USW00013904,2021-12-08T06:53:00+00:00,2021-12-08T00:53:00-06:00,2021-12-08T00:53:00,FM-15,0.0,0.0,0,,16.093,7.2,93.0,0.0
bergstrom,USW00013904,2021-12-08T07:53:00+00:00,2021-12-08T01:53:00-06:00,2021-12-08T01:53:00,FM-15,0.0,0.0,0,,16.093,4.4,97.0,0.0
bergstrom,USW00013904,2021-12-08T08:53:00+00:00,2021-12-08T02:53:00-06:00,2021-12-08T02:53:00,FM-15,0.0,0.0,0,,16.093,5.0,96.0,1.5
bergstrom,USW00013904,2021-12-08T09:53:00+00:00,2021-12-08T03:53:00-06:00,2021-12-08T03:53:00,FM-15,0.0,0.0,0,,16.093,3.9,96.0,0.0
bergstrom,USW00013904,2021-12-08T10:53:00+00:00,2021-12-08T04:53:00-06:00,2021-12-08T04:53:00,FM-15,0.0,0.0,0,,16.093,4.4,93.0,0.0
bergstrom,USW00013904,2021-12-08T11:53:00+00:00,2021-12-08T05:53:00-06:00,2021-12-08T05:53:00,FM-15,0.0,0.0,0,,16.093,4.4,97.0,0.0
bergstrom,USW00013904,2021-12-08T12:53:00+00:00,2021-12-08T06:53:00-06:00,2021-12-08T06:53:00,FM-15,0.0,0.0,0,,16.093,4.4,97.0,2.1
bergstrom,USW00013904,2021-12-08T13:53:00+00:00,2021-12-08T07:53:00-06:00,2021-12-08T07:53:00,FM-15,0.0,0.0,0,,16.093,6.7,96.0,1.5
bergstrom,USW00013904,2021-12-08T14:53:00+00:00,2021-12-08T08:53:00-06:00,2021-12-08T08:53:00,FM-15,0.0,0.0,0,,16.093,12.2,77.0,0.0
bergstrom,USW00013904,2021-12-08T15:53:00+00:00,2021-12-08T09:53:00-06:00,2021-12-08T09:53:00,FM-15,0.0,0.0,0,,16.093,15.6,65.0,0.0
bergstrom,USW00013904,2021-12-08T16:53:00+00:00,2021-12-08T10:53:00-06:00,2021-12-08T10:53:00,FM-15,0.0,0.0,0,,16.093,20.0,47.0,0.0
bergstrom,USW00013904,2021-12-08T17:53:00+00:00,2021-12-08T11:53:00-06:00,2021-12-08T11:53:00,FM-15,0.0,0.0,0,,16.093,22.8,38.0,0.0
bergstrom,USW00013904,2021-12-08T18:53:00+00:00,2021-12-08T12:53:00-06:00,2021-12-08T12:53:00,FM-15,0.0,0.0,0,,16.093,23.9,37.0,1.5
bergstrom,USW00013904,2021-12-08T19:53:00+00:00,2021-12-08T13:53:00-06:00,2021-12-08T13:53:00,FM-15,0.0,0.0,0,,16.093,25.0,35.0,2.6
bergstrom,USW00013904,2021-12-08T20:53:00+00:00,2021-12-08T14:53:00-06:00,2021-12-08T14:53:00,FM-15,0.0,0.0,0,,16.093,25.6,32.0,3.1
bergstrom,USW00013904,2021-12-08T21:53:00+00:00,2021-12-08T15:53:00-06:00,2021-12-08T15:53:00,FM-15,0.0,0.0,0,,16.093,25.6,33.0,4.1
bergstrom,USW00013904,2021-12-08T22:53:00+00:00,2021-12-08T16:53:00-06:00,2021-12-08T16:53:00,FM-15,0.0,0.0,0,,16.093,23.3,40.0,3.6
bergstrom,USW00013904,2021-12-08T23:53:00+00:00,2021-12-08T17:53:00-06:00,2021-12-08T17:53:00,FM-15,0.0,0.0,0,,16.093,18.9,52.0,3.6
bergstrom,USW00013904,2021-12-09T00:53:00+00:00,2021-12-08T18:53:00-06:00,2021-12-08T18:53:00,FM-15,0.0,0.0,0,,16.093,18.3,59.0,2.6
bergstrom,USW00013904,2021-12-09T01:53:00+00:00,2021-12-08T19:53:00-06:00,2021-12-08T19:53:00,FM-15,0.0,0.0,0,,16.093,16.7,73.0,3.6
bergstrom,USW00013904,2021-12-09T02:53:00+00:00,2021-12-08T20:53:00-06:00,2021-12-08T20:53:00,FM-15,0.0,0.0,0,,16.093,15.0,87.0,2.6
bergstrom,USW00013904,2021-12-09T03:53:00+00:00,2021-12-08T21:53:00-06:00,2021-12-08T21:53:00,FM-15,0.0,0.0,0,,16.093,15.6,90.0,4.1
bergstrom,USW00013904,2021-12-09T04:48:00+00:00,2021-12-08T22:48:00-06:00,2021-12-08T22:48:00,FM-16,,,0,,16.093,16.0,88.0,4.1
bergstrom,USW00013904,2021-12-09T04:53:00+00:00,2021-12-08T22:53:00-06:00,2021-12-08T22:53:00,FM-15,0.0,0.0,0,,16.093,16.1,93.0,4.6
bergstrom,USW00013904,2021-12-09T05:16:00+00:00,2021-12-08T23:16:00-06:00,2021-12-08T23:16:00,FM-16,,,0,,12.875,16.1,93.0,3.6
bergstrom,USW00013904,2021-12-09T05:53:00+00:00,2021-12-08T23:53:00-06:00,2021-12-08T23:53:00,FM-15,0.0,0.0,0,BR:1 |BR |,6.437,16.1,97.0,6.2
bergstrom,USW00013904,2021-12-09T06:05:00+00:00,2021-12-09T00:05:00-06:00,2021-12-09T00:05:00,FM-16,,,0,BR:1 |BR |,3.219,16.1,97.0,6.2
bergstrom,USW00013904,2021-12-09T06:26:00+00:00,2021-12-09T00:26:00-06:00,2021-12-09T00:26:00,FM-16,,,0,BR:1 |BR |,1.609,16.1,97.0,5.1
bergstrom,USW00013904,2021-12-09T06:42:00+00:00,2021-12-09T00:42:00-06:00,2021-12-09T00:42:00,FM-16,,,0,BR:1 |BR s |,0.805,16.1,100.0,4.6
bergstrom,USW00013904,2021-12-09T06:53:00+00:00,2021-12-09T00:53:00-06:00,2021-12-09T00:53:00,FM-15,0.0,0.0,0,BR:1 |BR s |,0.805,16.1,100.0,4.1
bergstrom,USW00013904,2021-12-09T07:06:00+00:00,2021-12-09T01:06:00-06:00,2021-12-09T01:06:00,FM-16,,,0,FG:2 |FG |,0.402,16.1,100.0,4.6
bergstrom,USW00013904,2021-12-09T07:21:00+00:00,2021-12-09T01:21:00-06:00,2021-12-09T01:21:00,FM-16,,,0,BR:1 |BR s |,0.805,16.7,96.0,4.1
bergstrom,USW00013904,2021-12-09T07:53:00+00:00,2021-12-09T01:53:00-06:00,2021-12-09T01:53:00,FM-15,0.0,0.0,0,BR:1 |BR s |,0.805,16.7,96.0,2.6
bergstrom,USW00013904,2021-12-09T08:05:00+00:00,2021-12-09T02:05:00-06:00,2021-12-09T02:05:00,FM-16,,,0,BR:1 |BR |,4.828,16.7,96.0,4.6
bergstrom,USW00013904,2021-12-09T08:51:00+00:00,2021-12-09T02:51:00-06:00,2021-12-09T02:51:00,FM-16,,,0,BR:1 |BR |,4.828,17.0,94.0,2.6
bergstrom,USW00013904,2021-12-09T08:53:00+00:00,2021-12-09T02:53:00-06:00,2021-12-09T02:53:00,FM-15,0.0,0.0,0,BR:1 |BR |,4.828,16.7,93.0,3.6
bergstrom,USW00013904,2021-12-09T09:53:00+00:00,2021-12-09T03:53:00-06:00,2021-12-09T03:53:00,FM-15,0.0,0.0,0,BR:1 |BR |,4.828,16.7,93.0,3.6
bergstrom,USW00013904,2021-12-09T10:34:00+00:00,2021-12-09T04:34:00-06:00,2021-12-09T04:34:00,FM-16,,,0,BR:1 |BR |,4.828,16.7,93.0,3.1
bergstrom,USW00013904,2021-12-09T10:53:00+00:00,2021-12-09T04:53:00-06:00,2021-12-09T04:53:00,FM-15,0.0,0.0,0,BR:1 |BR |,2.012,16.7,96.0,3.6
bergstrom,USW00013904,2021-12-09T11:23:00+00:00,2021-12-09T05:23:00-06:00,2021-12-09T05:23:00,FM-16,,,0,BR:1 |BR |,1.207,16.7,96.0,2.1
bergstrom,USW00013904,2021-12-09T11:53:00+00:00,2021-12-09T05:53:00-06:00,2021-12-09T05:53:00,FM-15,0.0,0.0,0,BR:1 |BR s |,0.805,16.7,96.0,3.6
bergstrom,USW00013904,2021-12-09T12:17:00+00:00,2021-12-09T06:17:00-06:00,2021-12-09T06:17:00,FM-16,,,0,BR:1 |BR s |,0.402,16.7,100.0,2.6
bergstrom,USW00013904,2021-12-09T12:27:00+00:00,2021-12-09T06:27:00-06:00,2021-12-09T06:27:00,FM-16,,,0,BR:1 |BR s |,0.402,16.7,100.0,2.1
bergstrom,USW00013904,2021-12-09T12:53:00+00:00,2021-12-09T06:53:00-06:00,2021-12-09T06:53:00,FM-15,0.0,0.0,0,BR:1 |BR s |,0.402,16.7,100.0,2.6
bergstrom,USW00013904,2021-12-09T13:53:00+00:00,2021-12-09T07:53:00-06:00,2021-12-09T07:53:00,FM-15,0.0,0.0,0,BR:1 |BR s |,0.402,17.2,100.0,2.1
bergstrom,USW00013904,2021-12-09T14:53:00+00:00,2021-12-09T08:53:00-06:00,2021-12-09T08:53:00,FM-15,0.0,0.0,0,BR:1 |BR s |,0.402,17.8,100.0,3.6
bergstrom,USW00013904,2021-12-09T14:59:00+00:00,2021-12-09T08:59:00-06:00,2021-12-09T08:59:00,FM-16,,,0,BR:1 |BR s |,0.805,18.3,97.0,3.1
bergstrom,USW00013904,2021-12-09T15:19:00+00:00,2021-12-09T09:19:00-06:00,2021-12-09T09:19:00,FM-16,,,1,-RA:02 BR:1 |RA BR |RA,1.609,18.9,96.0,3.6
bergstrom,USW00013904,2021-12-09T15:44:00+00:00,2021-12-09T09:44:00-06:00,2021-12-09T09:44:00,FM-16,,,0,BR:1 |BR |,3.219,20.0,90.0,3.6
bergstrom,USW00013904,2021-12-09T15:53:00+00:00,2021-12-09T09:53:00-06:00,2021-12-09T09:53:00,FM-15,,T,1,BR:1 |BR |,3.219,20.0,93.0,4.1
bergstrom,USW00013904,2021-12-09T16:11:00+00:00,2021-12-09T10:11:00-06:00,2021-12-09T10:11:00,FM-16,,,0,BR:1 |BR |,9.656,21.1,87.0,4.6
bergstrom,USW00013904,2021-12-09T16:51:00+00:00,2021-12-09T10:51:00-06:00,2021-12-09T10:51:00,FM-16,,,0,BR:1 |BR |,9.656,23.0,78.0,7.2
bergstrom,USW00013904,2021-12-09T16:53:00+00:00,2021-12-09T10:53:00-06:00,2021-12-09T10:53:00,FM-15,0.0,0.0,0,,12.875,22.8,79.0,7.2
bergstrom,USW00013904,2021-12-09T17:51:00+00:00,2021-12-09T11:51:00-06:00,2021-12-09T11:51:00,FM-16,,,0,,16.093,23.0,78.0,4.6
bergstrom,USW00013904,2021-12-09T17:53:00+00:00,2021-12-09T11:53:00-06:00,2021-12-09T11:53:00,FM-15,0.0,0.0,0,,16.093,23.9,76.0,6.7
bergstrom,USW00013904,2021-12-09T18:53:00+00:00,2021-12-09T12:53:00-06:00,2021-12-09T12:53:00,FM-15,0.0,0.0,0,,16.093,23.9,76.0,5.1
bergstrom,USW00013904,2021-12-09T19:53:00+00:00,2021-12-09T13:53:00-06:00,2021-12-09T13:53:00,FM-15,0.0,0.0,0,,16.093,24.4,74.0,5.1
bergstrom,USW00013904,2021-12-09T20:34:00+00:00,2021-12-09T14:34:00-06:00,2021-12-09T14:34:00,FM-16,,,0,,16.093,25.6,69.0,5.7
bergstrom,USW00013904,2021-12-09T20:53:00+00:00,2021-12-09T14:53:00-06:00,2021-12-09T14:53:00,FM-15,0.0,0.0,0,,16.093,26.1,67.0,6.7
bergstrom,USW00013904,2021-12-09T21:53:00+00:00,2021-12-09T15:53:00-06:00,2021-12-09T15:53:00,FM-15,0.0,0.0,0,,16.093,25.0,69.0,5.7
bergstrom,USW00013904,2021-12-09T22:53:00+00:00,2021-12-09T16:53:00-06:00,2021-12-09T16:53:00,FM-15,0.0,0.0,0,,16.093,24.4,69.0,4.6
bergstrom,USW00013904,2021-12-09T23:53:00+00:00,2021-12-09T17:53:00-06:00,2021-12-09T17:53:00,FM-15,0.0,0.0,0,,16.093,21.1,79.0,1.5
bergstrom,USW00013904,2021-12-10T00:53:00+00:00,2021-12-09T18:53:00-06:00,2021-12-09T18:53:00,FM-15,0.0,0.0,0,,16.093,17.2,90.0,1.5
bergstrom,USW00013904,2021-12-10T01:53:00+00:00,2021-12-09T19:53:00-06:00,2021-12-09T19:53:00,FM-15,0.0,0.0,0,BR:1 |BR |,9.656,15.6,100.0,0.0
bergstrom,USW00013904,2021-12-10T02:53:00+00:00,2021-12-09T20:53:00-06:00,2021-12-09T20:53:00,FM-15,0.0,0.0,0,,11.265,16.1,97.0,0.0
bergstrom,USW00013904,2021-12-10T03:42:00+00:00,2021-12-09T21:42:00-06:00,2021-12-09T21:42:00,FM-16,,,0,BR:1 |BR |,9.656,16.7,96.0,0.0
bergstrom,USW00013904,2021-12-10T03:51:00+00:00,2021-12-09T21:51:00-06:00,2021-12-09T21:51:00,FM-16,,,0,BR:1 |BR |,9.656,17.0,94.0,1.5
bergstrom,USW00013904,2021-12-10T03:53:00+00:00,2021-12-09T21:53:00-06:00,2021-12-09T21:53:00,FM-15,0.0,0.0,0,BR:1 |BR |,9.656,17.8,93.0,2.6
bergstrom,USW00013904,2021-12-10T04:17:00+00:00,2021-12-09T22:17:00-06:00,2021-12-09T22:17:00,FM-16,,,0,BR:1 |BR |,6.437,21.1,100.0,5.1
bergstrom,USW00013904,2021-12-10T04:51:00+00:00,2021-12-09T22:51:00-06:00,2021-12-09T22:51:00,FM-16,,,0,BR:1 |BR |,4.023,21.0,100.0,3.1
bergstrom,USW00013904,2021-12-10T04:53:00+00:00,2021-12-09T22:53:00-06:00,2021-12-09T22:53:00,FM-15,0.0,0.0,0,BR:1 |BR |,4.023,21.1,100.0,3.1
bergstrom,USW00013904,2021-12-10T05:51:00+00:00,2021-12-09T23:51:00-06:00,2021-12-09T23:51:00,FM-16,,,0,BR:1 |BR |,4.828,22.0,100.0,4.6
bergstrom,USW00013904,2021-12-10T05:53:00+00:00,2021-12-09T23:53:00-06:00,2021-12-09T23:53:00,FM-15,0.0,0.0,0,BR:1 |BR |,4.828,22.2,97.0,4.1
bergstrom,USW00013904,2021-12-10T06:07:00+00:00,2021-12-10T00:07:00-06:00,2021-12-10T00:07:00,FM-16,,,0,BR:1 |BR |,4.828,22.2,94.0,4.1
bergstrom,USW00013904,2021-12-10T06:53:00+00:00,2021-12-10T00:53:00-06:00,2021-12-10T00:53:00,FM-15,0.0,0.0,0,BR:1 |BR |,9.656,22.2,94.0,3.6
bergstrom,USW00013904,2021-12-10T07:53:00+00:00,2021-12-10T01:53:00-06:00,2021-12-10T01:53:00,FM-15,0.0,0.0,0,BR:1 |BR |,9.656,22.2,94.0,6.2
bergstrom,USW00013904,2021-12-10T08:53:00+00:00,2021-12-10T02:53:00-06:00,2021-12-10T02:53:00,FM-15,,T,1,-DZ:01 BR:1 |DZ BR |DZ,4.828,22.2,97.0,4.1
bergstrom,USW00013904,2021-12-10T09:25:00+00:00,2021-12-10T03:25:00-06:00,2021-12-10T03:25:00,FM-16,,,1,-RA:02 BR:1 |RA BR |RA,4.023,22.2,97.0,5.1
bergstrom,USW00013904,2021-12-10T09:53:00+00:00,2021-12-10T03:53:00-06:00,2021-12-10T03:53:00,FM-15,,T,1,-DZ:01 BR:1 |DZ BR |DZ,4.828,22.2,97.0,4.6
bergstrom,USW00013904,2021-12-10T10:53:00+00:00,2021-12-10T04:53:00-06:00,2021-12-10T04:53:00,FM-15,,T,1,BR:1 |BR |,6.437,22.2,94.0,4.6
bergstrom,USW00013904,2021-12-10T11:19:00+00:00,2021-12-10T05:19:00-06:00,2021-12-10T05:19:00,FM-16,,,0,BR:1 |BR |,8.047,22.2,94.0,5.1
bergstrom,USW00013904,2021-12-10T11:53:00+00:00,2021-12-10T05:53:00-06:00,2021-12-10T05:53:00,FM-15,0.0,0.0,0,BR:1 |BR |,8.047,22.2,94.0,4.6
bergstrom,USW00013904,2021-12-10T12:53:00+00:00,2021-12-10T06:53:00-06:00,2021-12-10T06:53:00,FM-15,0.0,0.0,0,BR:1 |BR |,9.656,22.2,91.0,4.1
bergstrom,USW00013904,2021-12-10T13:40:00+00:00,2021-12-10T07:40:00-06:00,2021-12-10T07:40:00,FM-16,,,0,BR:1 |BR |,9.656,21.7,94.0,3.6
bergstrom,USW00013904,2021-12-10T13:51:00+00:00,2021-12-10T07:51:00-06:00,2021-12-10T07:51:00,FM-16,,,0,,11.265,22.0,94.0,4.1
bergstrom,USW00013904,2021-12-10T13:53:00+00:00,2021-12-10T07:53:00-06:00,2021-12-10T07:53:00,FM-15,0.0,0.0,0,,11.265,21.7,94.0,4.1
bergstrom,USW00013904,2021-12-10T14:19:00+00:00,2021-12-10T08:19:00-06:00,2021-12-10T08:19:00,FM-16,,,0,BR:1 |BR |,9.656,22.2,94.0,4.6
bergstrom,USW00013904,2021-12-10T14:51:00+00:00,2021-12-10T08:51:00-06:00,2021-12-10T08:51:00,FM-16,,,0,BR:1 |BR |,9.656,23.0,89.0,4.6
bergstrom,USW00013904,2021-12-10T14:53:00+00:00,2021-12-10T08:53:00-06:00,2021-12-10T08:53:00,FM-15,0.0,0.0,0,BR:1 |BR |,9.656,22.8,90.0,5.1
bergstrom,USW00013904,2021-12-10T15:38:00+00:00,2021-12-10T09:38:00-06:00,2021-12-10T09:38:00,FM-16,,,0,,16.093,23.3,88.0,7.7
bergstrom,USW00013904,2021-12-10T15:53:00+00:00,2021-12-10T09:53:00-06:00,2021-12-10T09:53:00,FM-15,0.0,0.0,0,,16.093,23.3,88.0,4.1
bergstrom,USW00013904,2021-12-10T16:30:00+00:00,2021-12-10T10:30:00-06:00,2021-12-10T10:30:00,FM-16,,,0,,16.093,24.4,82.0,7.2
bergstrom,USW00013904,2021-12-10T16:53:00+00:00,2021-12-10T10:53:00-06:00,2021-12-10T10:53:00,FM-15,0.0,0.0,0,,16.093,24.4,79.0,5.1
bergstrom,USW00013904,2021-12-10T17:53:00+00:00,2021-12-10T11:53:00-06:00,2021-12-10T11:53:00,FM-15,0.0,0.0,0,,16.093,26.7,67.0,6.2
bergstrom,USW00013904,2021-12-10T18:10:00+00:00,2021-12-10T12:10:00-06:00,2021-12-10T12:10:00,FM-16,,,0,,16.093,26.7,64.0,6.2
bergstrom,USW00013904,2021-12-10T18:53:00+00:00,2021-12-10T12:53:00-06:00,2021-12-10T12:53:00,FM-15,0.0,0.0,0,,16.093,28.3,57.0,7.7
bergstrom,USW00013904,2021-12-10T19:53:00+00:00,2021-12-10T13:53:00-06:00,2021-12-10T13:53:00,FM-15,0.0,0.0,0,,16.093,28.9,55.0,7.2
bergstrom,USW00013904,2021-12-10T20:53:00+00:00,2021-12-10T14:53:00-06:00,2021-12-10T14:53:00,FM-15,0.0,0.0,0,,16.093,29.4,53.0,7.2
bergstrom,USW00013904,2021-12-10T21:53:00+00:00,2021-12-10T15:53:00-06:00,2021-12-10T15:53:00,FM-15,0.0,0.0,0,,16.093,29.4,53.0,4.6
bergstrom,USW00013904,2021-12-10T22:53:00+00:00,2021-12-10T16:53:00-06:00,2021-12-10T16:53:00,FM-15,0.0,0.0,0,,16.093,28.3,57.0,4.6
bergstrom,USW00013904,2021-12-10T23:53:00+00:00,2021-12-10T17:53:00-06:00,2021-12-10T17:53:00,FM-15,0.0,0.0,0,,16.093,23.3,74.0,2.1
bergstrom,USW00013904,2021-12-11T00:53:00+00:00,2021-12-10T18:53:00-06:00,2021-12-10T18:53:00,FM-15,0.0,0.0,0,,16.093,21.7,79.0,3.1
bergstrom,USW00013904,2021-12-11T01:53:00+00:00,2021-12-10T19:53:00-06:00,2021-12-10T19:53:00,FM-15,0.0,0.0,0,,16.093,22.2,82.0,3.6
bergstrom,USW00013904,2021-12-11T02:53:00+00:00,2021-12-10T20:53:00-06:00,2021-12-10T20:53:00,FM-15,0.0,0.0,0,,16.093,20.0,93.0,0.0
bergstrom,USW00013904,2021-12-11T03:53:00+00:00,2021-12-10T21:53:00-06:00,2021-12-10T21:53:00,FM-15,0.0,0.0,0,,16.093,21.1,93.0,2.6
bergstrom,USW00013904,2021-12-11T04:23:00+00:00,2021-12-10T22:23:00-06:00,2021-12-10T22:23:00,FM-16,,,0,,16.093,21.7,96.0,2.1
bergstrom,USW00013904,2021-12-11T04:51:00+00:00,2021-12-10T22:51:00-06:00,2021-12-10T22:51:00,FM-16,,,0,,14.484,22.0,94.0,3.1
bergstrom,USW00013904,2021-12-11T04:53:00+00:00,2021-12-10T22:53:00-06:00,2021-12-10T22:53:00,FM-15,0.0,0.0,0,,14.484,21.7,96.0,3.1
bergstrom,USW00013904,2021-12-11T05:53:00+00:00,2021-12-10T23:53:00-06:00,2021-12-10T23:53:00,FM-15,0.0,0.0,0,,16.093,23.3,88.0,2.1
bergstrom,USW00013904,2021-12-11T06:46:00+00:00,2021-12-11T00:46:00-06:00,2021-12-11T00:46:00,FM-16,,,0,,16.093,22.2,87.0,2.1
bergstrom,USW00013904,2021-12-11T06:53:00+00:00,2021-12-11T00:53:00-06:00,2021-12-11T00:53:00,FM-15,0.0,0.0,0,,16.093,22.2,84.0,2.6
bergstrom,USW00013904,2021-12-11T07:23:00+00:00,2021-12-11T01:23:00-06:00,2021-12-11T01:23:00,FM-16,,,0,,16.093,22.2,66.0,3.1
bergstrom,USW00013904,2021-12-11T07:53:00+00:00,2021-12-11T01:53:00-06:00,2021-12-11T01:53:00,FM-15,0.0,0.0,0,,16.093,22.2,61.0,2.1
bergstrom,USW00013904,2021-12-11T08:53:00+00:00,2021-12-11T02:53:00-06:00,2021-12-11T02:53:00,FM-15,0.0,0.0,0,,16.093,22.8,41.0,4.1
bergstrom,USW00013904,2021-12-11T09:53:00+00:00,2021-12-11T03:53:00-06:00,2021-12-11T03:53:00,FM-15,0.0,0.0,0,,16.093,21.7,44.0,7.2
bergstrom,USW00013904,2021-12-11T10:53:00+00:00,2021-12-11T04:53:00-06:00,2021-12-11T04:53:00,FM-15,0.0,0.0,0,,16.093,18.9,33.0,12.9
bergstrom,USW00013904,2021-12-11T11:53:00+00:00,2021-12-11T05:53:00-06:00,2021-12-11T05:53:00,FM-15,0.0,0.0,0,,16.093,13.3,36.0,12.4
bergstrom,USW00013904,2021-12-11T12:53:00+00:00,2021-12-11T06:53:00-06:00,2021-12-11T06:53:00,FM-15,0.0,0.0,0,,16.093,11.7,37.0,7.7
bergstrom,USW00013904,2021-12-11T13:53:00+00:00,2021-12-11T07:53:00-06:00,2021-12-11T07:53:00,FM-15,0.0,0.0,0,,16.093,11.1,35.0,12.9
bergstrom,USW00013904,2021-12-11T14:53:00+00:00,2021-12-11T08:53:00-06:00,2021-12-11T08:53:00,FM-15,,T,1,-RA:02 |RA |RA,16.093,11.1,32.0,11.3
bergstrom,USW00013904,2021-12-11T15:53:00+00:00,2021-12-11T09:53:00-06:00,2021-12-11T09:53:00,FM-15,,T,1,-RA:02 |RA |RA,16.093,11.1,31.0,11.3
bergstrom,USW00013904,2021-12-11T16:53:00+00:00,2021-12-11T10:53:00-06:00,2021-12-11T10:53:00,FM-15,,T,1,,16.093,11.7,31.0,9.3
bergstrom,USW00013904,2021-12-11T17:53:00+00:00,2021-12-11T11:53:00-06:00,2021-12-11T11:53:00,FM-15,0.0,0.0,0,,16.093,12.8,28.0,9.8
bergstrom,USW00013904,2021-12-11T18:53:00+00:00,2021-12-11T12:53:00-06:00,2021-12-11T12:53:00,FM-15,0.0,0.0,0,,16.093,13.3,26.0,11.3
bergstrom,USW00013904,2021-12-11T19:53:00+00:00,2021-12-11T13:53:00-06:00,2021-12-11T13:53:00,FM-15,0.0,0.0,0,,16.093,13.3,27.0,9.3
bergstrom,USW00013904,2021-12-11T20:53:00+00:00,2021-12-11T14:53:00-06:00,2021-12-11T14:53:00,FM-15,0.0,0.0,0,,16.093,13.3,26.0,10.3
bergstrom,USW00013904,2021-12-11T21:53:00+00:00,2021-12-11T15:53:00-06:00,2021-12-11T15:53:00,FM-15,0.0,0.0,0,,16.093,12.2,28.0,8.8
bergstrom,USW00013904,2021-12-11T22:53:00+00:00,2021-12-11T16:53:00-06:00,2021-12-11T16:53:00,FM-15,0.0,0.0,0,,16.093,11.7,30.0,7.2
bergstrom,USW00013904,2021-12-11T23:53:00+00:00,2021-12-11T17:53:00-06:00,2021-12-11T17:53:00,FM-15,0.0,0.0,0,,16.093,10.6,35.0,3.6
bergstrom,USW00013904,2021-12-12T00:53:00+00:00,2021-12-11T18:53:00-06:00,2021-12-11T18:53:00,FM-15,0.0,0.0,0,,16.093,9.4,41.0,3.6
bergstrom,USW00013904,2021-12-12T01:53:00+00:00,2021-12-11T19:53:00-06:00,2021-12-11T19:53:00,FM-15,0.0,0.0,0,,16.093,7.8,47.0,2.1
bergstrom,USW00013904,2021-12-12T02:53:00+00:00,2021-12-11T20:53:00-06:00,2021-12-11T20:53:00,FM-15,0.0,0.0,0,,16.093,5.6,62.0,2.1
bergstrom,USW00013904,2021-12-12T03:53:00+00:00,2021-12-11T21:53:00-06:00,2021-12-11T21:53:00,FM-15,0.0,0.0,0,,16.093,5.6,68.0,1.5
bergstrom,USW00013904,2021-12-12T04:53:00+00:00,2021-12-11T22:53:00-06:00,2021-12-11T22:53:00,FM-15,0.0,0.0,0,,16.093,2.8,79.0,1.5
bergstrom,USW00013904,2021-12-12T05:53:00+00:00,2021-12-11T23:53:00-06:00,2021-12-11T23:53:00,FM-15,0.0,0.0,0,,16.093,1.1,82.0,1.5
bergstrom,USW00013904,2021-12-12T06:53:00+00:00,2021-12-12T00:53:00-06:00,2021-12-12T00:53:00,FM-15,0.0,0.0,0,,16.093,-0.6,85.0,1.5
bergstrom,USW00013904,2021-12-12T07:53:00+00:00,2021-12-12T01:53:00-06:00,2021-12-12T01:53:00,FM-15,0.0,0.0,0,,16.093,-1.1,96.0,1.5
bergstrom,USW00013904,2021-12-12T08:53:00+00:00,2021-12-12T02:53:00-06:00,2021-12-12T02:53:00,FM-15,0.0,0.0,0,,16.093,-1.7,89.0,0.0
bergstrom,USW00013904,2021-12-12T09:53:00+00:00,2021-12-12T03:53:00-06:00,2021-12-12T03:53:00,FM-15,0.0,0.0,0,,16.093,-2.2,92.0,0.0
bergstrom,USW00013904,2021-12-12T10:53:00+00:00,2021-12-12T04:53:00-06:00,2021-12-12T04:53:00,FM-15,0.0,0.0,0,,12.875,-1.7,92.0,0.0
bergstrom,USW00013904,2021-12-12T11:53:00+00:00,2021-12-12T05:53:00-06:00,2021-12-12T05:53:00,FM-15,0.0,0.0,0,,16.093,-1.7,92.0,0.0
bergstrom,USW00013904,2021-12-12T12:53:00+00:00,2021-12-12T06:53:00-06:00,2021-12-12T06:53:00,FM-15,0.0,0.0,0,,16.093,-2.2,92.0,0.0
bergstrom,USW00013904,2021-12-12T13:53:00+00:00,2021-12-12T07:53:00-06:00,2021-12-12T07:53:00,FM-15,0.0,0.0,0,,16.093,-1.1,92.0,0.0
bergstrom,USW00013904,2021-12-12T14:53:00+00:00,2021-12-12T08:53:00-06:00,2021-12-12T08:53:00,FM-15,0.0,0.0,0,,16.093,5.6,68.0,0.0
bergstrom,USW00013904,2021-12-12T15:53:00+00:00,2021-12-12T09:53:00-06:00,2021-12-12T09:53:00,FM-15,0.0,0.0,0,,16.093,8.3,54.0,2.6
bergstrom,USW00013904,2021-12-12T16:53:00+00:00,2021-12-12T10:53:00-06:00,2021-12-12T10:53:00,FM-15,0.0,0.0,0,,16.093,10.0,43.0,3.1
bergstrom,USW00013904,2021-12-12T17:53:00+00:00,2021-12-12T11:53:00-06:00,2021-12-12T11:53:00,FM-15,0.0,0.0,0,,16.093,11.7,38.0,2.6
bergstrom,USW00013904,2021-12-12T18:53:00+00:00,2021-12-12T12:53:00-06:00,2021-12-12T12:53:00,FM-15,0.0,0.0,0,,16.093,13.3,34.0,0.0
bergstrom,USW00013904,2021-12-12T19:53:00+00:00,2021-12-12T13:53:00-06:00,2021-12-12T13:53:00,FM-15,0.0,0.0,0,,16.093,15.0,32.0,2.1
bergstrom,USW00013904,2021-12-12T20:53:00+00:00,2021-12-12T14:53:00-06:00,2021-12-12T14:53:00,FM-15,0.0,0.0,0,,16.093,15.6,30.0,0.0
bergstrom,USW00013904,2021-12-12T21:53:00+00:00,2021-12-12T15:53:00-06:00,2021-12-12T15:53:00,FM-15,0.0,0.0,0,,16.093,16.1,29.0,2.6
bergstrom,USW00013904,2021-12-12T22:53:00+00:00,2021-12-12T16:53:00-06:00,2021-12-12T16:53:00,FM-15,0.0,0.0,0,,16.093,15.6,31.0,2.6
bergstrom,USW00013904,2021-12-12T23:53:00+00:00,2021-12-12T17:53:00-06:00,2021-12-12T17:53:00,FM-15,0.0,0.0,0,,16.093,11.7,43.0,2.1
bergstrom,USW00013904,2021-12-13T00:53:00+00:00,2021-12-12T18:53:00-06:00,2021-12-12T18:53:00,FM-15,0.0,0.0,0,,16.093,8.9,56.0,0.0
bergstrom,USW00013904,2021-12-13T01:53:00+00:00,2021-12-12T19:53:00-06:00,2021-12-12T19:53:00,FM-15,0.0,0.0,0,,16.093,8.9,54.0,0.0
bergstrom,USW00013904,2021-12-13T02:53:00+00:00,2021-12-12T20:53:00-06:00,2021-12-12T20:53:00,FM-15,0.0,0.0,0,,16.093,5.6,73.0,0.0
bergstrom,USW00013904,2021-12-13T03:53:00+00:00,2021-12-12T21:53:00-06:00,2021-12-12T21:53:00,FM-15,0.0,0.0,0,,16.093,5.0,76.0,1.5
bergstrom,USW00013904,2021-12-13T04:53:00+00:00,2021-12-12T22:53:00-06:00,2021-12-12T22:53:00,FM-15,0.0,0.0,0,,16.093,5.6,73.0,1.5
bergstrom,USW00013904,2021-12-13T05:53:00+00:00,2021-12-12T23:53:00-06:00,2021-12-12T23:53:00,FM-15,0.0,0.0,0,,16.093,5.0,76.0,0.0
bergstrom,USW00013904,2021-12-13T06:53:00+00:00,2021-12-13T00:53:00-06:00,2021-12-13T00:53:00,FM-15,0.0,0.0,0,,16.093,4.4,83.0,0.0
bergstrom,USW00013904,2021-12-13T07:53:00+00:00,2021-12-13T01:53:00-06:00,2021-12-13T01:53:00,FM-15,0.0,0.0,0,,16.093,4.4,86.0,0.0
bergstrom,USW00013904,2021-12-13T08:53:00+00:00,2021-12-13T02:53:00-06:00,2021-12-13T02:53:00,FM-15,0.0,0.0,0,,16.093,3.9,86.0,0.0
bergstrom,USW00013904,2021-12-13T09:53:00+00:00,2021-12-13T03:53:00-06:00,2021-12-13T03:53:00,FM-15,0.0,0.0,0,,16.093,4.4,89.0,0.0
bergstrom,USW00013904,2021-12-13T10:53:00+00:00,2021-12-13T04:53:00-06:00,2021-12-13T04:53:00,FM-15,0.0,0.0,0,,16.093,4.4,86.0,0.0
bergstrom,USW00013904,2021-12-13T11:53:00+00:00,2021-12-13T05:53:00-06:00,2021-12-13T05:53:00,FM-15,0.0,0.0,0,,16.093,3.9,93.0,0.0
bergstrom,USW00013904,2021-12-13T12:51:00+00:00,2021-12-13T06:51:00-06:00,2021-12-13T06:51:00,FM-16,,,0,,16.093,7.0,81.0,0.0
bergstrom,USW00013904,2021-12-13T12:53:00+00:00,2021-12-13T06:53:00-06:00,2021-12-13T06:53:00,FM-15,0.0,0.0,0,,16.093,7.2,83.0,0.0
bergstrom,USW00013904,2021-12-13T13:53:00+00:00,2021-12-13T07:53:00-06:00,2021-12-13T07:53:00,FM-15,0.0,0.0,0,,16.093,8.9,71.0,0.0
bergstrom,USW00013904,2021-12-13T14:53:00+00:00,2021-12-13T08:53:00-06:00,2021-12-13T08:53:00,FM-15,0.0,0.0,0,,16.093,10.0,63.0,0.0
bergstrom,USW00013904,2021-12-13T15:53:00+00:00,2021-12-13T09:53:00-06:00,2021-12-13T09:53:00,FM-15,0.0,0.0,0,,16.093,12.2,57.0,0.0
bergstrom,USW00013904,2021-12-13T16:53:00+00:00,2021-12-13T10:53:00-06:00,2021-12-13T10:53:00,FM-15,0.0,0.0,0,,16.093,15.0,58.0,2.1
bergstrom,USW00013904,2021-12-13T17:53:00+00:00,2021-12-13T11:53:00-06:00,2021-12-13T11:53:00,FM-15,0.0,0.0,0,,16.093,16.1,52.0,2.1
bergstrom,USW00013904,2021-12-13T18:08:00+00:00,2021-12-13T12:08:00-06:00,2021-12-13T12:08:00,FM-16,,,0,,16.093,16.7,52.0,2.6
bergstrom,USW00013904,2021-12-13T18:53:00+00:00,2021-12-13T12:53:00-06:00,2021-12-13T12:53:00,FM-15,0.0,0.0,0,,16.093,16.7,52.0,1.5
bergstrom,USW00013904,2021-12-13T19:53:00+00:00,2021-12-13T13:53:00-06:00,2021-12-13T13:53:00,FM-15,0.0,0.0,0,,16.093,17.2,50.0,1.5
bergstrom,USW00013904,2021-12-13T20:53:00+00:00,2021-12-13T14:53:00-06:00,2021-12-13T14:53:00,FM-15,0.0,0.0,0,,16.093,17.2,52.0,1.5
bergstrom,USW00013904,2021-12-13T21:53:00+00:00,2021-12-13T15:53:00-06:00,2021-12-13T15:53:00,FM-15,0.0,0.0,0,,16.093,17.8,56.0,2.1
bergstrom,USW00013904,2021-12-13T22:53:00+00:00,2021-12-13T16:53:00-06:00,2021-12-13T16:53:00,FM-15,0.0,0.0,0,,16.093,16.7,67.0,2.1
bergstrom,USW00013904,2021-12-13T23:37:00+00:00,2021-12-13T17:37:00-06:00,2021-12-13T17:37:00,FM-16,,,0,,16.093,16.1,78.0,3.6
bergstrom,USW00013904,2021-12-13T23:53:00+00:00,2021-12-13T17:53:00-06:00,2021-12-13T17:53:00,FM-15,0.0,0.0,0,,16.093,15.0,90.0,3.6
bergstrom,USW00013904,2021-12-14T00:53:00+00:00,2021-12-13T18:53:00-06:00,2021-12-13T18:53:00,FM-15,0.0,0.0,0,,16.093,14.4,90.0,1.5
bergstrom,USW00013904,2021-12-14T01:26:00+00:00,2021-12-13T19:26:00-06:00,2021-12-13T19:26:00,FM-16,,,0,,14.484,14.4,90.0,2.1
bergstrom,USW00013904,2021-12-14T01:53:00+00:00,2021-12-13T19:53:00-06:00,2021-12-13T19:53:00,FM-15,,T,1,-DZ:01 BR:1 |DZ BR |DZ,4.828,14.4,93.0,1.5
bergstrom,USW00013904,2021-12-14T02:15:00+00:00,2021-12-13T20:15:00-06:00,2021-12-13T20:15:00,FM-16,,,1,-DZ:01 BR:1 |DZ BR |DZ,1.609,14.4,97.0,0.0
bergstrom,USW00013904,2021-12-14T02:22:00+00:00,2021-12-13T20:22:00-06:00,2021-12-13T20:22:00,FM-16,,,1,-DZ:01 BR:1 |DZ s BR s |DZ s,0.805,14.4,97.0,0.0
bergstrom,USW00013904,2021-12-14T02:53:00+00:00,2021-12-13T20:53:00-06:00,2021-12-13T20:53:00,FM-15,,T,1,-DZ:01 BR:1 |DZ s BR s |DZ s,0.402,13.9,100.0,0.0
bergstrom,USW00013904,2021-12-14T03:06:00+00:00,2021-12-13T21:06:00-06:00,2021-12-13T21:06:00,FM-16,,,1,-DZ:01 BR:1 |DZ s BR s |DZ s,0.805,13.9,100.0,0.0
bergstrom,USW00013904,2021-12-14T03:20:00+00:00,2021-12-13T21:20:00-06:00,2021-12-13T21:20:00,FM-16,,,1,-DZ:01 BR:1 |DZ s BR s |DZ s,0.805,13.9,100.0,0.0
bergstrom,USW00013904,2021-12-14T03:32:00+00:00,2021-12-13T21:32:00-06:00,2021-12-13T21:32:00,FM-16,,,1,-DZ:01 BR:1 |DZ s BR s |DZ s,0.805,13.9,100.0,0.0
bergstrom,USW00013904,2021-12-14T03:53:00+00:00,2021-12-13T21:53:00-06:00,2021-12-13T21:53:00,FM-15,,T,1,BR:1 |BR s |,0.805,13.9,100.0,0.0
bergstrom,USW00013904,2021-12-14T04:00:00+00:00,2021-12-13T22:00:00-06:00,2021-12-13T22:00:00,FM-16,,,0,BR:1 |BR s |,0.805,13.9,100.0,0.0
bergstrom,USW00013904,2021-12-14T04:11:00+00:00,2021-12-13T22:11:00-06:00,2021-12-13T22:11:00,FM-16,,,0,BR:1 |BR s |,0.805,14.4,100.0,0.0
bergstrom,USW00013904,2021-12-14T04:29:00+00:00,2021-12-13T22:29:00-06:00,2021-12-13T22:29:00,FM-16,,,0,BR:1 |BR s |,0.805,14.4,97.0,0.0
bergstrom,USW00013904,2021-12-14T04:53:00+00:00,2021-12-13T22:53:00-06:00,2021-12-13T22:53:00,FM-15,0.0,0.0,0,FG:2 |FG |,0.805,14.4,97.0,1.5
bergstrom,USW00013904,2021-12-14T05:53:00+00:00,2021-12-13T23:53:00-06:00,2021-12-13T23:53:00,FM-15,0.0,0.0,0,FG:2 |FG |,0.805,14.4,100.0,0.0
bergstrom,USW00013904,2021-12-14T06:53:00+00:00,2021-12-14T00:53:00-06:00,2021-12-14T00:53:00,FM-15,0.0,0.0,0,FG:2 |FG |,0.805,14.4,100.0,0.0
bergstrom,USW00013904,2021-12-14T07:11:00+00:00,2021-12-14T01:11:00-06:00,2021-12-14T01:11:00,FM-16,,,0,FG:2 |FG |,0.805,14.4,100.0,0.0
bergstrom,USW00013904,2021-12-14T07:37:00+00:00,2021-12-14T01:37:00-06:00,2021-12-14T01:37:00,FM-16,,,0,FG:2 |FG |,0.805,14.4,100.0,0.0
bergstrom,USW00013904,2021-12-14T07:53:00+00:00,2021-12-14T01:53:00-06:00,2021-12-14T01:53:00,FM-15,0.0,0.0,0,FG:2 |FG |,0.805,14.4,100.0,0.0
bergstrom,USW00013904,2021-12-14T08:53:00+00:00,2021-12-14T02:53:00-06:00,2021-12-14T02:53:00,FM-15,0.0,0.0,0,FG:2 |FG |,0.805,14.4,100.0,0.0
bergstrom,USW00013904,2021-12-14T09:46:00+00:00,2021-12-14T03:46:00-06:00,2021-12-14T03:46:00,FM-16,,,0,FG:2 |FG |,0.805,14.4,100.0,0.0
bergstrom,USW00013904,2021-12-14T09:53:00+00:00,2021-12-14T03:53:00-06:00,2021-12-14T03:53:00,FM-15,0.0,0.0,0,FG:2 |FG |,0.805,14.4,100.0,0.0
bergstrom,USW00013904,2021-12-14T10:01:00+00:00,2021-12-14T04:01:00-06:00,2021-12-14T04:01:00,FM-16,,,0,BR:1 |BR s |,0.805,14.4,100.0,0.0
bergstrom,USW00013904,2021-12-14T10:53:00+00:00,2021-12-14T04:53:00-06:00,2021-12-14T04:53:00,FM-15,0.0,0.0,0,FG:2 |FG |,0.805,14.4,100.0,0.0
bergstrom,USW00013904,2021-12-14T11:53:00+00:00,2021-12-14T05:53:00-06:00,2021-12-14T05:53:00,FM-15,0.0,0.0,0,FG:2 |FG |,0.805,15.0,96.0,0.0
bergstrom,USW00013904,2021-12-14T12:53:00+00:00,2021-12-14T06:53:00-06:00,2021-12-14T06:53:00,FM-15,,T,1,FG:2 |FG |,0.805,15.0,100.0,0.0
bergstrom,USW00013904,2021-12-14T13:53:00+00:00,2021-12-14T07:53:00-06:00,2021-12-14T07:53:00,FM-15,,T,1,FG:2 |FG |,0.805,15.0,100.0,0.0
bergstrom,USW00013904,2021-12-14T14:53:00+00:00,2021-12-14T08:53:00-06:00,2021-12-14T08:53:00,FM-15,0.0,0.0,0,FG:2 |FG |,0.805,15.6,100.0,0.0
bergstrom,USW00013904,2021-12-14T15:53:00+00:00,2021-12-14T09:53:00-06:00,2021-12-14T09:53:00,FM-15,0.3,0.3,1,FG:2 |FG |,0.805,16.7,96.0,0.0
bergstrom,USW00013904,2021-12-14T16:22:00+00:00,2021-12-14T10:22:00-06:00,2021-12-14T10:22:00,FM-16,,,0,FG:2 |FG |,0.805,17.2,97.0,0.0
bergstrom,USW00013904,2021-12-14T16:32:00+00:00,2021-12-14T10:32:00-06:00,2021-12-14T10:32:00,FM-16,,,0,FG:2 |FG |,0.805,17.2,100.0,0.0
bergstrom,USW00013904,2021-12-14T16:48:00+00:00,2021-12-14T10:48:00-06:00,2021-12-14T10:48:00,FM-16,,,0,FG:2 |FG |,0.805,17.0,100.0,0.0
bergstrom,USW00013904,2021-12-14T16:53:00+00:00,2021-12-14T10:53:00-06:00,2021-12-14T10:53:00,FM-15,0.0,0.0,0,FG:2 |FG |,0.805,17.2,100.0,0.0
bergstrom,USW00013904,2021-12-14T17:34:00+00:00,2021-12-14T11:34:00-06:00,2021-12-14T11:34:00,FM-16,,,0,FG:2 |FG |,0.805,17.8,100.0,0.0
bergstrom,USW00013904,2021-12-14T17:53:00+00:00,2021-12-14T11:53:00-06:00,2021-12-14T11:53:00,FM-15,0.0,0.0,0,FG:2 |FG |,0.805,17.8,100.0,0.0
bergstrom,USW00013904,2021-12-14T18:45:00+00:00,2021-12-14T12:45:00-06:00,2021-12-14T12:45:00,FM-16,,,0,BR:1 |BR s |,0.805,20.0,96.0,0.0
bergstrom,USW00013904,2021-12-14T18:53:00+00:00,2021-12-14T12:53:00-06:00,2021-12-14T12:53:00,FM-15,0.0,0.0,0,BR:1 |BR s |,0.805,20.0,96.0,0.0
bergstrom,USW00013904,2021-12-14T18:56:00+00:00,2021-12-14T12:56:00-06:00,2021-12-14T12:56:00,FM-16,,,0,BR:1 |BR |,4.828,20.6,96.0,2.6
bergstrom,USW00013904,2021-12-14T19:53:00+00:00,2021-12-14T13:53:00-06:00,2021-12-14T13:53:00,FM-15,0.0,0.0,0,,14.484,22.8,84.0,4.6
bergstrom,USW00013904,2021-12-14T20:24:00+00:00,2021-12-14T14:24:00-06:00,2021-12-14T14:24:00,FM-16,,,0,,16.093,23.3,82.0,5.7
bergstrom,USW00013904,2021-12-14T20:53:00+00:00,2021-12-14T14:53:00-06:00,2021-12-14T14:53:00,FM-15,0.0,0.0,0,,16.093,23.3,79.0,5.1
bergstrom,USW00013904,2021-12-14T21:53:00+00:00,2021-12-14T15:53:00-06:00,2021-12-14T15:53:00,FM-15,0.0,0.0,0,,16.093,23.3,79.0,4.1
bergstrom,USW00013904,2021-12-14T22:45:00+00:00,2021-12-14T16:45:00-06:00,2021-12-14T16:45:00,FM-16,,,0,,16.093,22.2,84.0,2.1
bergstrom,USW00013904,2021-12-14T22:53:00+00:00,2021-12-14T16:53:00-06:00,2021-12-14T16:53:00,FM-15,0.0,0.0,0,,16.093,22.8,84.0,2.6
bergstrom,USW00013904,2021-12-14T23:39:00+00:00,2021-12-14T17:39:00-06:00,2021-12-14T17:39:00,FM-16,,,0,,16.093,22.2,84.0,0.0
bergstrom,USW00013904,2021-12-14T23:53:00+00:00,2021-12-14T17:53:00-06:00,2021-12-14T17:53:00,FM-15,0.0,0.0,0,,16.093,21.7,87.0,0.0
bergstrom,USW00013904,2021-12-15T00:53:00+00:00,2021-12-14T18:53:00-06:00,2021-12-14T18:53:00,FM-15,0.0,0.0,0,,16.093,21.1,90.0,0.0
bergstrom,USW00013904,2021-12-15T01:53:00+00:00,2021-12-14T19:53:00-06:00,2021-12-14T19:53:00,FM-15,0.0,0.0,0,,16.093,21.1,93.0,2.1
bergstrom,USW00013904,2021-12-15T02:53:00+00:00,2021-12-14T20:53:00-06:00,2021-12-14T20:53:00,FM-15,0.0,0.0,0,,16.093,21.1,93.0,3.6
bergstrom,USW00013904,2021-12-15T03:51:00+00:00,2021-12-14T21:51:00-06:00,2021-12-14T21:51:00,FM-16,,,0,,14.484,21.0,94.0,6.7
bergstrom,USW00013904,2021-12-15T03:53:00+00:00,2021-12-14T21:53:00-06:00,2021-12-14T21:53:00,FM-15,0.0,0.0,0,,14.484,21.1,93.0,6.2
bergstrom,USW00013904,2021-12-15T04:53:00+00:00,2021-12-14T22:53:00-06:00,2021-12-14T22:53:00,FM-15,0.0,0.0,0,,14.484,21.7,87.0,8.2
bergstrom,USW00013904,2021-12-15T05:53:00+00:00,2021-12-14T23:53:00-06:00,2021-12-14T23:53:00,FM-15,0.0,0.0,0,,14.484,21.7,87.0,7.2
bergstrom,USW00013904,2021-12-15T06:08:00+00:00,2021-12-15T00:08:00-06:00,2021-12-15T00:08:00,FM-16,,,0,,16.093,21.7,87.0,7.7
bergstrom,USW00013904,2021-12-15T06:53:00+00:00,2021-12-15T00:53:00-06:00,2021-12-15T00:53:00,FM-15,0.0,0.0,0,,16.093,21.1,90.0,5.7
bergstrom,USW00013904,2021-12-15T07:20:00+00:00,2021-12-15T01:20:00-06:00,2021-12-15T01:20:00,FM-16,,,0,,16.093,21.1,90.0,6.2
bergstrom,USW00013904,2021-12-15T07:53:00+00:00,2021-12-15T01:53:00-06:00,2021-12-15T01:53:00,FM-15,0.0,0.0,0,,16.093,20.6,93.0,5.1
bergstrom,USW00013904,2021-12-15T08:53:00+00:00,2021-12-15T02:53:00-06:00,2021-12-15T02:53:00,FM-15,0.0,0.0,0,,16.093,20.6,93.0,4.6
bergstrom,USW00013904,2021-12-15T09:51:00+00:00,2021-12-15T03:51:00-06:00,2021-12-15T03:51:00,FM-16,,,0,,16.093,21.0,88.0,2.6
bergstrom,USW00013904,2021-12-15T09:53:00+00:00,2021-12-15T03:53:00-06:00,2021-12-15T03:53:00,FM-15,0.0,0.0,0,,16.093,20.6,93.0,3.1
bergstrom,USW00013904,2021-12-15T10:53:00+00:00,2021-12-15T04:53:00-06:00,2021-12-15T04:53:00,FM-15,0.0,0.0,0,,16.093,20.6,93.0,3.1
bergstrom,USW00013904,2021-12-15T11:53:00+00:00,2021-12-15T05:53:00-06:00,2021-12-15T05:53:00,FM-15,0.0,0.0,0,,16.093,20.6,93.0,4.1
bergstrom,USW00013904,2021-12-15T12:24:00+00:00,2021-12-15T06:24:00-06:00,2021-12-15T06:24:00,FM-16,,,0,,16.093,20.6,90.0,4.1
bergstrom,USW00013904,2021-12-15T12:51:00+00:00,2021-12-15T06:51:00-06:00,2021-12-15T06:51:00,FM-16,,,0,,16.093,21.0,88.0,4.6
bergstrom,USW00013904,2021-12-15T12:53:00+00:00,2021-12-15T06:53:00-06:00,2021-12-15T06:53:00,FM-15,0.0,0.0,0,,16.093,20.6,90.0,4.6
bergstrom,USW00013904,2021-12-15T13:53:00+00:00,2021-12-15T07:53:00-06:00,2021-12-15T07:53:00,FM-15,0.0,0.0,0,,16.093,21.1,90.0,5.1
bergstrom,USW00013904,2021-12-15T14:51:00+00:00,2021-12-15T08:51:00-06:00,2021-12-15T08:51:00,FM-16,,,0,,16.093,22.0,88.0,5.7
bergstrom,USW00013904,2021-12-15T14:53:00+00:00,2021-12-15T08:53:00-06:00,2021-12-15T08:53:00,FM-15,0.0,0.0,0,,16.093,22.2,87.0,5.1
bergstrom,USW00013904,2021-12-15T15:42:00+00:00,2021-12-15T09:42:00-06:00,2021-12-15T09:42:00,FM-16,,,0,,16.093,23.3,82.0,6.7
bergstrom,USW00013904,2021-12-15T15:53:00+00:00,2021-12-15T09:53:00-06:00,2021-12-15T09:53:00,FM-15,,T,1,,16.093,23.9,79.0,7.7
bergstrom,USW00013904,2021-12-15T16:53:00+00:00,2021-12-15T10:53:00-06:00,2021-12-15T10:53:00,FM-15,0.0,0.0,0,,16.093,23.3,79.0,6.2
bergstrom,USW00013904,2021-12-15T17:53:00+00:00,2021-12-15T11:53:00-06:00,2021-12-15T11:53:00,FM-15,0.0,0.0,0,,16.093,25.6,69.0,9.3
bergstrom,USW00013904,2021-12-15T18:04:00+00:00,2021-12-15T12:04:00-06:00,2021-12-15T12:04:00,FM-16,,,0,,16.093,26.1,67.0,8.8
bergstrom,USW00013904,2021-12-15T18:53:00+00:00,2021-12-15T12:53:00-06:00,2021-12-15T12:53:00,FM-15,0.0,0.0,0,,16.093,25.6,67.0,8.8
bergstrom,USW00013904,2021-12-15T19:53:00+00:00,2021-12-15T13:53:00-06:00,2021-12-15T13:53:00,FM-15,0.0,0.0,0,,16.093,26.7,62.0,9.8
bergstrom,USW00013904,2021-12-15T20:53:00+00:00,2021-12-15T14:53:00-06:00,2021-12-15T14:53:00,FM-15,0.0,0.0,0,,16.093,26.1,65.0,11.3
bergstrom,USW00013904,2021-12-15T21:53:00+00:00,2021-12-15T15:53:00-06:00,2021-12-15T15:53:00,FM-15,0.0,0.0,0,,16.093,26.1,65.0,10.8
bergstrom,USW00013904,2021-12-15T22:53:00+00:00,2021-12-15T16:53:00-06:00,2021-12-15T16:53:00,FM-15,0.0,0.0,0,,16.093,25.6,69.0,6.2
bergstrom,USW00013904,2021-12-15T23:53:00+00:00,2021-12-15T17:53:00-06:00,2021-12-15T17:53:00,FM-15,0.0,0.0,0,,16.093,24.4,74.0,7.2
bergstrom,USW00013904,2021-12-16T00:53:00+00:00,2021-12-15T18:53:00-06:00,2021-12-15T18:53:00,FM-15,0.0,0.0,0,,16.093,23.3,79.0,5.7
bergstrom,USW00013904,2021-12-16T01:53:00+00:00,2021-12-15T19:53:00-06:00,2021-12-15T19:53:00,FM-15,0.0,0.0,0,,16.093,22.8,81.0,7.2
bergstrom,USW00013904,2021-12-16T02:33:00+00:00,2021-12-15T20:33:00-06:00,2021-12-15T20:33:00,FM-16,,,0,,16.093,22.2,84.0,4.1
bergstrom,USW00013904,2021-12-16T02:53:00+00:00,2021-12-15T20:53:00-06:00,2021-12-15T20:53:00,FM-15,0.0,0.0,0,,16.093,21.7,87.0,4.1
bergstrom,USW00013904,2021-12-16T03:02:00+00:00,2021-12-15T21:02:00-06:00,2021-12-15T21:02:00,FM-16,,,0,,16.093,21.7,87.0,3.6
bergstrom,USW00013904,2021-12-16T03:53:00+00:00,2021-12-15T21:53:00-06:00,2021-12-15T21:53:00,FM-15,0.0,0.0,0,,16.093,21.7,90.0,5.7
bergstrom,USW00013904,2021-12-16T04:53:00+00:00,2021-12-15T22:53:00-06:00,2021-12-15T22:53:00,FM-15,0.0,0.0,0,,16.093,22.2,87.0,6.2
bergstrom,USW00013904,2021-12-16T05:51:00+00:00,2021-12-15T23:51:00-06:00,2021-12-15T23:51:00,FM-16,,,0,,16.093,22.0,88.0,7.2
bergstrom,USW00013904,2021-12-16T05:53:00+00:00,2021-12-15T23:53:00-06:00,2021-12-15T23:53:00,FM-15,0.0,0.0,0,,16.093,21.7,90.0,7.2
bergstrom,USW00013904,2021-12-16T06:53:00+00:00,2021-12-16T00:53:00-06:00,2021-12-16T00:53:00,FM-15,0.0,0.0,0,,16.093,21.1,90.0,4.1
bergstrom,USW00013904,2021-12-16T07:27:00+00:00,2021-12-16T01:27:00-06:00,2021-12-16T01:27:00,FM-16,,,0,,16.093,21.7,90.0,5.1
bergstrom,USW00013904,2021-12-16T07:53:00+00:00,2021-12-16T01:53:00-06:00,2021-12-16T01:53:00,FM-15,0.0,0.0,0,,16.093,21.7,90.0,4.6
bergstrom,USW00013904,2021-12-16T08:18:00+00:00,2021-12-16T02:18:00-06:00,2021-12-16T02:18:00,FM-16,,,0,,16.093,21.7,87.0,5.1
bergstrom,USW00013904,2021-12-16T08:53:00+00:00,2021-12-16T02:53:00-06:00,2021-12-16T02:53:00,FM-15,0.0,0.0,0,,16.093,21.7,87.0,5.7
bergstrom,USW00013904,2021-12-16T09:22:00+00:00,2021-12-16T03:22:00-06:00,2021-12-16T03:22:00,FM-16,,,0,,16.093,22.2,84.0,5.1
bergstrom,USW00013904,2021-12-16T09:53:00+00:00,2021-12-16T03:53:00-06:00,2021-12-16T03:53:00,FM-15,0.0,0.0,0,,16.093,22.2,84.0,3.6
bergstrom,USW00013904,2021-12-16T10:53:00+00:00,2021-12-16T04:53:00-06:00,2021-12-16T04:53:00,FM-15,0.0,0.0,0,,16.093,22.2,87.0,2.6
bergstrom,USW00013904,2021-12-16T11:15:00+00:00,2021-12-16T05:15:00-06:00,2021-12-16T05:15:00,FM-16,,,0,,16.093,22.2,87.0,3.6
bergstrom,USW00013904,2021-12-16T11:53:00+00:00,2021-12-16T05:53:00-06:00,2021-12-16T05:53:00,FM-15,0.0,0.0,0,,16.093,22.2,84.0,4.1
bergstrom,USW00013904,2021-12-16T12:53:00+00:00,2021-12-16T06:53:00-06:00,2021-12-16T06:53:00,FM-15,0.0,0.0,0,,16.093,21.7,87.0,4.1
bergstrom,USW00013904,2021-12-16T13:32:00+00:00,2021-12-16T07:32:00-06:00,2021-12-16T07:32:00,FM-16,,,0,,16.093,21.7,90.0,3.1
bergstrom,USW00013904,2021-12-16T13:51:00+00:00,2021-12-16T07:51:00-06:00,2021-12-16T07:51:00,FM-16,,,0,,16.093,22.0,88.0,3.1
bergstrom,USW00013904,2021-12-16T13:53:00+00:00,2021-12-16T07:53:00-06:00,2021-12-16T07:53:00,FM-15,0.0,0.0,0,,16.093,21.7,90.0,3.1
bergstrom,USW00013904,2021-12-16T14:53:00+00:00,2021-12-16T08:53:00-06:00,2021-12-16T08:53:00,FM-15,0.0,0.0,0,,16.093,21.7,90.0,3.1
bergstrom,USW00013904,2021-12-16T15:41:00+00:00,2021-12-16T09:41:00-06:00,2021-12-16T09:41:00,FM-16,,,0,,16.093,22.8,84.0,4.1
bergstrom,USW00013904,2021-12-16T15:53:00+00:00,2021-12-16T09:53:00-06:00,2021-12-16T09:53:00,FM-15,0.0,0.0,0,,16.093,22.8,84.0,4.1
bergstrom,USW00013904,2021-12-16T16:53:00+00:00,2021-12-16T10:53:00-06:00,2021-12-16T10:53:00,FM-15,0.0,0.0,0,,16.093,23.3,79.0,6.2
bergstrom,USW00013904,2021-12-16T17:53:00+00:00,2021-12-16T11:53:00-06:00,2021-12-16T11:53:00,FM-15,0.0,0.0,0,,16.093,25.0,71.0,5.1
bergstrom,USW00013904,2021-12-16T18:53:00+00:00,2021-12-16T12:53:00-06:00,2021-12-16T12:53:00,FM-15,0.0,0.0,0,,16.093,26.1,62.0,5.7
bergstrom,USW00013904,2021-12-16T19:53:00+00:00,2021-12-16T13:53:00-06:00,2021-12-16T13:53:00,FM-15,0.0,0.0,0,,16.093,26.7,58.0,4.6
bergstrom,USW00013904,2021-12-16T20:53:00+00:00,2021-12-16T14:53:00-06:00,2021-12-16T14:53:00,FM-15,0.0,0.0,0,,16.093,27.2,58.0,4.1
bergstrom,USW00013904,2021-12-16T21:53:00+00:00,2021-12-16T15:53:00-06:00,2021-12-16T15:53:00,FM-15,0.0,0.0,0,,16.093,26.7,60.0,3.6
bergstrom,USW00013904,2021-12-16T22:53:00+00:00,2021-12-16T16:53:00-06:00,2021-12-16T16:53:00,FM-15,,T,1,,16.093,25.6,69.0,3.6
bergstrom,USW00013904,2021-12-16T23:53:00+00:00,2021-12-16T17:53:00-06:00,2021-12-16T17:53:00,FM-15,0.0,0.0,0,,16.093,24.4,72.0,2.6
bergstrom,USW00013904,2021-12-17T00:53:00+00:00,2021-12-16T18:53:00-06:00,2021-12-16T18:53:00,FM-15,0.0,0.0,0,,16.093,23.3,76.0,4.1
bergstrom,USW00013904,2021-12-17T01:53:00+00:00,2021-12-16T19:53:00-06:00,2021-12-16T19:53:00,FM-15,0.0,0.0,0,,16.093,22.2,84.0,4.1
bergstrom,USW00013904,2021-12-17T02:34:00+00:00,2021-12-16T20:34:00-06:00,2021-12-16T20:34:00,FM-16,,,0,,16.093,22.2,87.0,4.1
bergstrom,USW00013904,2021-12-17T02:53:00+00:00,2021-12-16T20:53:00-06:00,2021-12-16T20:53:00,FM-15,0.0,0.0,0,,16.093,22.2,87.0,4.1
bergstrom,USW00013904,2021-12-17T03:53:00+00:00,2021-12-16T21:53:00-06:00,2021-12-16T21:53:00,FM-15,0.0,0.0,0,,16.093,22.2,87.0,5.7
bergstrom,USW00013904,2021-12-17T04:53:00+00:00,2021-12-16T22:53:00-06:00,2021-12-16T22:53:00,FM-15,0.0,0.0,0,,16.093,22.2,87.0,5.7
bergstrom,USW00013904,2021-12-17T05:51:00+00:00,2021-12-16T23:51:00-06:00,2021-12-16T23:51:00,FM-16,,,0,,16.093,22.0,88.0,5.1
bergstrom,USW00013904,2021-12-17T05:53:00+00:00,2021-12-16T23:53:00-06:00,2021-12-16T23:53:00,FM-15,0.0,0.0,0,,16.093,22.2,87.0,4.1
bergstrom,USW00013904,2021-12-17T06:15:00+00:00,2021-12-17T00:15:00-06:00,2021-12-17T00:15:00,FM-16,,,0,,16.093,22.2,84.0,5.7
bergstrom,USW00013904,2021-12-17T06:53:00+00:00,2021-12-17T00:53:00-06:00,2021-12-17T00:53:00,FM-15,0.0,0.0,0,,16.093,22.2,84.0,5.7
bergstrom,USW00013904,2021-12-17T07:40:00+00:00,2021-12-17T01:40:00-06:00,2021-12-17T01:40:00,FM-16,,,0,,16.093,21.7,87.0,4.6
bergstrom,USW00013904,2021-12-17T07:53:00+00:00,2021-12-17T01:53:00-06:00,2021-12-17T01:53:00,FM-15,0.0,0.0,0,,16.093,21.7,87.0,5.7
bergstrom,USW00013904,2021-12-17T08:53:00+00:00,2021-12-17T02:53:00-06:00,2021-12-17T02:53:00,FM-15,0.0,0.0,0,,16.093,21.7,87.0,5.7
bergstrom,USW00013904,2021-12-17T09:53:00+00:00,2021-12-17T03:53:00-06:00,2021-12-17T03:53:00,FM-15,0.0,0.0,0,,16.093,21.1,90.0,4.6
bergstrom,USW00013904,2021-12-17T10:51:00+00:00,2021-12-17T04:51:00-06:00,2021-12-17T04:51:00,FM-16,,,0,,16.093,21.0,88.0,6.2
bergstrom,USW00013904,2021-12-17T10:53:00+00:00,2021-12-17T04:53:00-06:00,2021-12-17T04:53:00,FM-15,0.0,0.0,0,,16.093,21.1,90.0,6.2
bergstrom,USW00013904,2021-12-17T11:53:00+00:00,2021-12-17T05:53:00-06:00,2021-12-17T05:53:00,FM-15,0.0,0.0,0,,16.093,21.1,90.0,5.7
bergstrom,USW00013904,2021-12-17T12:05:00+00:00,2021-12-17T06:05:00-06:00,2021-12-17T06:05:00,FM-16,,,0,,16.093,21.1,90.0,5.1
bergstrom,USW00013904,2021-12-17T12:53:00+00:00,2021-12-17T06:53:00-06:00,2021-12-17T06:53:00,FM-15,0.0,0.0,0,,16.093,21.1,90.0,3.1
bergstrom,USW00013904,2021-12-17T13:53:00+00:00,2021-12-17T07:53:00-06:00,2021-12-17T07:53:00,FM-15,0.0,0.0,0,,16.093,21.1,90.0,4.1
bergstrom,USW00013904,2021-12-17T14:53:00+00:00,2021-12-17T08:53:00-06:00,2021-12-17T08:53:00,FM-15,0.0,0.0,0,,16.093,21.7,87.0,4.6
bergstrom,USW00013904,2021-12-17T15:53:00+00:00,2021-12-17T09:53:00-06:00,2021-12-17T09:53:00,FM-15,0.0,0.0,0,,16.093,23.3,82.0,6.2
bergstrom,USW00013904,2021-12-17T16:22:00+00:00,2021-12-17T10:22:00-06:00,2021-12-17T10:22:00,FM-16,,,0,,16.093,24.4,74.0,7.2
bergstrom,USW00013904,2021-12-17T16:53:00+00:00,2021-12-17T10:53:00-06:00,2021-12-17T10:53:00,FM-15,0.0,0.0,0,,16.093,25.6,67.0,9.8
bergstrom,USW00013904,2021-12-17T17:53:00+00:00,2021-12-17T11:53:00-06:00,2021-12-17T11:53:00,FM-15,0.0,0.0,0,,16.093,25.0,66.0,8.8
bergstrom,USW00013904,2021-12-17T18:53:00+00:00,2021-12-17T12:53:00-06:00,2021-12-17T12:53:00,FM-15,0.0,0.0,0,,16.093,25.6,67.0,6.2
bergstrom,USW00013904,2021-12-17T19:53:00+00:00,2021-12-17T13:53:00-06:00,2021-12-17T13:53:00,FM-15,0.0,0.0,0,,16.093,25.6,67.0,7.2
bergstrom,USW00013904,2021-12-17T20:53:00+00:00,2021-12-17T14:53:00-06:00,2021-12-17T14:53:00,FM-15,0.0,0.0,0,,16.093,25.0,69.0,5.7
bergstrom,USW00013904,2021-12-17T21:02:00+00:00,2021-12-17T15:02:00-06:00,2021-12-17T15:02:00,FM-16,,,0,,16.093,25.0,71.0,6.7
bergstrom,USW00013904,2021-12-17T21:53:00+00:00,2021-12-17T15:53:00-06:00,2021-12-17T15:53:00,FM-15,0.0,0.0,0,,16.093,25.0,71.0,5.7
bergstrom,USW00013904,2021-12-17T22:38:00+00:00,2021-12-17T16:38:00-06:00,2021-12-17T16:38:00,FM-16,,,1,-RA:02 |RA |RA,16.093,24.4,74.0,6.2
bergstrom,USW00013904,2021-12-17T22:51:00+00:00,2021-12-17T16:51:00-06:00,2021-12-17T16:51:00,FM-16,,,0,,16.093,24.0,74.0,6.2
bergstrom,USW00013904,2021-12-17T22:53:00+00:00,2021-12-17T16:53:00-06:00,2021-12-17T16:53:00,FM-15,,T,1,,16.093,24.4,74.0,6.2
bergstrom,USW00013904,2021-12-17T23:51:00+00:00,2021-12-17T17:51:00-06:00,2021-12-17T17:51:00,FM-16,,,0,,16.093,23.0,78.0,4.1
bergstrom,USW00013904,2021-12-17T23:53:00+00:00,2021-12-17T17:53:00-06:00,2021-12-17T17:53:00,FM-15,0.0,0.0,0,,16.093,23.3,79.0,4.1
bergstrom,USW00013904,2021-12-18T00:53:00+00:00,2021-12-17T18:53:00-06:00,2021-12-17T18:53:00,FM-15,0.0,0.0,0,,16.093,22.8,79.0,4.1
bergstrom,USW00013904,2021-12-18T01:53:00+00:00,2021-12-17T19:53:00-06:00,2021-12-17T19:53:00,FM-15,0.0,0.0,0,,16.093,22.2,82.0,4.6
bergstrom,USW00013904,2021-12-18T02:53:00+00:00,2021-12-17T20:53:00-06:00,2021-12-17T20:53:00,FM-15,0.0,0.0,0,,16.093,21.7,84.0,4.1
bergstrom,USW00013904,2021-12-18T03:03:00+00:00,2021-12-17T21:03:00-06:00,2021-12-17T21:03:00,FM-16,,,0,,16.093,22.2,84.0,4.1
bergstrom,USW00013904,2021-12-18T03:53:00+00:00,2021-12-17T21:53:00-06:00,2021-12-17T21:53:00,FM-15,0.0,0.0,0,,16.093,22.2,84.0,4.1
bergstrom,USW00013904,2021-12-18T04:53:00+00:00,2021-12-17T22:53:00-06:00,2021-12-17T22:53:00,FM-15,0.0,0.0,0,,16.093,22.2,84.0,4.1
bergstrom,USW00013904,2021-12-18T05:53:00+00:00,2021-12-17T23:53:00-06:00,2021-12-17T23:53:00,FM-15,0.0,0.0,0,,16.093,22.2,84.0,4.6
bergstrom,USW00013904,2021-12-18T06:35:00+00:00,2021-12-18T00:35:00-06:00,2021-12-18T00:35:00,FM-16,,,0,,16.093,22.2,87.0,5.7
bergstrom,USW00013904,2021-12-18T06:43:00+00:00,2021-12-18T00:43:00-06:00,2021-12-18T00:43:00,FM-16,,,0,,16.093,22.2,87.0,6.2
bergstrom,USW00013904,2021-12-18T06:53:00+00:00,2021-12-18T00:53:00-06:00,2021-12-18T00:53:00,FM-15,0.0,0.0,0,,16.093,22.2,87.0,5.1
bergstrom,USW00013904,2021-12-18T07:53:00+00:00,2021-12-18T01:53:00-06:00,2021-12-18T01:53:00,FM-15,0.0,0.0,0,,16.093,21.7,90.0,5.7
bergstrom,USW00013904,2021-12-18T08:38:00+00:00,2021-12-18T02:38:00-06:00,2021-12-18T02:38:00,FM-16,,,0,,16.093,21.7,90.0,3.1
bergstrom,USW00013904,2021-12-18T08:53:00+00:00,2021-12-18T02:53:00-06:00,2021-12-18T02:53:00,FM-15,0.0,0.0,0,,16.093,21.7,90.0,3.1
bergstrom,USW00013904,2021-12-18T09:53:00+00:00,2021-12-18T03:53:00-06:00,2021-12-18T03:53:00,FM-15,,T,1,-RA:02 |RA |RA,16.093,21.1,93.0,3.1
bergstrom,USW00013904,2021-12-18T10:53:00+00:00,2021-12-18T04:53:00-06:00,2021-12-18T04:53:00,FM-15,,T,1,,16.093,21.1,93.0,2.6
bergstrom,USW00013904,2021-12-18T11:53:00+00:00,2021-12-18T05:53:00-06:00,2021-12-18T05:53:00,FM-15,,T,1,TS |TS |,16.093,21.1,93.0,2.1
bergstrom,USW00013904,2021-12-18T12:31:00+00:00,2021-12-18T06:31:00-06:00,2021-12-18T06:31:00,FM-16,,,1,TS |TS |,16.093,21.1,93.0,3.1
bergstrom,USW00013904,2021-12-18T12:46:00+00:00,2021-12-18T06:46:00-06:00,2021-12-18T06:46:00,FM-16,,,1,-RA:02 |RA |RA,16.093,21.1,93.0,3.1
bergstrom,USW00013904,2021-12-18T12:53:00+00:00,2021-12-18T06:53:00-06:00,2021-12-18T06:53:00,FM-15,,T,1,-RA:02 |RA |RA,16.093,20.6,96.0,3.6
bergstrom,USW00013904,2021-12-18T13:15:00+00:00,2021-12-18T07:15:00-06:00,2021-12-18T07:15:00,FM-16,,,1,TS -RA:02 |TS RA |RA,16.093,20.6,96.0,1.5
bergstrom,USW00013904,2021-12-18T13:33:00+00:00,2021-12-18T07:33:00-06:00,2021-12-18T07:33:00,FM-16,,,1,TS +RA:02 BR:1 |TS RA BR |RA,2.414,20.6,96.0,3.1
bergstrom,USW00013904,2021-12-18T13:44:00+00:00,2021-12-18T07:44:00-06:00,2021-12-18T07:44:00,FM-16,,,1,TS +RA:02 BR:1 |TS RA BR |RA,1.207,19.4,93.0,4.6
bergstrom,USW00013904,2021-12-18T13:51:00+00:00,2021-12-18T07:51:00-06:00,2021-12-18T07:51:00,FM-16,,,1,TS +RA:02 BR:1 |TS RA BR |RA,1.207,19.0,88.0,3.1
bergstrom,USW00013904,2021-12-18T13:53:00+00:00,2021-12-18T07:53:00-06:00,2021-12-18T07:53:00,FM-15,15.7,15.7,1,TS +RA:02 BR:1 |TS RA BR |RA,1.207,18.9,90.0,2.6
bergstrom,USW00013904,2021-12-18T13:55:00+00:00,2021-12-18T07:55:00-06:00,2021-12-18T07:55:00,FM-16,,,1,TS RA:02 BR:1 |TS RA BR |RA,1.207,18.3,93.0,2.6
bergstrom,USW00013904,2021-12-18T14:35:00+00:00,2021-12-18T08:35:00-06:00,2021-12-18T08:35:00,FM-16,,,1,TS -RA:02 BR:1 |TS RA BR |RA,8.047,18.3,97.0,3.6
bergstrom,USW00013904,2021-12-18T14:48:00+00:00,2021-12-18T08:48:00-06:00,2021-12-18T08:48:00,FM-16,,,1,TS -RA:02 BR:1 |TS RA BR |RA,9.656,18.0,94.0,9.3
bergstrom,USW00013904,2021-12-18T14:53:00+00:00,2021-12-18T08:53:00-06:00,2021-12-18T08:53:00,FM-15,8.6,8.6,1,TS -RA:02 BR:1 |TS RA BR |RA,9.656,17.8,87.0,8.2
bergstrom,USW00013904,2021-12-18T15:24:00+00:00,2021-12-18T09:24:00-06:00,2021-12-18T09:24:00,FM-16,,,1,-RA:02 BR:1 |RA BR |RA,9.656,16.7,90.0,7.7
bergstrom,USW00013904,2021-12-18T15:53:00+00:00,2021-12-18T09:53:00-06:00,2021-12-18T09:53:00,FM-15,0.5,0.5,1,-RA:02 BR:1 |RA BR |RA,9.656,15.6,86.0,9.3
bergstrom,USW00013904,2021-12-18T16:51:00+00:00,2021-12-18T10:51:00-06:00,2021-12-18T10:51:00,FM-16,,,1,VCTS ||,16.093,13.0,77.0,8.2
bergstrom,USW00013904,2021-12-18T16:53:00+00:00,2021-12-18T10:53:00-06:00,2021-12-18T10:53:00,FM-15,0.3,0.3,1,TS |TS |,16.093,13.3,77.0,7.2
bergstrom,USW00013904,2021-12-18T17:10:00+00:00,2021-12-18T11:10:00-06:00,2021-12-18T11:10:00,FM-16,,,1,TS |TS |,16.093,12.8,80.0,8.8
bergstrom,USW00013904,2021-12-18T17:29:00+00:00,2021-12-18T11:29:00-06:00,2021-12-18T11:29:00,FM-16,,,1,-RA:02 |RA |RA,16.093,12.8,74.0,9.8
bergstrom,USW00013904,2021-12-18T17:51:00+00:00,2021-12-18T11:51:00-06:00,2021-12-18T11:51:00,FM-16,,,1,-RA:02 BR:1 |RA BR |RA,9.656,12.0,77.0,6.2
bergstrom,USW00013904,2021-12-18T17:53:00+00:00,2021-12-18T11:53:00-06:00,2021-12-18T11:53:00,FM-15,1.0,1.0,1,-RA:02 BR:1 |RA BR |RA,9.656,12.2,77.0,7.2
bergstrom,USW00013904,2021-12-18T18:46:00+00:00,2021-12-18T12:46:00-06:00,2021-12-18T12:46:00,FM-16,,,1,-RA:02 BR:1 |RA BR |RA,9.656,12.2,77.0,5.7
bergstrom,USW00013904,2021-12-18T18:53:00+00:00,2021-12-18T12:53:00-06:00,2021-12-18T12:53:00,FM-15,1.0,1.0,1,-RA:02 BR:1 |RA BR |RA,9.656,11.7,80.0,7.2
bergstrom,USW00013904,2021-12-18T19:51:00+00:00,2021-12-18T13:51:00-06:00,2021-12-18T13:51:00,FM-16,,,1,-RA:02 BR:1 |RA BR |RA,8.047,11.0,82.0,5.1
bergstrom,USW00013904,2021-12-18T19:53:00+00:00,2021-12-18T13:53:00-06:00,2021-12-18T13:53:00,FM-15,1.5,1.5,1,-RA:02 BR:1 |RA BR |RA,8.047,11.1,83.0,5.7
bergstrom,USW00013904,2021-12-18T20:53:00+00:00,2021-12-18T14:53:00-06:00,2021-12-18T14:53:00,FM-15,0.5,0.5,1,-RA:02 |RA |RA,16.093,12.2,80.0,9.3
bergstrom,USW00013904,2021-12-18T21:53:00+00:00,2021-12-18T15:53:00-06:00,2021-12-18T15:53:00,FM-15,,T,1,,16.093,12.2,67.0,9.3
bergstrom,USW00013904,2021-12-18T22:53:00+00:00,2021-12-18T16:53:00-06:00,2021-12-18T16:53:00,FM-15,0.0,0.0,0,,16.093,11.7,64.0,7.7
bergstrom,USW00013904,2021-12-18T23:53:00+00:00,2021-12-18T17:53:00-06:00,2021-12-18T17:53:00,FM-15,0.0,0.0,0,,16.093,11.7,57.0,8.2
bergstrom,USW00013904,2021-12-19T00:53:00+00:00,2021-12-18T18:53:00-06:00,2021-12-18T18:53:00,FM-15,0.0,0.0,0,,16.093,11.7,55.0,8.2
bergstrom,USW00013904,2021-12-19T01:53:00+00:00,2021-12-18T19:53:00-06:00,2021-12-18T19:53:00,FM-15,0.0,0.0,0,,16.093,11.1,53.0,9.8
bergstrom,USW00013904,2021-12-19T02:53:00+00:00,2021-12-18T20:53:00-06:00,2021-12-18T20:53:00,FM-15,0.0,0.0,0,,16.093,10.6,52.0,9.8
bergstrom,USW00013904,2021-12-19T03:53:00+00:00,2021-12-18T21:53:00-06:00,2021-12-18T21:53:00,FM-15,0.0,0.0,0,,16.093,10.0,52.0,7.7
bergstrom,USW00013904,2021-12-19T04:53:00+00:00,2021-12-18T22:53:00-06:00,2021-12-18T22:53:00,FM-15,0.0,0.0,0,,16.093,9.4,52.0,6.7
bergstrom,USW00013904,2021-12-19T05:53:00+00:00,2021-12-18T23:53:00-06:00,2021-12-18T23:53:00,FM-15,0.0,0.0,0,,16.093,7.8,58.0,8.8
bergstrom,USW00013904,2021-12-19T06:53:00+00:00,2021-12-19T00:53:00-06:00,2021-12-19T00:53:00,FM-15,0.0,0.0,0,,16.093,6.7,63.0,8.8
bergstrom,USW00013904,2021-12-19T07:53:00+00:00,2021-12-19T01:53:00-06:00,2021-12-19T01:53:00,FM-15,0.0,0.0,0,,16.093,7.2,58.0,7.2
bergstrom,USW00013904,2021-12-19T08:53:00+00:00,2021-12-19T02:53:00-06:00,2021-12-19T02:53:00,FM-15,0.0,0.0,0,,16.093,6.1,63.0,6.2
bergstrom,USW00013904,2021-12-19T09:53:00+00:00,2021-12-19T03:53:00-06:00,2021-12-19T03:53:00,FM-15,0.0,0.0,0,,16.093,6.7,58.0,4.6
bergstrom,USW00013904,2021-12-19T10:53:00+00:00,2021-12-19T04:53:00-06:00,2021-12-19T04:53:00,FM-15,,T,1,-RA:02 |RA |RA,16.093,6.1,58.0,5.7
bergstrom,USW00013904,2021-12-19T11:53:00+00:00,2021-12-19T05:53:00-06:00,2021-12-19T05:53:00,FM-15,0.5,0.5,1,,16.093,4.4,77.0,6.7
bergstrom,USW00013904,2021-12-19T12:53:00+00:00,2021-12-19T06:53:00-06:00,2021-12-19T06:53:00,FM-15,0.0,0.0,0,,16.093,4.4,73.0,7.2
bergstrom,USW00013904,2021-12-19T13:53:00+00:00,2021-12-19T07:53:00-06:00,2021-12-19T07:53:00,FM-15,0.0,0.0,0,,16.093,4.4,68.0,6.2
bergstrom,USW00013904,2021-12-19T14:53:00+00:00,2021-12-19T08:53:00-06:00,2021-12-19T08:53:00,FM-15,0.0,0.0,0,,16.093,5.6,60.0,7.7
bergstrom,USW00013904,2021-12-19T15:53:00+00:00,2021-12-19T09:53:00-06:00,2021-12-19T09:53:00,FM-15,0.0,0.0,0,,16.093,7.2,54.0,7.2
bergstrom,USW00013904,2021-12-19T16:53:00+00:00,2021-12-19T10:53:00-06:00,2021-12-19T10:53:00,FM-15,0.0,0.0,0,,16.093,8.3,50.0,6.7
bergstrom,USW00013904,2021-12-19T17:53:00+00:00,2021-12-19T11:53:00-06:00,2021-12-19T11:53:00,FM-15,0.0,0.0,0,,16.093,10.0,50.0,6.2
bergstrom,USW00013904,2021-12-19T18:53:00+00:00,2021-12-19T12:53:00-06:00,2021-12-19T12:53:00,FM-15,0.0,0.0,0,,16.093,11.7,41.0,6.2
bergstrom,USW00013904,2021-12-19T19:53:00+00:00,2021-12-19T13:53:00-06:00,2021-12-19T13:53:00,FM-15,0.0,0.0,0,,16.093,12.8,35.0,5.7
bergstrom,USW00013904,2021-12-19T20:53:00+00:00,2021-12-19T14:53:00-06:00,2021-12-19T14:53:00,FM-15,0.0,0.0,0,,16.093,11.1,37.0,5.1
bergstrom,USW00013904,2021-12-19T21:53:00+00:00,2021-12-19T15:53:00-06:00,2021-12-19T15:53:00,FM-15,0.0,0.0,0,,16.093,11.7,34.0,4.1
bergstrom,USW00013904,2021-12-19T22:53:00+00:00,2021-12-19T16:53:00-06:00,2021-12-19T16:53:00,FM-15,0.0,0.0,0,,16.093,11.1,32.0,5.1
bergstrom,USW00013904,2021-12-19T23:53:00+00:00,2021-12-19T17:53:00-06:00,2021-12-19T17:53:00,FM-15,,T,1,,14.484,10.0,46.0,3.1
bergstrom,USW00013904,2021-12-20T00:53:00+00:00,2021-12-19T18:53:00-06:00,2021-12-19T18:53:00,FM-15,,T,1,,16.093,10.0,48.0,2.1
bergstrom,USW00013904,2021-12-20T01:53:00+00:00,2021-12-19T19:53:00-06:00,2021-12-19T19:53:00,FM-15,0.0,0.0,0,,16.093,10.0,44.0,2.1
bergstrom,USW00013904,2021-12-20T02:53:00+00:00,2021-12-19T20:53:00-06:00,2021-12-19T20:53:00,FM-15,0.0,0.0,0,,16.093,9.4,50.0,2.1
bergstrom,USW00013904,2021-12-20T03:53:00+00:00,2021-12-19T21:53:00-06:00,2021-12-19T21:53:00,FM-15,,T,1,,16.093,8.9,61.0,0.0
bergstrom,USW00013904,2021-12-20T04:53:00+00:00,2021-12-19T22:53:00-06:00,2021-12-19T22:53:00,FM-15,,T,1,-RA:02 |RA |RA,16.093,8.3,74.0,3.1
bergstrom,USW00013904,2021-12-20T05:53:00+00:00,2021-12-19T23:53:00-06:00,2021-12-19T23:53:00,FM-15,,T,1,-RA:02 |RA |RA,16.093,7.8,66.0,0.0
bergstrom,USW00013904,2021-12-20T06:53:00+00:00,2021-12-20T00:53:00-06:00,2021-12-20T00:53:00,FM-15,0.0,0.0,0,,16.093,8.3,66.0,2.1
bergstrom,USW00013904,2021-12-20T07:53:00+00:00,2021-12-20T01:53:00-06:00,2021-12-20T01:53:00,FM-15,0.0,0.0,0,,16.093,8.3,66.0,2.1
bergstrom,USW00013904,2021-12-20T08:53:00+00:00,2021-12-20T02:53:00-06:00,2021-12-20T02:53:00,FM-15,0.0,0.0,0,,16.093,7.8,71.0,1.5
bergstrom,USW00013904,2021-12-20T09:53:00+00:00,2021-12-20T03:53:00-06:00,2021-12-20T03:53:00,FM-15,0.0,0.0,0,,16.093,7.2,74.0,2.6
bergstrom,USW00013904,2021-12-20T10:53:00+00:00,2021-12-20T04:53:00-06:00,2021-12-20T04:53:00,FM-15,0.0,0.0,0,,16.093,7.8,73.0,3.1
bergstrom,USW00013904,2021-12-20T11:53:00+00:00,2021-12-20T05:53:00-06:00,2021-12-20T05:53:00,FM-15,0.0,0.0,0,,16.093,7.8,77.0,3.1
bergstrom,USW00013904,2021-12-20T12:53:00+00:00,2021-12-20T06:53:00-06:00,2021-12-20T06:53:00,FM-15,0.0,0.0,0,,16.093,7.8,73.0,2.6
bergstrom,USW00013904,2021-12-20T13:53:00+00:00,2021-12-20T07:53:00-06:00,2021-12-20T07:53:00,FM-15,0.0,0.0,0,,16.093,7.2,77.0,2.6
bergstrom,USW00013904,2021-12-20T14:53:00+00:00,2021-12-20T08:53:00-06:00,2021-12-20T08:53:00,FM-15,0.0,0.0,0,,16.093,7.8,77.0,2.1
bergstrom,USW00013904,2021-12-20T15:53:00+00:00,2021-12-20T09:53:00-06:00,2021-12-20T09:53:00,FM-15,0.0,0.0,0,,16.093,8.3,74.0,2.1
bergstrom,USW00013904,2021-12-20T16:53:00+00:00,2021-12-20T10:53:00-06:00,2021-12-20T10:53:00,FM-15,0.0,0.0,0,,16.093,10.0,61.0,2.1
bergstrom,USW00013904,2021-12-20T17:53:00+00:00,2021-12-20T11:53:00-06:00,2021-12-20T11:53:00,FM-15,0.0,0.0,0,,16.093,11.1,50.0,0.0
bergstrom,USW00013904,2021-12-20T18:53:00+00:00,2021-12-20T12:53:00-06:00,2021-12-20T12:53:00,FM-15,0.0,0.0,0,,16.093,12.8,44.0,2.6
bergstrom,USW00013904,2021-12-20T19:53:00+00:00,2021-12-20T13:53:00-06:00,2021-12-20T13:53:00,FM-15,0.0,0.0,0,,16.093,13.9,41.0,0.0
bergstrom,USW00013904,2021-12-20T20:53:00+00:00,2021-12-20T14:53:00-06:00,2021-12-20T14:53:00,FM-15,0.0,0.0,0,,16.093,15.0,41.0,2.1
bergstrom,USW00013904,2021-12-20T21:53:00+00:00,2021-12-20T15:53:00-06:00,2021-12-20T15:53:00,FM-15,0.0,0.0,0,,16.093,14.4,42.0,2.6
bergstrom,USW00013904,2021-12-20T22:53:00+00:00,2021-12-20T16:53:00-06:00,2021-12-20T16:53:00,FM-15,0.0,0.0,0,,16.093,14.4,44.0,1.5
bergstrom,USW00013904,2021-12-20T23:53:00+00:00,2021-12-20T17:53:00-06:00,2021-12-20T17:53:00,FM-15,0.0,0.0,0,,16.093,8.9,68.0,1.5
bergstrom,USW00013904,2021-12-21T00:53:00+00:00,2021-12-20T18:53:00-06:00,2021-12-20T18:53:00,FM-15,0.0,0.0,0,,16.093,11.1,57.0,2.6
bergstrom,USW00013904,2021-12-21T01:53:00+00:00,2021-12-20T19:53:00-06:00,2021-12-20T19:53:00,FM-15,0.0,0.0,0,,16.093,5.6,82.0,0.0
bergstrom,USW00013904,2021-12-21T02:53:00+00:00,2021-12-20T20:53:00-06:00,2021-12-20T20:53:00,FM-15,0.0,0.0,0,,16.093,5.6,82.0,0.0
bergstrom,USW00013904,2021-12-21T03:53:00+00:00,2021-12-20T21:53:00-06:00,2021-12-20T21:53:00,FM-15,0.0,0.0,0,,16.093,5.0,89.0,0.0
bergstrom,USW00013904,2021-12-21T04:53:00+00:00,2021-12-20T22:53:00-06:00,2021-12-20T22:53:00,FM-15,0.0,0.0,0,,16.093,3.9,89.0,0.0
bergstrom,USW00013904,2021-12-21T05:53:00+00:00,2021-12-20T23:53:00-06:00,2021-12-20T23:53:00,FM-15,0.0,0.0,0,,16.093,3.9,89.0,0.0
bergstrom,USW00013904,2021-12-21T06:53:00+00:00,2021-12-21T00:53:00-06:00,2021-12-21T00:53:00,FM-15,0.0,0.0,0,,16.093,2.8,93.0,0.0
bergstrom,USW00013904,2021-12-21T07:53:00+00:00,2021-12-21T01:53:00-06:00,2021-12-21T01:53:00,FM-15,0.0,0.0,0,,16.093,2.8,93.0,1.5
bergstrom,USW00013904,2021-12-21T08:53:00+00:00,2021-12-21T02:53:00-06:00,2021-12-21T02:53:00,FM-15,0.0,0.0,0,,16.093,2.8,93.0,1.5
bergstrom,USW00013904,2021-12-21T09:53:00+00:00,2021-12-21T03:53:00-06:00,2021-12-21T03:53:00,FM-15,0.0,0.0,0,,16.093,2.8,93.0,1.5
bergstrom,USW00013904,2021-12-21T10:53:00+00:00,2021-12-21T04:53:00-06:00,2021-12-21T04:53:00,FM-15,0.0,0.0,0,,16.093,2.8,93.0,2.1
bergstrom,USW00013904,2021-12-21T11:53:00+00:00,2021-12-21T05:53:00-06:00,2021-12-21T05:53:00,FM-15,0.0,0.0,0,,16.093,2.8,93.0,0.0
bergstrom,USW00013904,2021-12-21T12:53:00+00:00,2021-12-21T06:53:00-06:00,2021-12-21T06:53:00,FM-15,0.0,0.0,0,,16.093,1.7,96.0,0.0
bergstrom,USW00013904,2021-12-21T13:53:00+00:00,2021-12-21T07:53:00-06:00,2021-12-21T07:53:00,FM-15,0.0,0.0,0,,16.093,1.7,96.0,0.0
bergstrom,USW00013904,2021-12-21T14:53:00+00:00,2021-12-21T08:53:00-06:00,2021-12-21T08:53:00,FM-15,0.0,0.0,0,,16.093,6.7,85.0,0.0
bergstrom,USW00013904,2021-12-21T15:53:00+00:00,2021-12-21T09:53:00-06:00,2021-12-21T09:53:00,FM-15,0.0,0.0,0,,16.093,9.4,77.0,1.5
bergstrom,USW00013904,2021-12-21T16:53:00+00:00,2021-12-21T10:53:00-06:00,2021-12-21T10:53:00,FM-15,0.0,0.0,0,,16.093,12.2,69.0,2.6
bergstrom,USW00013904,2021-12-21T17:53:00+00:00,2021-12-21T11:53:00-06:00,2021-12-21T11:53:00,FM-15,0.0,0.0,0,,16.093,15.0,58.0,3.6
bergstrom,USW00013904,2021-12-21T18:53:00+00:00,2021-12-21T12:53:00-06:00,2021-12-21T12:53:00,FM-15,0.0,0.0,0,,16.093,16.1,54.0,4.6
bergstrom,USW00013904,2021-12-21T19:53:00+00:00,2021-12-21T13:53:00-06:00,2021-12-21T13:53:00,FM-15,0.0,0.0,0,,16.093,17.8,50.0,4.6
bergstrom,USW00013904,2021-12-21T20:53:00+00:00,2021-12-21T14:53:00-06:00,2021-12-21T14:53:00,FM-15,0.0,0.0,0,,16.093,18.3,49.0,3.1
bergstrom,USW00013904,2021-12-21T21:53:00+00:00,2021-12-21T15:53:00-06:00,2021-12-21T15:53:00,FM-15,0.0,0.0,0,,16.093,18.9,49.0,5.7
bergstrom,USW00013904,2021-12-21T22:53:00+00:00,2021-12-21T16:53:00-06:00,2021-12-21T16:53:00,FM-15,0.0,0.0,0,,16.093,17.2,56.0,3.6
bergstrom,USW00013904,2021-12-21T23:53:00+00:00,2021-12-21T17:53:00-06:00,2021-12-21T17:53:00,FM-15,0.0,0.0,0,,16.093,14.4,67.0,3.1
bergstrom,USW00013904,2021-12-22T00:53:00+00:00,2021-12-21T18:53:00-06:00,2021-12-21T18:53:00,FM-15,0.0,0.0,0,,16.093,11.7,77.0,2.6
bergstrom,USW00013904,2021-12-22T01:53:00+00:00,2021-12-21T19:53:00-06:00,2021-12-21T19:53:00,FM-15,0.0,0.0,0,,16.093,10.0,83.0,2.1
bergstrom,USW00013904,2021-12-22T02:53:00+00:00,2021-12-21T20:53:00-06:00,2021-12-21T20:53:00,FM-15,0.0,0.0,0,,16.093,10.0,83.0,3.1
bergstrom,USW00013904,2021-12-22T03:53:00+00:00,2021-12-21T21:53:00-06:00,2021-12-21T21:53:00,FM-15,0.0,0.0,0,,16.093,9.4,83.0,2.1
bergstrom,USW00013904,2021-12-22T04:53:00+00:00,2021-12-21T22:53:00-06:00,2021-12-21T22:53:00,FM-15,0.0,0.0,0,,16.093,9.4,83.0,0.0
bergstrom,USW00013904,2021-12-22T05:53:00+00:00,2021-12-21T23:53:00-06:00,2021-12-21T23:53:00,FM-15,0.0,0.0,0,,16.093,7.8,89.0,2.1
bergstrom,USW00013904,2021-12-22T06:53:00+00:00,2021-12-22T00:53:00-06:00,2021-12-22T00:53:00,FM-15,0.0,0.0,0,,16.093,5.6,92.0,0.0
bergstrom,USW00013904,2021-12-22T07:53:00+00:00,2021-12-22T01:53:00-06:00,2021-12-22T01:53:00,FM-15,0.0,0.0,0,,16.093,5.6,96.0,1.5
bergstrom,USW00013904,2021-12-22T08:53:00+00:00,2021-12-22T02:53:00-06:00,2021-12-22T02:53:00,FM-15,0.0,0.0,0,,16.093,10.6,86.0,4.6
bergstrom,USW00013904,2021-12-22T09:53:00+00:00,2021-12-22T03:53:00-06:00,2021-12-22T03:53:00,FM-15,0.0,0.0,0,,16.093,10.0,89.0,1.5
bergstrom,USW00013904,2021-12-22T10:53:00+00:00,2021-12-22T04:53:00-06:00,2021-12-22T04:53:00,FM-15,0.0,0.0,0,,16.093,10.0,89.0,2.6
bergstrom,USW00013904,2021-12-22T11:53:00+00:00,2021-12-22T05:53:00-06:00,2021-12-22T05:53:00,FM-15,0.0,0.0,0,,16.093,9.4,93.0,2.1
bergstrom,USW00013904,2021-12-22T12:53:00+00:00,2021-12-22T06:53:00-06:00,2021-12-22T06:53:00,FM-15,0.0,0.0,0,,16.093,9.4,93.0,3.1
bergstrom,USW00013904,2021-12-22T13:53:00+00:00,2021-12-22T07:53:00-06:00,2021-12-22T07:53:00,FM-15,0.0,0.0,0,,16.093,8.9,93.0,2.1
bergstrom,USW00013904,2021-12-22T14:53:00+00:00,2021-12-22T08:53:00-06:00,2021-12-22T08:53:00,FM-15,0.0,0.0,0,,16.093,10.6,89.0,4.1
bergstrom,USW00013904,2021-12-22T15:53:00+00:00,2021-12-22T09:53:00-06:00,2021-12-22T09:53:00,FM-15,0.0,0.0,0,,16.093,13.9,78.0,4.6
bergstrom,USW00013904,2021-12-22T16:53:00+00:00,2021-12-22T10:53:00-06:00,2021-12-22T10:53:00,FM-15,0.0,0.0,0,,16.093,16.7,67.0,3.1
bergstrom,USW00013904,2021-12-22T17:53:00+00:00,2021-12-22T11:53:00-06:00,2021-12-22T11:53:00,FM-15,0.0,0.0,0,,16.093,19.4,61.0,6.2
bergstrom,USW00013904,2021-12-22T18:53:00+00:00,2021-12-22T12:53:00-06:00,2021-12-22T12:53:00,FM-15,0.0,0.0,0,,16.093,21.1,55.0,5.1
bergstrom,USW00013904,2021-12-22T19:53:00+00:00,2021-12-22T13:53:00-06:00,2021-12-22T13:53:00,FM-15,0.0,0.0,0,,16.093,22.2,52.0,4.6
bergstrom,USW00013904,2021-12-22T20:53:00+00:00,2021-12-22T14:53:00-06:00,2021-12-22T14:53:00,FM-15,0.0,0.0,0,,16.093,23.3,46.0,5.7
bergstrom,USW00013904,2021-12-22T21:53:00+00:00,2021-12-22T15:53:00-06:00,2021-12-22T15:53:00,FM-15,0.0,0.0,0,,16.093,23.3,45.0,5.7
bergstrom,USW00013904,2021-12-22T22:53:00+00:00,2021-12-22T16:53:00-06:00,2021-12-22T16:53:00,FM-15,0.0,0.0,0,,16.093,21.7,51.0,5.7
bergstrom,USW00013904,2021-12-22T23:53:00+00:00,2021-12-22T17:53:00-06:00,2021-12-22T17:53:00,FM-15,0.0,0.0,0,,16.093,19.4,59.0,4.1
bergstrom,USW00013904,2021-12-23T00:53:00+00:00,2021-12-22T18:53:00-06:00,2021-12-22T18:53:00,FM-15,0.0,0.0,0,,16.093,17.8,63.0,3.1
bergstrom,USW00013904,2021-12-23T01:53:00+00:00,2021-12-22T19:53:00-06:00,2021-12-22T19:53:00,FM-15,0.0,0.0,0,,16.093,15.6,75.0,3.6
bergstrom,USW00013904,2021-12-23T02:53:00+00:00,2021-12-22T20:53:00-06:00,2021-12-22T20:53:00,FM-15,0.0,0.0,0,,16.093,14.4,81.0,3.1
bergstrom,USW00013904,2021-12-23T03:53:00+00:00,2021-12-22T21:53:00-06:00,2021-12-22T21:53:00,FM-15,0.0,0.0,0,,16.093,12.8,90.0,3.1
bergstrom,USW00013904,2021-12-23T04:53:00+00:00,2021-12-22T22:53:00-06:00,2021-12-22T22:53:00,FM-15,0.0,0.0,0,,16.093,11.7,93.0,2.1
bergstrom,USW00013904,2021-12-23T05:53:00+00:00,2021-12-22T23:53:00-06:00,2021-12-22T23:53:00,FM-15,0.0,0.0,0,,16.093,8.3,93.0,0.0
bergstrom,USW00013904,2021-12-23T06:53:00+00:00,2021-12-23T00:53:00-06:00,2021-12-23T00:53:00,FM-15,0.0,0.0,0,,16.093,7.2,100.0,0.0
bergstrom,USW00013904,2021-12-23T07:53:00+00:00,2021-12-23T01:53:00-06:00,2021-12-23T01:53:00,FM-15,0.0,0.0,0,,14.484,8.3,97.0,0.0
bergstrom,USW00013904,2021-12-23T08:53:00+00:00,2021-12-23T02:53:00-06:00,2021-12-23T02:53:00,FM-15,0.0,0.0,0,BR:1 |BR |,9.656,7.2,100.0,0.0
bergstrom,USW00013904,2021-12-23T09:38:00+00:00,2021-12-23T03:38:00-06:00,2021-12-23T03:38:00,FM-16,,,0,BR:1 |BR |,3.219,10.6,100.0,1.5
bergstrom,USW00013904,2021-12-23T09:51:00+00:00,2021-12-23T03:51:00-06:00,2021-12-23T03:51:00,FM-16,,,0,BR:1 |BR |,1.609,12.0,100.0,1.5
bergstrom,USW00013904,2021-12-23T09:53:00+00:00,2021-12-23T03:53:00-06:00,2021-12-23T03:53:00,FM-15,0.0,0.0,0,BR:1 |BR |,1.609,12.2,97.0,2.1
bergstrom,USW00013904,2021-12-23T10:01:00+00:00,2021-12-23T04:01:00-06:00,2021-12-23T04:01:00,FM-16,,,0,BR:1 |BR s |,0.805,13.3,97.0,2.1
bergstrom,USW00013904,2021-12-23T10:49:00+00:00,2021-12-23T04:49:00-06:00,2021-12-23T04:49:00,FM-16,,,0,BR:1 |BR |,2.012,14.0,100.0,3.1
bergstrom,USW00013904,2021-12-23T10:51:00+00:00,2021-12-23T04:51:00-06:00,2021-12-23T04:51:00,FM-16,,,0,BR:1 |BR |,4.828,14.0,100.0,3.1
bergstrom,USW00013904,2021-12-23T10:53:00+00:00,2021-12-23T04:53:00-06:00,2021-12-23T04:53:00,FM-15,0.0,0.0,0,BR:1 |BR |,4.828,13.9,100.0,3.1
bergstrom,USW00013904,2021-12-23T11:53:00+00:00,2021-12-23T05:53:00-06:00,2021-12-23T05:53:00,FM-15,0.0,0.0,0,BR:1 |BR |,4.828,13.9,100.0,2.6
bergstrom,USW00013904,2021-12-23T12:53:00+00:00,2021-12-23T06:53:00-06:00,2021-12-23T06:53:00,FM-15,0.0,0.0,0,BR:1 |BR |,4.828,14.4,97.0,3.6
bergstrom,USW00013904,2021-12-23T13:53:00+00:00,2021-12-23T07:53:00-06:00,2021-12-23T07:53:00,FM-15,0.0,0.0,0,BR:1 |BR |,4.828,14.4,97.0,2.6
bergstrom,USW00013904,2021-12-23T14:53:00+00:00,2021-12-23T08:53:00-06:00,2021-12-23T08:53:00,FM-15,0.0,0.0,0,BR:1 |BR |,4.828,15.6,93.0,4.6
bergstrom,USW00013904,2021-12-23T15:53:00+00:00,2021-12-23T09:53:00-06:00,2021-12-23T09:53:00,FM-15,0.0,0.0,0,,12.875,17.8,87.0,5.1
bergstrom,USW00013904,2021-12-23T16:53:00+00:00,2021-12-23T10:53:00-06:00,2021-12-23T10:53:00,FM-15,0.0,0.0,0,,16.093,17.8,84.0,6.2
bergstrom,USW00013904,2021-12-23T17:26:00+00:00,2021-12-23T11:26:00-06:00,2021-12-23T11:26:00,FM-16,,,0,,16.093,17.8,87.0,4.6
bergstrom,USW00013904,2021-12-23T17:51:00+00:00,2021-12-23T11:51:00-06:00,2021-12-23T11:51:00,FM-16,,,0,,16.093,18.0,88.0,6.2
bergstrom,USW00013904,2021-12-23T17:53:00+00:00,2021-12-23T11:53:00-06:00,2021-12-23T11:53:00,FM-15,0.0,0.0,0,,16.093,18.3,84.0,7.7
bergstrom,USW00013904,2021-12-23T18:53:00+00:00,2021-12-23T12:53:00-06:00,2021-12-23T12:53:00,FM-15,0.0,0.0,0,,16.093,18.9,81.0,6.2
bergstrom,USW00013904,2021-12-23T19:16:00+00:00,2021-12-23T13:16:00-06:00,2021-12-23T13:16:00,FM-16,,,0,,16.093,19.4,81.0,6.2
bergstrom,USW00013904,2021-12-23T19:53:00+00:00,2021-12-23T13:53:00-06:00,2021-12-23T13:53:00,FM-15,0.0,0.0,0,,16.093,19.4,79.0,6.2
bergstrom,USW00013904,2021-12-23T20:53:00+00:00,2021-12-23T14:53:00-06:00,2021-12-23T14:53:00,FM-15,0.0,0.0,0,,16.093,21.1,71.0,7.2
bergstrom,USW00013904,2021-12-23T21:53:00+00:00,2021-12-23T15:53:00-06:00,2021-12-23T15:53:00,FM-15,0.0,0.0,0,,16.093,21.7,71.0,5.1
bergstrom,USW00013904,2021-12-23T22:53:00+00:00,2021-12-23T16:53:00-06:00,2021-12-23T16:53:00,FM-15,0.0,0.0,0,,16.093,21.7,71.0,4.1
bergstrom,USW00013904,2021-12-23T23:53:00+00:00,2021-12-23T17:53:00-06:00,2021-12-23T17:53:00,FM-15,0.0,0.0,0,,16.093,17.8,84.0,1.5
bergstrom,USW00013904,2021-12-24T00:53:00+00:00,2021-12-23T18:53:00-06:00,2021-12-23T18:53:00,FM-15,0.0,0.0,0,,16.093,15.6,90.0,2.6
bergstrom,USW00013904,2021-12-24T01:53:00+00:00,2021-12-23T19:53:00-06:00,2021-12-23T19:53:00,FM-15,0.0,0.0,0,,16.093,18.3,78.0,5.7
bergstrom,USW00013904,2021-12-24T02:53:00+00:00,2021-12-23T20:53:00-06:00,2021-12-23T20:53:00,FM-15,0.0,0.0,0,,16.093,18.3,81.0,6.7
bergstrom,USW00013904,2021-12-24T03:53:00+00:00,2021-12-23T21:53:00-06:00,2021-12-23T21:53:00,FM-15,0.0,0.0,0,,16.093,17.8,84.0,6.7
bergstrom,USW00013904,2021-12-24T04:53:00+00:00,2021-12-23T22:53:00-06:00,2021-12-23T22:53:00,FM-15,0.0,0.0,0,,16.093,17.2,87.0,5.1
bergstrom,USW00013904,2021-12-24T05:53:00+00:00,2021-12-23T23:53:00-06:00,2021-12-23T23:53:00,FM-15,0.0,0.0,0,,16.093,16.7,86.0,6.2
bergstrom,USW00013904,2021-12-24T06:53:00+00:00,2021-12-24T00:53:00-06:00,2021-12-24T00:53:00,FM-15,0.0,0.0,0,,16.093,16.1,90.0,3.6
bergstrom,USW00013904,2021-12-24T07:28:00+00:00,2021-12-24T01:28:00-06:00,2021-12-24T01:28:00,FM-16,,,0,,16.093,16.1,93.0,4.1
bergstrom,USW00013904,2021-12-24T07:53:00+00:00,2021-12-24T01:53:00-06:00,2021-12-24T01:53:00,FM-15,0.0,0.0,0,,16.093,16.1,90.0,4.6
bergstrom,USW00013904,2021-12-24T08:16:00+00:00,2021-12-24T02:16:00-06:00,2021-12-24T02:16:00,FM-16,,,0,,16.093,16.1,90.0,3.1
bergstrom,USW00013904,2021-12-24T08:53:00+00:00,2021-12-24T02:53:00-06:00,2021-12-24T02:53:00,FM-15,0.0,0.0,0,,16.093,15.6,93.0,3.6
bergstrom,USW00013904,2021-12-24T09:53:00+00:00,2021-12-24T03:53:00-06:00,2021-12-24T03:53:00,FM-15,0.0,0.0,0,,16.093,14.4,97.0,2.6
bergstrom,USW00013904,2021-12-24T10:53:00+00:00,2021-12-24T04:53:00-06:00,2021-12-24T04:53:00,FM-15,0.0,0.0,0,,16.093,14.4,97.0,2.6
bergstrom,USW00013904,2021-12-24T11:51:00+00:00,2021-12-24T05:51:00-06:00,2021-12-24T05:51:00,FM-16,,,0,,16.093,15.0,94.0,3.1
bergstrom,USW00013904,2021-12-24T11:53:00+00:00,2021-12-24T05:53:00-06:00,2021-12-24T05:53:00,FM-15,0.0,0.0,0,,16.093,15.0,93.0,3.6
bergstrom,USW00013904,2021-12-24T12:53:00+00:00,2021-12-24T06:53:00-06:00,2021-12-24T06:53:00,FM-15,0.0,0.0,0,,16.093,15.0,96.0,4.1
bergstrom,USW00013904,2021-12-24T13:32:00+00:00,2021-12-24T07:32:00-06:00,2021-12-24T07:32:00,FM-16,,,0,,16.093,15.0,96.0,4.1
bergstrom,USW00013904,2021-12-24T13:53:00+00:00,2021-12-24T07:53:00-06:00,2021-12-24T07:53:00,FM-15,0.0,0.0,0,,16.093,15.6,96.0,5.7
bergstrom,USW00013904,2021-12-24T14:53:00+00:00,2021-12-24T08:53:00-06:00,2021-12-24T08:53:00,FM-15,0.0,0.0,0,,16.093,16.7,93.0,5.1
bergstrom,USW00013904,2021-12-24T15:53:00+00:00,2021-12-24T09:53:00-06:00,2021-12-24T09:53:00,FM-15,0.0,0.0,0,,16.093,17.2,90.0,6.2
bergstrom,USW00013904,2021-12-24T16:53:00+00:00,2021-12-24T10:53:00-06:00,2021-12-24T10:53:00,FM-15,0.0,0.0,0,,16.093,18.9,87.0,9.3
bergstrom,USW00013904,2021-12-24T17:02:00+00:00,2021-12-24T11:02:00-06:00,2021-12-24T11:02:00,FM-16,,,0,,16.093,19.4,84.0,7.7
bergstrom,USW00013904,2021-12-24T17:33:00+00:00,2021-12-24T11:33:00-06:00,2021-12-24T11:33:00,FM-16,,,0,,16.093,20.6,78.0,10.3
bergstrom,USW00013904,2021-12-24T17:51:00+00:00,2021-12-24T11:51:00-06:00,2021-12-24T11:51:00,FM-16,,,0,,16.093,21.0,78.0,10.3
bergstrom,USW00013904,2021-12-24T17:53:00+00:00,2021-12-24T11:53:00-06:00,2021-12-24T11:53:00,FM-15,0.0,0.0,0,,16.093,21.7,73.0,9.3
bergstrom,USW00013904,2021-12-24T18:00:00+00:00,2021-12-24T12:00:00-06:00,2021-12-24T12:00:00,FM-16,,,0,,16.093,21.7,73.0,9.3
bergstrom,USW00013904,2021-12-24T18:53:00+00:00,2021-12-24T12:53:00-06:00,2021-12-24T12:53:00,FM-15,0.0,0.0,0,,16.093,22.8,69.0,6.7
bergstrom,USW00013904,2021-12-24T19:34:00+00:00,2021-12-24T13:34:00-06:00,2021-12-24T13:34:00,FM-16,,,0,,16.093,23.3,67.0,7.7
bergstrom,USW00013904,2021-12-24T19:53:00+00:00,2021-12-24T13:53:00-06:00,2021-12-24T13:53:00,FM-15,0.0,0.0,0,,16.093,23.9,66.0,6.7
bergstrom,USW00013904,2021-12-24T20:53:00+00:00,2021-12-24T14:53:00-06:00,2021-12-24T14:53:00,FM-15,0.0,0.0,0,,16.093,25.6,60.0,6.2
bergstrom,USW00013904,2021-12-24T21:53:00+00:00,2021-12-24T15:53:00-06:00,2021-12-24T15:53:00,FM-15,0.0,0.0,0,,16.093,26.1,54.0,7.7
bergstrom,USW00013904,2021-12-24T22:53:00+00:00,2021-12-24T16:53:00-06:00,2021-12-24T16:53:00,FM-15,0.0,0.0,0,,16.093,25.0,58.0,5.7
bergstrom,USW00013904,2021-12-24T23:53:00+00:00,2021-12-24T17:53:00-06:00,2021-12-24T17:53:00,FM-15,0.0,0.0,0,,16.093,22.2,68.0,5.1
bergstrom,USW00013904,2021-12-25T00:53:00+00:00,2021-12-24T18:53:00-06:00,2021-12-24T18:53:00,FM-15,0.0,0.0,0,,16.093,21.1,76.0,4.1
bergstrom,USW00013904,2021-12-25T01:53:00+00:00,2021-12-24T19:53:00-06:00,2021-12-24T19:53:00,FM-15,0.0,0.0,0,,16.093,20.6,78.0,5.7
bergstrom,USW00013904,2021-12-25T02:53:00+00:00,2021-12-24T20:53:00-06:00,2021-12-24T20:53:00,FM-15,0.0,0.0,0,,16.093,19.4,84.0,4.6
bergstrom,USW00013904,2021-12-25T03:53:00+00:00,2021-12-24T21:53:00-06:00,2021-12-24T21:53:00,FM-15,0.0,0.0,0,,16.093,19.4,84.0,5.1
bergstrom,USW00013904,2021-12-25T04:53:00+00:00,2021-12-24T22:53:00-06:00,2021-12-24T22:53:00,FM-15,0.0,0.0,0,,16.093,18.9,87.0,7.7
bergstrom,USW00013904,2021-12-25T05:53:00+00:00,2021-12-24T23:53:00-06:00,2021-12-24T23:53:00,FM-15,0.0,0.0,0,,16.093,18.9,87.0,7.2
bergstrom,USW00013904,2021-12-25T06:53:00+00:00,2021-12-25T00:53:00-06:00,2021-12-25T00:53:00,FM-15,0.0,0.0,0,,16.093,18.3,90.0,6.2
bergstrom,USW00013904,2021-12-25T07:28:00+00:00,2021-12-25T01:28:00-06:00,2021-12-25T01:28:00,FM-16,,,0,,16.093,18.3,90.0,3.1
bergstrom,USW00013904,2021-12-25T07:53:00+00:00,2021-12-25T01:53:00-06:00,2021-12-25T01:53:00,FM-15,0.0,0.0,0,,16.093,18.3,93.0,3.6
bergstrom,USW00013904,2021-12-25T08:07:00+00:00,2021-12-25T02:07:00-06:00,2021-12-25T02:07:00,FM-16,,,0,,16.093,18.9,90.0,6.2
bergstrom,USW00013904,2021-12-25T08:53:00+00:00,2021-12-25T02:53:00-06:00,2021-12-25T02:53:00,FM-15,0.0,0.0,0,,16.093,19.4,87.0,7.2
bergstrom,USW00013904,2021-12-25T09:53:00+00:00,2021-12-25T03:53:00-06:00,2021-12-25T03:53:00,FM-15,0.0,0.0,0,,16.093,19.4,87.0,7.7
bergstrom,USW00013904,2021-12-25T10:53:00+00:00,2021-12-25T04:53:00-06:00,2021-12-25T04:53:00,FM-15,0.0,0.0,0,,16.093,19.4,87.0,6.2
bergstrom,USW00013904,2021-12-25T11:42:00+00:00,2021-12-25T05:42:00-06:00,2021-12-25T05:42:00,FM-16,,,0,,16.093,19.4,87.0,6.2
bergstrom,USW00013904,2021-12-25T11:53:00+00:00,2021-12-25T05:53:00-06:00,2021-12-25T05:53:00,FM-15,0.0,0.0,0,,16.093,19.4,87.0,4.6
bergstrom,USW00013904,2021-12-25T12:53:00+00:00,2021-12-25T06:53:00-06:00,2021-12-25T06:53:00,FM-15,0.0,0.0,0,,16.093,18.9,90.0,4.6
bergstrom,USW00013904,2021-12-25T13:53:00+00:00,2021-12-25T07:53:00-06:00,2021-12-25T07:53:00,FM-15,0.0,0.0,0,,12.875,18.9,90.0,5.7
bergstrom,USW00013904,2021-12-25T14:31:00+00:00,2021-12-25T08:31:00-06:00,2021-12-25T08:31:00,FM-16,,,0,,14.484,19.4,87.0,2.6
bergstrom,USW00013904,2021-12-25T14:53:00+00:00,2021-12-25T08:53:00-06:00,2021-12-25T08:53:00,FM-15,0.0,0.0,0,,14.484,19.4,87.0,3.1
bergstrom,USW00013904,2021-12-25T15:53:00+00:00,2021-12-25T09:53:00-06:00,2021-12-25T09:53:00,FM-15,0.0,0.0,0,,14.484,20.0,87.0,4.1
bergstrom,USW00013904,2021-12-25T16:35:00+00:00,2021-12-25T10:35:00-06:00,2021-12-25T10:35:00,FM-16,,,0,,14.484,20.6,81.0,4.1
bergstrom,USW00013904,2021-12-25T16:53:00+00:00,2021-12-25T10:53:00-06:00,2021-12-25T10:53:00,FM-15,0.0,0.0,0,,14.484,20.6,81.0,5.1
bergstrom,USW00013904,2021-12-25T17:53:00+00:00,2021-12-25T11:53:00-06:00,2021-12-25T11:53:00,FM-15,0.0,0.0,0,,16.093,21.7,76.0,4.1
bergstrom,USW00013904,2021-12-25T18:53:00+00:00,2021-12-25T12:53:00-06:00,2021-12-25T12:53:00,FM-15,0.0,0.0,0,,16.093,23.9,66.0,4.6
bergstrom,USW00013904,2021-12-25T19:27:00+00:00,2021-12-25T13:27:00-06:00,2021-12-25T13:27:00,FM-16,,,0,,16.093,24.4,64.0,4.6
bergstrom,USW00013904,2021-12-25T19:53:00+00:00,2021-12-25T13:53:00-06:00,2021-12-25T13:53:00,FM-15,0.0,0.0,0,,16.093,24.4,67.0,4.1
bergstrom,USW00013904,2021-12-25T20:53:00+00:00,2021-12-25T14:53:00-06:00,2021-12-25T14:53:00,FM-15,0.0,0.0,0,,16.093,25.6,62.0,3.1
bergstrom,USW00013904,2021-12-25T21:53:00+00:00,2021-12-25T15:53:00-06:00,2021-12-25T15:53:00,FM-15,0.0,0.0,0,,16.093,25.0,62.0,3.1
bergstrom,USW00013904,2021-12-25T22:53:00+00:00,2021-12-25T16:53:00-06:00,2021-12-25T16:53:00,FM-15,0.0,0.0,0,,16.093,24.4,67.0,3.1
bergstrom,USW00013904,2021-12-25T23:53:00+00:00,2021-12-25T17:53:00-06:00,2021-12-25T17:53:00,FM-15,0.0,0.0,0,,16.093,22.2,73.0,2.6
bergstrom,USW00013904,2021-12-26T00:53:00+00:00,2021-12-25T18:53:00-06:00,2021-12-25T18:53:00,FM-15,0.0,0.0,0,,16.093,17.2,93.0,0.0
bergstrom,USW00013904,2021-12-26T01:53:00+00:00,2021-12-25T19:53:00-06:00,2021-12-25T19:53:00,FM-15,0.0,0.0,0,,16.093,15.6,93.0,0.0
bergstrom,USW00013904,2021-12-26T02:53:00+00:00,2021-12-25T20:53:00-06:00,2021-12-25T20:53:00,FM-15,0.0,0.0,0,,12.875,13.3,97.0,0.0
bergstrom,USW00013904,2021-12-26T03:53:00+00:00,2021-12-25T21:53:00-06:00,2021-12-25T21:53:00,FM-15,0.0,0.0,0,,14.484,14.4,97.0,0.0
bergstrom,USW00013904,2021-12-26T04:53:00+00:00,2021-12-25T22:53:00-06:00,2021-12-25T22:53:00,FM-15,0.0,0.0,0,BR:1 |BR |,9.656,13.3,97.0,0.0
bergstrom,USW00013904,2021-12-26T05:18:00+00:00,2021-12-25T23:18:00-06:00,2021-12-25T23:18:00,FM-16,,,0,BR:1 |BR |,9.656,12.8,100.0,0.0
bergstrom,USW00013904,2021-12-26T05:53:00+00:00,2021-12-25T23:53:00-06:00,2021-12-25T23:53:00,FM-15,0.0,0.0,0,BR:1 |BR |,6.437,12.8,100.0,0.0
bergstrom,USW00013904,2021-12-26T06:37:00+00:00,2021-12-26T00:37:00-06:00,2021-12-26T00:37:00,FM-16,,,0,BR:1 |BR |,3.219,13.3,97.0,0.0
bergstrom,USW00013904,2021-12-26T06:51:00+00:00,2021-12-26T00:51:00-06:00,2021-12-26T00:51:00,FM-16,,,0,FG:2 |FG |,0.805,12.0,100.0,2.6
bergstrom,USW00013904,2021-12-26T06:53:00+00:00,2021-12-26T00:53:00-06:00,2021-12-26T00:53:00,FM-15,0.0,0.0,0,FG:2 |FG |,0.805,11.7,100.0,3.1
bergstrom,USW00013904,2021-12-26T07:06:00+00:00,2021-12-26T01:06:00-06:00,2021-12-26T01:06:00,FM-16,,,0,FG:2 |FG |,0.805,13.3,97.0,2.1
bergstrom,USW00013904,2021-12-26T07:27:00+00:00,2021-12-26T01:27:00-06:00,2021-12-26T01:27:00,FM-16,,,0,BR:1 |BR |,1.207,15.0,96.0,0.0
bergstrom,USW00013904,2021-12-26T07:32:00+00:00,2021-12-26T01:32:00-06:00,2021-12-26T01:32:00,FM-16,,,0,BR:1 |BR |,1.609,15.0,100.0,0.0
bergstrom,USW00013904,2021-12-26T07:49:00+00:00,2021-12-26T01:49:00-06:00,2021-12-26T01:49:00,FM-16,,,0,FG:2 |FG |,0.805,14.0,94.0,1.5
bergstrom,USW00013904,2021-12-26T07:53:00+00:00,2021-12-26T01:53:00-06:00,2021-12-26T01:53:00,FM-15,0.0,0.0,0,FG:2 |FG |,0.805,13.9,96.0,1.5
bergstrom,USW00013904,2021-12-26T08:08:00+00:00,2021-12-26T02:08:00-06:00,2021-12-26T02:08:00,FM-16,,,0,FG:2 |FG |,0.402,15.6,100.0,2.1
bergstrom,USW00013904,2021-12-26T08:51:00+00:00,2021-12-26T02:51:00-06:00,2021-12-26T02:51:00,FM-16,,,0,FG:2 |FG |,0.805,16.0,100.0,1.5
bergstrom,USW00013904,2021-12-26T08:53:00+00:00,2021-12-26T02:53:00-06:00,2021-12-26T02:53:00,FM-15,0.0,0.0,0,FG:2 |FG |,0.805,16.7,96.0,1.5
bergstrom,USW00013904,2021-12-26T09:02:00+00:00,2021-12-26T03:02:00-06:00,2021-12-26T03:02:00,FM-16,,,0,FG:2 |FG |,0.805,16.7,100.0,0.0
bergstrom,USW00013904,2021-12-26T09:31:00+00:00,2021-12-26T03:31:00-06:00,2021-12-26T03:31:00,FM-16,,,0,FG:2 |FG |,0.805,17.8,100.0,3.6
bergstrom,USW00013904,2021-12-26T09:51:00+00:00,2021-12-26T03:51:00-06:00,2021-12-26T03:51:00,FM-16,,,0,FG:2 |FG |,0.805,18.0,100.0,3.6
bergstrom,USW00013904,2021-12-26T09:53:00+00:00,2021-12-26T03:53:00-06:00,2021-12-26T03:53:00,FM-15,0.0,0.0,0,BR:1 |BR s |,0.805,17.8,100.0,3.1
bergstrom,USW00013904,2021-12-26T10:53:00+00:00,2021-12-26T04:53:00-06:00,2021-12-26T04:53:00,FM-15,0.0,0.0,0,BR:1 |BR s |,0.805,17.8,100.0,6.7
bergstrom,USW00013904,2021-12-26T11:53:00+00:00,2021-12-26T05:53:00-06:00,2021-12-26T05:53:00,FM-15,,T,1,-DZ:01 FG:2 |DZ FG |DZ,0.805,17.8,100.0,4.1
bergstrom,USW00013904,2021-12-26T12:53:00+00:00,2021-12-26T06:53:00-06:00,2021-12-26T06:53:00,FM-15,,T,1,-DZ:01 BR:1 |DZ s BR s |DZ s,0.805,17.8,100.0,3.1
bergstrom,USW00013904,2021-12-26T13:53:00+00:00,2021-12-26T07:53:00-06:00,2021-12-26T07:53:00,FM-15,,T,1,-DZ:01 BR:1 |DZ s BR s |DZ s,0.805,18.3,100.0,5.1
bergstrom,USW00013904,2021-12-26T14:29:00+00:00,2021-12-26T08:29:00-06:00,2021-12-26T08:29:00,FM-16,,,0,BR:1 |BR s |,0.805,18.3,100.0,4.6
bergstrom,USW00013904,2021-12-26T14:37:00+00:00,2021-12-26T08:37:00-06:00,2021-12-26T08:37:00,FM-16,,,0,BR:1 |BR |,4.828,18.3,100.0,4.1
bergstrom,USW00013904,2021-12-26T14:53:00+00:00,2021-12-26T08:53:00-06:00,2021-12-26T08:53:00,FM-15,,T,1,BR:1 |BR |,4.828,18.9,96.0,4.1
bergstrom,USW00013904,2021-12-26T15:51:00+00:00,2021-12-26T09:51:00-06:00,2021-12-26T09:51:00,FM-16,,,0,BR:1 |BR |,6.437,20.0,88.0,5.1
bergstrom,USW00013904,2021-12-26T15:53:00+00:00,2021-12-26T09:53:00-06:00,2021-12-26T09:53:00,FM-15,0.0,0.0,0,BR:1 |BR |,6.437,20.0,90.0,6.2
bergstrom,USW00013904,2021-12-26T16:53:00+00:00,2021-12-26T10:53:00-06:00,2021-12-26T10:53:00,FM-15,0.0,0.0,0,BR:1 |BR |,9.656,20.6,87.0,5.7
bergstrom,USW00013904,2021-12-26T17:53:00+00:00,2021-12-26T11:53:00-06:00,2021-12-26T11:53:00,FM-15,0.0,0.0,0,BR:1 |BR |,9.656,21.1,82.0,8.2
bergstrom,USW00013904,2021-12-26T18:51:00+00:00,2021-12-26T12:51:00-06:00,2021-12-26T12:51:00,FM-16,,,0,,11.265,22.0,78.0,8.2
bergstrom,USW00013904,2021-12-26T18:53:00+00:00,2021-12-26T12:53:00-06:00,2021-12-26T12:53:00,FM-15,0.0,0.0,0,,11.265,21.7,79.0,7.2
bergstrom,USW00013904,2021-12-26T19:51:00+00:00,2021-12-26T13:51:00-06:00,2021-12-26T13:51:00,FM-16,,,0,,16.093,22.0,78.0,7.7
bergstrom,USW00013904,2021-12-26T19:53:00+00:00,2021-12-26T13:53:00-06:00,2021-12-26T13:53:00,FM-15,0.0,0.0,0,,11.265,22.2,76.0,6.7
bergstrom,USW00013904,2021-12-26T20:22:00+00:00,2021-12-26T14:22:00-06:00,2021-12-26T14:22:00,FM-16,,,0,,12.875,23.3,71.0,6.2
bergstrom,USW00013904,2021-12-26T20:53:00+00:00,2021-12-26T14:53:00-06:00,2021-12-26T14:53:00,FM-15,0.0,0.0,0,,14.484,23.9,66.0,6.2
bergstrom,USW00013904,2021-12-26T21:53:00+00:00,2021-12-26T15:53:00-06:00,2021-12-26T15:53:00,FM-15,0.0,0.0,0,,16.093,25.0,60.0,7.2
bergstrom,USW00013904,2021-12-26T22:53:00+00:00,2021-12-26T16:53:00-06:00,2021-12-26T16:53:00,FM-15,0.0,0.0,0,,16.093,24.4,62.0,6.2
bergstrom,USW00013904,2021-12-26T23:53:00+00:00,2021-12-26T17:53:00-06:00,2021-12-26T17:53:00,FM-15,0.0,0.0,0,,16.093,20.0,78.0,3.1
bergstrom,USW00013904,2021-12-27T00:53:00+00:00,2021-12-26T18:53:00-06:00,2021-12-26T18:53:00,FM-15,0.0,0.0,0,,16.093,17.2,90.0,0.0
bergstrom,USW00013904,2021-12-27T01:53:00+00:00,2021-12-26T19:53:00-06:00,2021-12-26T19:53:00,FM-15,0.0,0.0,0,,16.093,15.0,96.0,0.0
bergstrom,USW00013904,2021-12-27T02:53:00+00:00,2021-12-26T20:53:00-06:00,2021-12-26T20:53:00,FM-15,0.0,0.0,0,,16.093,17.2,90.0,2.6
bergstrom,USW00013904,2021-12-27T03:53:00+00:00,2021-12-26T21:53:00-06:00,2021-12-26T21:53:00,FM-15,0.0,0.0,0,,16.093,18.9,93.0,5.7
bergstrom,USW00013904,2021-12-27T04:45:00+00:00,2021-12-26T22:45:00-06:00,2021-12-26T22:45:00,FM-16,,,0,,16.093,18.9,93.0,3.6
bergstrom,USW00013904,2021-12-27T04:53:00+00:00,2021-12-26T22:53:00-06:00,2021-12-26T22:53:00,FM-15,0.0,0.0,0,,16.093,19.4,91.0,2.6
bergstrom,USW00013904,2021-12-27T05:53:00+00:00,2021-12-26T23:53:00-06:00,2021-12-26T23:53:00,FM-15,0.0,0.0,0,,16.093,19.4,93.0,2.6
bergstrom,USW00013904,2021-12-27T06:09:00+00:00,2021-12-27T00:09:00-06:00,2021-12-27T00:09:00,FM-16,,,0,,16.093,19.4,93.0,2.6
bergstrom,USW00013904,2021-12-27T06:53:00+00:00,2021-12-27T00:53:00-06:00,2021-12-27T00:53:00,FM-15,0.0,0.0,0,,16.093,19.4,93.0,3.6
bergstrom,USW00013904,2021-12-27T07:53:00+00:00,2021-12-27T01:53:00-06:00,2021-12-27T01:53:00,FM-15,0.0,0.0,0,,16.093,19.4,93.0,3.6
bergstrom,USW00013904,2021-12-27T08:51:00+00:00,2021-12-27T02:51:00-06:00,2021-12-27T02:51:00,FM-16,,,0,,16.093,19.0,94.0,3.6
bergstrom,USW00013904,2021-12-27T08:53:00+00:00,2021-12-27T02:53:00-06:00,2021-12-27T02:53:00,FM-15,0.0,0.0,0,,16.093,19.4,93.0,3.1
bergstrom,USW00013904,2021-12-27T09:51:00+00:00,2021-12-27T03:51:00-06:00,2021-12-27T03:51:00,FM-16,,,0,,16.093,20.0,88.0,4.6
bergstrom,USW00013904,2021-12-27T09:53:00+00:00,2021-12-27T03:53:00-06:00,2021-12-27T03:53:00,FM-15,0.0,0.0,0,,16.093,20.0,87.0,4.1
bergstrom,USW00013904,2021-12-27T10:53:00+00:00,2021-12-27T04:53:00-06:00,2021-12-27T04:53:00,FM-15,0.0,0.0,0,,16.093,20.0,87.0,3.6
bergstrom,USW00013904,2021-12-27T11:53:00+00:00,2021-12-27T05:53:00-06:00,2021-12-27T05:53:00,FM-15,0.0,0.0,0,,16.093,20.0,87.0,4.6
bergstrom,USW00013904,2021-12-27T12:53:00+00:00,2021-12-27T06:53:00-06:00,2021-12-27T06:53:00,FM-15,0.0,0.0,0,,16.093,20.0,87.0,4.6
bergstrom,USW00013904,2021-12-27T13:53:00+00:00,2021-12-27T07:53:00-06:00,2021-12-27T07:53:00,FM-15,0.0,0.0,0,,16.093,20.0,87.0,4.6
bergstrom,USW00013904,2021-12-27T14:21:00+00:00,2021-12-27T08:21:00-06:00,2021-12-27T08:21:00,FM-16,,,0,,16.093,20.0,87.0,3.1
bergstrom,USW00013904,2021-12-27T14:53:00+00:00,2021-12-27T08:53:00-06:00,2021-12-27T08:53:00,FM-15,0.0,0.0,0,,16.093,20.6,84.0,4.6
bergstrom,USW00013904,2021-12-27T15:53:00+00:00,2021-12-27T09:53:00-06:00,2021-12-27T09:53:00,FM-15,0.0,0.0,0,,16.093,21.1,82.0,6.7
bergstrom,USW00013904,2021-12-27T16:53:00+00:00,2021-12-27T10:53:00-06:00,2021-12-27T10:53:00,FM-15,0.0,0.0,0,,16.093,22.2,73.0,7.7
bergstrom,USW00013904,2021-12-27T17:43:00+00:00,2021-12-27T11:43:00-06:00,2021-12-27T11:43:00,FM-16,,,0,,16.093,22.8,71.0,5.7
bergstrom,USW00013904,2021-12-27T17:53:00+00:00,2021-12-27T11:53:00-06:00,2021-12-27T11:53:00,FM-15,0.0,0.0,0,,16.093,22.8,71.0,6.7
bergstrom,USW00013904,2021-12-27T18:53:00+00:00,2021-12-27T12:53:00-06:00,2021-12-27T12:53:00,FM-15,0.0,0.0,0,,16.093,24.4,64.0,4.1
bergstrom,USW00013904,2021-12-27T19:53:00+00:00,2021-12-27T13:53:00-06:00,2021-12-27T13:53:00,FM-15,0.0,0.0,0,,16.093,26.7,51.0,5.1
bergstrom,USW00013904,2021-12-27T20:53:00+00:00,2021-12-27T14:53:00-06:00,2021-12-27T14:53:00,FM-15,0.0,0.0,0,,16.093,26.1,54.0,3.1
bergstrom,USW00013904,2021-12-27T21:53:00+00:00,2021-12-27T15:53:00-06:00,2021-12-27T15:53:00,FM-15,0.0,0.0,0,,16.093,26.7,54.0,4.6
bergstrom,USW00013904,2021-12-27T22:53:00+00:00,2021-12-27T16:53:00-06:00,2021-12-27T16:53:00,FM-15,0.0,0.0,0,,16.093,25.6,58.0,5.7
bergstrom,USW00013904,2021-12-27T23:53:00+00:00,2021-12-27T17:53:00-06:00,2021-12-27T17:53:00,FM-15,0.0,0.0,0,,16.093,22.8,69.0,3.1
bergstrom,USW00013904,2021-12-28T00:53:00+00:00,2021-12-27T18:53:00-06:00,2021-12-27T18:53:00,FM-15,0.0,0.0,0,,16.093,21.7,73.0,3.6
bergstrom,USW00013904,2021-12-28T01:53:00+00:00,2021-12-27T19:53:00-06:00,2021-12-27T19:53:00,FM-15,0.0,0.0,0,,16.093,21.1,82.0,4.6
bergstrom,USW00013904,2021-12-28T02:53:00+00:00,2021-12-27T20:53:00-06:00,2021-12-27T20:53:00,FM-15,0.0,0.0,0,,16.093,20.6,84.0,3.6
bergstrom,USW00013904,2021-12-28T03:53:00+00:00,2021-12-27T21:53:00-06:00,2021-12-27T21:53:00,FM-15,0.0,0.0,0,,16.093,20.0,87.0,4.6
bergstrom,USW00013904,2021-12-28T04:53:00+00:00,2021-12-27T22:53:00-06:00,2021-12-27T22:53:00,FM-15,0.0,0.0,0,,16.093,19.4,91.0,4.1
bergstrom,USW00013904,2021-12-28T05:27:00+00:00,2021-12-27T23:27:00-06:00,2021-12-27T23:27:00,FM-16,,,0,,16.093,19.4,91.0,4.6
bergstrom,USW00013904,2021-12-28T05:53:00+00:00,2021-12-27T23:53:00-06:00,2021-12-27T23:53:00,FM-15,0.0,0.0,0,,16.093,20.0,90.0,3.6
bergstrom,USW00013904,2021-12-28T06:53:00+00:00,2021-12-28T00:53:00-06:00,2021-12-28T00:53:00,FM-15,0.0,0.0,0,,16.093,20.0,90.0,5.1
bergstrom,USW00013904,2021-12-28T07:53:00+00:00,2021-12-28T01:53:00-06:00,2021-12-28T01:53:00,FM-15,0.0,0.0,0,,16.093,20.0,90.0,7.2
bergstrom,USW00013904,2021-12-28T08:26:00+00:00,2021-12-28T02:26:00-06:00,2021-12-28T02:26:00,FM-16,,,0,,16.093,20.0,90.0,7.2
bergstrom,USW00013904,2021-12-28T08:53:00+00:00,2021-12-28T02:53:00-06:00,2021-12-28T02:53:00,FM-15,0.0,0.0,0,,16.093,20.6,87.0,4.6
bergstrom,USW00013904,2021-12-28T09:53:00+00:00,2021-12-28T03:53:00-06:00,2021-12-28T03:53:00,FM-15,0.0,0.0,0,,16.093,20.6,87.0,5.7
bergstrom,USW00013904,2021-12-28T10:12:00+00:00,2021-12-28T04:12:00-06:00,2021-12-28T04:12:00,FM-16,,,0,,16.093,20.6,87.0,5.1
bergstrom,USW00013904,2021-12-28T10:53:00+00:00,2021-12-28T04:53:00-06:00,2021-12-28T04:53:00,FM-15,0.0,0.0,0,,16.093,20.6,90.0,5.1
bergstrom,USW00013904,2021-12-28T11:51:00+00:00,2021-12-28T05:51:00-06:00,2021-12-28T05:51:00,FM-16,,,0,,16.093,21.0,88.0,4.1
bergstrom,USW00013904,2021-12-28T11:53:00+00:00,2021-12-28T05:53:00-06:00,2021-12-28T05:53:00,FM-15,0.0,0.0,0,,16.093,20.6,90.0,5.7
bergstrom,USW00013904,2021-12-28T12:53:00+00:00,2021-12-28T06:53:00-06:00,2021-12-28T06:53:00,FM-15,0.0,0.0,0,,16.093,21.1,84.0,4.6
bergstrom,USW00013904,2021-12-28T13:53:00+00:00,2021-12-28T07:53:00-06:00,2021-12-28T07:53:00,FM-15,0.0,0.0,0,,16.093,21.1,82.0,6.7
bergstrom,USW00013904,2021-12-28T14:53:00+00:00,2021-12-28T08:53:00-06:00,2021-12-28T08:53:00,FM-15,0.0,0.0,0,,16.093,20.6,81.0,2.6
bergstrom,USW00013904,2021-12-28T15:53:00+00:00,2021-12-28T09:53:00-06:00,2021-12-28T09:53:00,FM-15,,T,1,-RA:02 |RA |RA,11.265,20.0,90.0,2.6
bergstrom,USW00013904,2021-12-28T16:53:00+00:00,2021-12-28T10:53:00-06:00,2021-12-28T10:53:00,FM-15,,T,1,-RA:02 |RA |RA,16.093,21.1,82.0,2.6
bergstrom,USW00013904,2021-12-28T17:53:00+00:00,2021-12-28T11:53:00-06:00,2021-12-28T11:53:00,FM-15,,T,1,,16.093,21.1,82.0,2.1
bergstrom,USW00013904,2021-12-28T18:53:00+00:00,2021-12-28T12:53:00-06:00,2021-12-28T12:53:00,FM-15,0.0,0.0,0,,16.093,22.2,73.0,2.1
bergstrom,USW00013904,2021-12-28T19:12:00+00:00,2021-12-28T13:12:00-06:00,2021-12-28T13:12:00,FM-16,,,0,,16.093,22.2,73.0,4.1
bergstrom,USW00013904,2021-12-28T19:53:00+00:00,2021-12-28T13:53:00-06:00,2021-12-28T13:53:00,FM-15,0.0,0.0,0,,16.093,21.7,76.0,3.1
bergstrom,USW00013904,2021-12-28T20:53:00+00:00,2021-12-28T14:53:00-06:00,2021-12-28T14:53:00,FM-15,0.0,0.0,0,,16.093,22.2,73.0,3.6
bergstrom,USW00013904,2021-12-28T21:53:00+00:00,2021-12-28T15:53:00-06:00,2021-12-28T15:53:00,FM-15,0.0,0.0,0,,16.093,22.2,71.0,2.6
bergstrom,USW00013904,2021-12-28T22:53:00+00:00,2021-12-28T16:53:00-06:00,2021-12-28T16:53:00,FM-15,0.0,0.0,0,,16.093,22.8,69.0,0.0
bergstrom,USW00013904,2021-12-28T23:53:00+00:00,2021-12-28T17:53:00-06:00,2021-12-28T17:53:00,FM-15,0.0,0.0,0,,16.093,19.4,84.0,0.0
bergstrom,USW00013904,2021-12-29T00:53:00+00:00,2021-12-28T18:53:00-06:00,2021-12-28T18:53:00,FM-15,0.0,0.0,0,,16.093,16.7,93.0,0.0
bergstrom,USW00013904,2021-12-29T01:53:00+00:00,2021-12-28T19:53:00-06:00,2021-12-28T19:53:00,FM-15,0.0,0.0,0,,16.093,16.1,93.0,0.0
bergstrom,USW00013904,2021-12-29T02:53:00+00:00,2021-12-28T20:53:00-06:00,2021-12-28T20:53:00,FM-15,0.0,0.0,0,,11.265,15.6,93.0,1.5
bergstrom,USW00013904,2021-12-29T03:53:00+00:00,2021-12-28T21:53:00-06:00,2021-12-28T21:53:00,FM-15,0.0,0.0,0,,12.875,13.9,96.0,0.0
bergstrom,USW00013904,2021-12-29T04:53:00+00:00,2021-12-28T22:53:00-06:00,2021-12-28T22:53:00,FM-15,0.0,0.0,0,BCFG:2 BR:1 |FG BR |,9.656,13.9,93.0,0.0
bergstrom,USW00013904,2021-12-29T05:53:00+00:00,2021-12-28T23:53:00-06:00,2021-12-28T23:53:00,FM-15,0.0,0.0,0,BCFG:2 BR:1 |FG BR |,9.656,12.2,97.0,0.0
bergstrom,USW00013904,2021-12-29T06:46:00+00:00,2021-12-29T00:46:00-06:00,2021-12-29T00:46:00,FM-16,,,0,BCFG:2 BR:1 |FG BR |,8.047,13.3,97.0,1.5
bergstrom,USW00013904,2021-12-29T06:53:00+00:00,2021-12-29T00:53:00-06:00,2021-12-29T00:53:00,FM-15,0.0,0.0,0,BCFG:2 BR:1 |FG BR |,8.047,13.3,100.0,1.5
bergstrom,USW00013904,2021-12-29T07:09:00+00:00,2021-12-29T01:09:00-06:00,2021-12-29T01:09:00,FM-16,,,0,BCFG:2 BR:1 |FG BR |,6.437,14.4,97.0,1.5
bergstrom,USW00013904,2021-12-29T07:41:00+00:00,2021-12-29T01:41:00-06:00,2021-12-29T01:41:00,FM-16,,,0,BCFG:2 BR:1 |FG BR |,4.828,15.6,96.0,0.0
bergstrom,USW00013904,2021-12-29T07:53:00+00:00,2021-12-29T01:53:00-06:00,2021-12-29T01:53:00,FM-15,0.0,0.0,0,BCFG:2 BR:1 |FG BR |,4.828,16.1,93.0,0.0
bergstrom,USW00013904,2021-12-29T08:05:00+00:00,2021-12-29T02:05:00-06:00,2021-12-29T02:05:00,FM-16,,,0,BCFG:2 BR:1 |FG s BR s |,0.805,16.1,97.0,0.0
bergstrom,USW00013904,2021-12-29T08:43:00+00:00,2021-12-29T02:43:00-06:00,2021-12-29T02:43:00,FM-16,,,1,-DZ:01 FG:2 |DZ FG |DZ,0.805,16.1,100.0,1.5
bergstrom,USW00013904,2021-12-29T08:53:00+00:00,2021-12-29T02:53:00-06:00,2021-12-29T02:53:00,FM-15,,T,1,-DZ:01 FG:2 |DZ FG |DZ,0.805,16.7,96.0,0.0
bergstrom,USW00013904,2021-12-29T09:01:00+00:00,2021-12-29T03:01:00-06:00,2021-12-29T03:01:00,FM-16,,,0,FG:2 |FG |,0.805,16.7,100.0,0.0
bergstrom,USW00013904,2021-12-29T09:53:00+00:00,2021-12-29T03:53:00-06:00,2021-12-29T03:53:00,FM-15,0.0,0.0,0,BR:1 |BR s |,0.805,17.8,96.0,0.0
bergstrom,USW00013904,2021-12-29T10:05:00+00:00,2021-12-29T04:05:00-06:00,2021-12-29T04:05:00,FM-16,,,0,BR:1 |BR s |,0.805,17.8,96.0,0.0
bergstrom,USW00013904,2021-12-29T10:50:00+00:00,2021-12-29T04:50:00-06:00,2021-12-29T04:50:00,FM-16,,,0,BR:1 |BR s |,0.805,18.0,100.0,1.5
bergstrom,USW00013904,2021-12-29T10:53:00+00:00,2021-12-29T04:53:00-06:00,2021-12-29T04:53:00,FM-15,0.0,0.0,0,BR:1 |BR s |,0.805,18.9,96.0,1.5
bergstrom,USW00013904,2021-12-29T11:53:00+00:00,2021-12-29T05:53:00-06:00,2021-12-29T05:53:00,FM-15,0.0,0.0,0,BR:1 |BR s |,0.805,18.9,100.0,2.6
bergstrom,USW00013904,2021-12-29T12:01:00+00:00,2021-12-29T06:01:00-06:00,2021-12-29T06:01:00,FM-16,,,0,BR:1 |BR |,1.609,18.9,96.0,2.6
bergstrom,USW00013904,2021-12-29T12:53:00+00:00,2021-12-29T06:53:00-06:00,2021-12-29T06:53:00,FM-15,0.0,0.0,0,BR:1 |BR |,2.012,19.4,97.0,3.6
bergstrom,USW00013904,2021-12-29T13:25:00+00:00,2021-12-29T07:25:00-06:00,2021-12-29T07:25:00,FM-16,,,0,BR:1 |BR |,2.012,18.9,100.0,3.6
bergstrom,USW00013904,2021-12-29T13:51:00+00:00,2021-12-29T07:51:00-06:00,2021-12-29T07:51:00,FM-16,,,0,BR:1 |BR |,2.012,19.0,100.0,2.6
bergstrom,USW00013904,2021-12-29T13:53:00+00:00,2021-12-29T07:53:00-06:00,2021-12-29T07:53:00,FM-15,0.0,0.0,0,BR:1 |BR |,1.207,18.9,100.0,3.1
bergstrom,USW00013904,2021-12-29T14:53:00+00:00,2021-12-29T08:53:00-06:00,2021-12-29T08:53:00,FM-15,0.0,0.0,0,BR:1 |BR |,1.207,20.0,96.0,2.6
bergstrom,USW00013904,2021-12-29T15:00:00+00:00,2021-12-29T09:00:00-06:00,2021-12-29T09:00:00,FM-16,,,0,BR:1 |BR |,1.609,20.6,93.0,2.1
bergstrom,USW00013904,2021-12-29T15:53:00+00:00,2021-12-29T09:53:00-06:00,2021-12-29T09:53:00,FM-15,0.0,0.0,0,BR:1 |BR |,1.609,22.2,84.0,2.6
bergstrom,USW00013904,2021-12-29T15:55:00+00:00,2021-12-29T09:55:00-06:00,2021-12-29T09:55:00,FM-16,,,0,BR:1 |BR |,3.219,22.2,87.0,2.1
bergstrom,USW00013904,2021-12-29T16:53:00+00:00,2021-12-29T10:53:00-06:00,2021-12-29T10:53:00,FM-15,0.0,0.0,0,BR:1 |BR |,3.219,22.8,79.0,3.1
bergstrom,USW00013904,2021-12-29T17:06:00+00:00,2021-12-29T11:06:00-06:00,2021-12-29T11:06:00,FM-16,,,0,,11.265,22.8,81.0,3.1
bergstrom,USW00013904,2021-12-29T17:53:00+00:00,2021-12-29T11:53:00-06:00,2021-12-29T11:53:00,FM-15,0.0,0.0,0,,14.484,23.9,76.0,3.1
bergstrom,USW00013904,2021-12-29T18:32:00+00:00,2021-12-29T12:32:00-06:00,2021-12-29T12:32:00,FM-16,,,0,,16.093,24.4,72.0,3.1
bergstrom,USW00013904,2021-12-29T18:53:00+00:00,2021-12-29T12:53:00-06:00,2021-12-29T12:53:00,FM-15,0.0,0.0,0,,16.093,25.6,67.0,4.1
bergstrom,USW00013904,2021-12-29T19:53:00+00:00,2021-12-29T13:53:00-06:00,2021-12-29T13:53:00,FM-15,0.0,0.0,0,,16.093,27.2,58.0,0.0
bergstrom,USW00013904,2021-12-29T20:53:00+00:00,2021-12-29T14:53:00-06:00,2021-12-29T14:53:00,FM-15,0.0,0.0,0,,16.093,27.2,58.0,2.6
bergstrom,USW00013904,2021-12-29T21:53:00+00:00,2021-12-29T15:53:00-06:00,2021-12-29T15:53:00,FM-15,0.0,0.0,0,,16.093,26.7,54.0,5.1
bergstrom,USW00013904,2021-12-29T22:53:00+00:00,2021-12-29T16:53:00-06:00,2021-12-29T16:53:00,FM-15,0.0,0.0,0,,16.093,26.1,54.0,3.6
bergstrom,USW00013904,2021-12-29T23:53:00+00:00,2021-12-29T17:53:00-06:00,2021-12-29T17:53:00,FM-15,0.0,0.0,0,,16.093,22.8,59.0,2.1
bergstrom,USW00013904,2021-12-30T00:53:00+00:00,2021-12-29T18:53:00-06:00,2021-12-29T18:53:00,FM-15,0.0,0.0,0,,16.093,20.6,70.0,2.1
bergstrom,USW00013904,2021-12-30T01:53:00+00:00,2021-12-29T19:53:00-06:00,2021-12-29T19:53:00,FM-15,0.0,0.0,0,,16.093,17.8,81.0,0.0
bergstrom,USW00013904,2021-12-30T02:53:00+00:00,2021-12-29T20:53:00-06:00,2021-12-29T20:53:00,FM-15,0.0,0.0,0,,16.093,17.2,84.0,0.0
bergstrom,USW00013904,2021-12-30T03:53:00+00:00,2021-12-29T21:53:00-06:00,2021-12-29T21:53:00,FM-15,0.0,0.0,0,,16.093,15.6,90.0,1.5
bergstrom,USW00013904,2021-12-30T04:53:00+00:00,2021-12-29T22:53:00-06:00,2021-12-29T22:53:00,FM-15,0.0,0.0,0,,16.093,14.4,93.0,0.0
bergstrom,USW00013904,2021-12-30T05:53:00+00:00,2021-12-29T23:53:00-06:00,2021-12-29T23:53:00,FM-15,0.0,0.0,0,,14.484,13.9,93.0,0.0
bergstrom,USW00013904,2021-12-30T06:53:00+00:00,2021-12-30T00:53:00-06:00,2021-12-30T00:53:00,FM-15,0.0,0.0,0,,16.093,13.3,97.0,1.5
bergstrom,USW00013904,2021-12-30T07:53:00+00:00,2021-12-30T01:53:00-06:00,2021-12-30T01:53:00,FM-15,0.0,0.0,0,,16.093,11.7,100.0,0.0
bergstrom,USW00013904,2021-12-30T08:53:00+00:00,2021-12-30T02:53:00-06:00,2021-12-30T02:53:00,FM-15,0.0,0.0,0,,16.093,11.7,96.0,2.1
bergstrom,USW00013904,2021-12-30T09:53:00+00:00,2021-12-30T03:53:00-06:00,2021-12-30T03:53:00,FM-15,0.0,0.0,0,,16.093,11.1,97.0,0.0
bergstrom,USW00013904,2021-12-30T10:53:00+00:00,2021-12-30T04:53:00-06:00,2021-12-30T04:53:00,FM-15,0.0,0.0,0,,16.093,13.3,93.0,2.1
bergstrom,USW00013904,2021-12-30T11:53:00+00:00,2021-12-30T05:53:00-06:00,2021-12-30T05:53:00,FM-15,0.0,0.0,0,,16.093,13.9,90.0,1.5
bergstrom,USW00013904,2021-12-30T12:53:00+00:00,2021-12-30T06:53:00-06:00,2021-12-30T06:53:00,FM-15,0.0,0.0,0,,16.093,14.4,87.0,0.0
bergstrom,USW00013904,2021-12-30T13:53:00+00:00,2021-12-30T07:53:00-06:00,2021-12-30T07:53:00,FM-15,0.0,0.0,0,,16.093,14.4,87.0,0.0
bergstrom,USW00013904,2021-12-30T14:53:00+00:00,2021-12-30T08:53:00-06:00,2021-12-30T08:53:00,FM-15,0.0,0.0,0,,16.093,16.7,80.0,0.0
bergstrom,USW00013904,2021-12-30T15:53:00+00:00,2021-12-30T09:53:00-06:00,2021-12-30T09:53:00,FM-15,,T,1,,16.093,18.3,70.0,1.5
bergstrom,USW00013904,2021-12-30T16:53:00+00:00,2021-12-30T10:53:00-06:00,2021-12-30T10:53:00,FM-15,0.0,0.0,0,,16.093,21.1,66.0,0.0
bergstrom,USW00013904,2021-12-30T17:53:00+00:00,2021-12-30T11:53:00-06:00,2021-12-30T11:53:00,FM-15,0.0,0.0,0,,16.093,22.8,64.0,1.5
bergstrom,USW00013904,2021-12-30T18:53:00+00:00,2021-12-30T12:53:00-06:00,2021-12-30T12:53:00,FM-15,0.0,0.0,0,,16.093,25.0,62.0,0.0
bergstrom,USW00013904,2021-12-30T19:53:00+00:00,2021-12-30T13:53:00-06:00,2021-12-30T13:53:00,FM-15,0.0,0.0,0,,16.093,27.2,54.0,4.1
bergstrom,USW00013904,2021-12-30T20:53:00+00:00,2021-12-30T14:53:00-06:00,2021-12-30T14:53:00,FM-15,0.0,0.0,0,,16.093,27.2,53.0,4.1
bergstrom,USW00013904,2021-12-30T21:53:00+00:00,2021-12-30T15:53:00-06:00,2021-12-30T15:53:00,FM-15,0.0,0.0,0,,16.093,27.8,49.0,3.6
bergstrom,USW00013904,2021-12-30T22:53:00+00:00,2021-12-30T16:53:00-06:00,2021-12-30T16:53:00,FM-15,0.0,0.0,0,,16.093,26.1,52.0,3.6
bergstrom,USW00013904,2021-12-30T23:53:00+00:00,2021-12-30T17:53:00-06:00,2021-12-30T17:53:00,FM-15,0.0,0.0,0,,16.093,23.9,66.0,3.1
bergstrom,USW00013904,2021-12-31T00:53:00+00:00,2021-12-30T18:53:00-06:00,2021-12-30T18:53:00,FM-15,0.0,0.0,0,,16.093,21.1,84.0,4.6
bergstrom,USW00013904,2021-12-31T01:53:00+00:00,2021-12-30T19:53:00-06:00,2021-12-30T19:53:00,FM-15,0.0,0.0,0,,16.093,19.4,91.0,3.1
bergstrom,USW00013904,2021-12-31T02:53:00+00:00,2021-12-30T20:53:00-06:00,2021-12-30T20:53:00,FM-15,0.0,0.0,0,,14.484,16.1,93.0,0.0
bergstrom,USW00013904,2021-12-31T03:53:00+00:00,2021-12-30T21:53:00-06:00,2021-12-30T21:53:00,FM-15,0.0,0.0,0,,14.484,16.1,100.0,0.0
bergstrom,USW00013904,2021-12-31T04:53:00+00:00,2021-12-30T22:53:00-06:00,2021-12-30T22:53:00,FM-15,0.0,0.0,0,BR:1 |BR |,9.656,16.1,97.0,1.5
bergstrom,USW00013904,2021-12-31T05:24:00+00:00,2021-12-30T23:24:00-06:00,2021-12-30T23:24:00,FM-16,,,0,BR:1 |BR |,6.437,14.4,97.0,0.0
bergstrom,USW00013904,2021-12-31T05:51:00+00:00,2021-12-30T23:51:00-06:00,2021-12-30T23:51:00,FM-16,,,0,BR:1 |BR |,6.437,17.0,94.0,1.5
bergstrom,USW00013904,2021-12-31T05:53:00+00:00,2021-12-30T23:53:00-06:00,2021-12-30T23:53:00,FM-15,0.0,0.0,0,BR:1 |BR |,6.437,16.7,100.0,1.5
bergstrom,USW00013904,2021-12-31T06:53:00+00:00,2021-12-31T00:53:00-06:00,2021-12-31T00:53:00,FM-15,0.0,0.0,0,BR:1 |BR |,6.437,18.3,97.0,1.5
bergstrom,USW00013904,2021-12-31T07:50:00+00:00,2021-12-31T01:50:00-06:00,2021-12-31T01:50:00,FM-16,,,0,BR:1 |BR |,4.023,19.0,94.0,0.0
bergstrom,USW00013904,2021-12-31T07:53:00+00:00,2021-12-31T01:53:00-06:00,2021-12-31T01:53:00,FM-15,0.0,0.0,0,BR:1 |BR |,4.023,18.9,96.0,1.5
bergstrom,USW00013904,2021-12-31T08:13:00+00:00,2021-12-31T02:13:00-06:00,2021-12-31T02:13:00,FM-16,,,0,BR:1 |BR |,3.219,19.4,97.0,2.6
bergstrom,USW00013904,2021-12-31T08:51:00+00:00,2021-12-31T02:51:00-06:00,2021-12-31T02:51:00,FM-16,,,0,BR:1 |BR |,1.609,19.0,100.0,3.1
bergstrom,USW00013904,2021-12-31T08:53:00+00:00,2021-12-31T02:53:00-06:00,2021-12-31T02:53:00,FM-15,0.0,0.0,0,BR:1 |BR |,1.609,18.9,100.0,3.1
bergstrom,USW00013904,2021-12-31T09:53:00+00:00,2021-12-31T03:53:00-06:00,2021-12-31T03:53:00,FM-15,0.0,0.0,0,BR:1 |BR |,1.609,18.9,96.0,3.6
bergstrom,USW00013904,2021-12-31T10:04:00+00:00,2021-12-31T04:04:00-06:00,2021-12-31T04:04:00,FM-16,,,0,BR:1 |BR s |,0.805,18.9,100.0,2.1
bergstrom,USW00013904,2021-12-31T10:53:00+00:00,2021-12-31T04:53:00-06:00,2021-12-31T04:53:00,FM-15,0.0,0.0,0,BR:1 |BR s |,0.805,18.3,100.0,3.6
bergstrom,USW00013904,2021-12-31T11:53:00+00:00,2021-12-31T05:53:00-06:00,2021-12-31T05:53:00,FM-15,0.0,0.0,0,BR:1 |BR s |,0.805,18.3,100.0,4.1
bergstrom,USW00013904,2021-12-31T12:29:00+00:00,2021-12-31T06:29:00-06:00,2021-12-31T06:29:00,FM-16,,,0,BR:1 |BR |,1.609,18.3,100.0,2.1
bergstrom,USW00013904,2021-12-31T12:53:00+00:00,2021-12-31T06:53:00-06:00,2021-12-31T06:53:00,FM-15,0.0,0.0,0,BR:1 |BR |,1.609,18.9,96.0,2.6
bergstrom,USW00013904,2021-12-31T13:36:00+00:00,2021-12-31T07:36:00-06:00,2021-12-31T07:36:00,FM-16,,,1,-DZ:01 BR:1 |DZ BR |DZ,4.828,18.9,96.0,2.6
bergstrom,USW00013904,2021-12-31T13:53:00+00:00,2021-12-31T07:53:00-06:00,2021-12-31T07:53:00,FM-15,,T,1,BR:1 |BR |,4.828,18.9,96.0,3.1
bergstrom,USW00013904,2021-12-31T14:21:00+00:00,2021-12-31T08:21:00-06:00,2021-12-31T08:21:00,FM-16,,,0,BR:1 |BR |,3.219,19.4,97.0,3.6
bergstrom,USW00013904,2021-12-31T14:37:00+00:00,2021-12-31T08:37:00-06:00,2021-12-31T08:37:00,FM-16,,,0,BR:1 |BR |,3.219,19.4,97.0,5.1
bergstrom,USW00013904,2021-12-31T14:53:00+00:00,2021-12-31T08:53:00-06:00,2021-12-31T08:53:00,FM-15,,T,1,-DZ:01 BR:1 |DZ BR |DZ,3.219,19.4,97.0,3.1
bergstrom,USW00013904,2021-12-31T15:44:00+00:00,2021-12-31T09:44:00-06:00,2021-12-31T09:44:00,FM-16,,,1,-DZ:01 BR:1 |DZ BR |DZ,3.219,20.0,93.0,6.2
bergstrom,USW00013904,2021-12-31T15:53:00+00:00,2021-12-31T09:53:00-06:00,2021-12-31T09:53:00,FM-15,,T,1,-DZ:01 BR:1 |DZ BR |DZ,3.219,20.0,96.0,4.6
bergstrom,USW00013904,2021-12-31T16:53:00+00:00,2021-12-31T10:53:00-06:00,2021-12-31T10:53:00,FM-15,0.0,0.0,0,,3.219,21.1,90.0,6.2
bergstrom,USW00013904,2021-12-31T16:57:00+00:00,2021-12-31T10:57:00-06:00,2021-12-31T10:57:00,FM-16,,,0,,12.875,21.1,90.0,6.7
bergstrom,USW00013904,2021-12-31T17:53:00+00:00,2021-12-31T11:53:00-06:00,2021-12-31T11:53:00,FM-15,0.0,0.0,0,,12.875,22.2,82.0,6.7
bergstrom,USW00013904,2021-12-31T18:53:00+00:00,2021-12-31T12:53:00-06:00,2021-12-31T12:53:00,FM-15,0.0,0.0,0,,12.875,24.4,72.0,6.7
bergstrom,USW00013904,2021-12-31T19:51:00+00:00,2021-12-31T13:51:00-06:00,2021-12-31T13:51:00,FM-16,,,0,,16.093,26.0,65.0,5.1
bergstrom,USW00013904,2021-12-31T19:53:00+00:00,2021-12-31T13:53:00-06:00,2021-12-31T13:53:00,FM-15,0.0,0.0,0,,16.093,25.6,69.0,5.1
bergstrom,USW00013904,2021-12-31T20:53:00+00:00,2021-12-31T14:53:00-06:00,2021-12-31T14:53:00,FM-15,0.0,0.0,0,,16.093,27.8,58.0,7.7
bergstrom,USW00013904,2021-12-31T21:53:00+00:00,2021-12-31T15:53:00-06:00,2021-12-31T15:53:00,FM-15,0.0,0.0,0,,16.093,28.3,55.0,6.7
bergstrom,USW00013904,2021-12-31T22:53:00+00:00,2021-12-31T16:53:00-06:00,2021-12-31T16:53:00,FM-15,0.0,0.0,0,,16.093,26.7,62.0,7.2
bergstrom,USW00013904,2021-12-31T23:53:00+00:00,2021-12-31T17:53:00-06:00,2021-12-31T17:53:00,FM-15,0.0,0.0,0,,16.093,25.0,69.0,5.1
bergstrom,USW00013904,2022-01-01T00:53:00+00:00,2021-12-31T18:53:00-06:00,2021-12-31T18:53:00,FM-15,0.0,0.0,0,,16.093,23.3,76.0,5.7
bergstrom,USW00013904,2022-01-01T01:36:00+00:00,2021-12-31T19:36:00-06:00,2021-12-31T19:36:00,FM-16,,,0,,16.093,22.8,81.0,4.6
bergstrom,USW00013904,2022-01-01T01:53:00+00:00,2021-12-31T19:53:00-06:00,2021-12-31T19:53:00,FM-15,0.0,0.0,0,,16.093,22.8,81.0,4.6
bergstrom,USW00013904,2022-01-01T02:53:00+00:00,2021-12-31T20:53:00-06:00,2021-12-31T20:53:00,FM-15,0.0,0.0,0,,16.093,23.3,82.0,5.7
bergstrom,USW00013904,2022-01-01T03:53:00+00:00,2021-12-31T21:53:00-06:00,2021-12-31T21:53:00,FM-15,0.0,0.0,0,,16.093,22.8,87.0,5.7
bergstrom,USW00013904,2022-01-01T04:53:00+00:00,2021-12-31T22:53:00-06:00,2021-12-31T22:53:00,FM-15,0.0,0.0,0,,16.093,22.8,87.0,6.2
bergstrom,USW00013904,2022-01-01T05:53:00+00:00,2021-12-31T23:53:00-06:00,2021-12-31T23:53:00,FM-15,0.0,0.0,0,,16.093,23.3,85.0,6.7
